transaction_id,account_id,merchant_id,transaction_timestamp,transaction_type,amount,payment_channel,status,currency
T000001,A00439,M0010,2025-08-02 19:50:28,Withdrawal,25000.0,Card,Failed,INR
T000002,A00430,M0059,2024-09-08 00:57:29,Withdrawal,26000.0,Wallet,Failed,INR
T000003,A00152,M0090,2025-07-13 11:24:55,Withdrawal,27000.0,Card,Failed,INR
T000004,A00302,M0055,2025-11-26 21:38:49,Transfer,28000.0,Card,Failed,INR
T000005,A00278,M0020,2025-11-29 08:06:30,Purchase,29000.0,Wallet,Failed,INR
T000006,A00139,M0081,2024-03-30 07:15:41,Transfer,30000.0,NetBanking,Failed,INR
T000007,A00176,M0017,2025-03-21 06:38:28,Purchase,31000.0,Wallet,Failed,INR
T000008,A00008,M0068,2024-11-27 08:58:42,Purchase,32000.0,UPI,Failed,INR
T000009,A00295,M0005,2024-05-18 14:05:10,Purchase,33000.0,Wallet,Failed,INR
T000010,A00235,M0060,2024-12-22 03:53:32,Bill_Payment,34000.0,Card,Failed,INR
T000011,A00163,M0023,2025-08-23 09:41:29,Purchase,35000.0,UPI,Failed,INR
T000012,A00049,M0046,2024-09-30 04:50:12,Purchase,36000.0,UPI,Failed,INR
T000013,A00302,M0052,2024-01-19 06:50:57,Refund,37000.0,UPI,Failed,INR
T000014,A00038,M0010,2024-11-06 01:34:16,Bill_Payment,38000.0,UPI,Failed,INR
T000015,A00136,M0046,2024-06-02 02:29:27,Purchase,39000.0,NetBanking,Failed,INR
T000016,A00310,M0028,2025-01-24 23:35:58,Bill_Payment,40000.0,NetBanking,Failed,INR
T000017,A00421,M0097,2024-09-16 04:22:44,Purchase,41000.0,ATM,Failed,INR
T000018,A00219,M0043,2025-09-11 04:24:33,Withdrawal,42000.0,Card,Failed,INR
T000019,A00348,M0026,2025-07-24 14:10:30,Transfer,43000.0,NetBanking,Failed,INR
T000020,A00296,M0055,2024-05-04 18:50:07,Transfer,44000.0,UPI,Failed,INR
T000021,A00034,M0048,2024-12-19 00:26:47,Withdrawal,100000.0,Card,Failed,INR
T000022,A00352,M0029,2024-09-29 05:25:23,Purchase,101000.0,NetBanking,Success,INR
T000023,A00079,M0027,2025-09-10 13:27:27,Purchase,102000.0,NetBanking,Success,INR
T000024,A00236,M0018,2024-09-01 13:49:17,Transfer,103000.0,Card,Success,INR
T000025,A00383,M0060,2025-03-25 19:13:21,Purchase,104000.0,Card,Success,INR
T000026,A00273,M0074,2024-09-03 22:44:04,Refund,105000.0,UPI,Success,INR
T000027,A00161,M0069,2025-06-03 19:49:48,Purchase,106000.0,NetBanking,Success,INR
T000028,A00175,M0074,2024-05-20 01:31:02,Purchase,107000.0,NetBanking,Failed,INR
T000029,A00366,M0021,2024-12-27 08:49:55,Transfer,108000.0,Card,Success,INR
T000030,A00308,M0024,2024-01-08 19:23:26,Purchase,109000.0,UPI,Success,INR
T000031,A00374,M0003,2025-04-22 13:27:45,Purchase,1093.33,UPI,Success,INR
T000032,A00221,M0095,2024-12-17 16:58:29,Purchase,607.86,Card,Success,INR
T000033,A00009,M0062,2025-05-09 14:02:08,Refund,3054.16,Card,Success,INR
T000034,A00289,M0002,2025-08-28 10:03:50,Purchase,295.06,UPI,Success,INR
T000035,A00444,M0066,2025-03-02 13:24:02,Purchase,3540.66,NetBanking,Success,INR
T000036,A00113,M0042,2024-02-08 18:18:03,Purchase,833.92,UPI,Success,INR
T000037,A00205,M0034,2025-08-15 00:29:43,Purchase,678.46,UPI,Success,INR
T000038,A00405,M0042,2024-07-05 07:53:10,Purchase,623.3,NetBanking,Success,INR
T000039,A00186,M0020,2025-08-18 02:20:17,Bill_Payment,5584.69,Card,Success,INR
T000040,A00341,M0097,2025-08-22 20:01:42,Refund,258.71,NetBanking,Success,INR
T000041,A00197,M0068,2024-04-02 04:50:26,Purchase,677.66,UPI,Success,INR
T000042,A00266,M0045,2024-03-26 08:32:30,Transfer,343.2,UPI,Failed,INR
T000043,A00262,M0075,2024-02-13 16:09:48,Refund,214.59,UPI,Success,INR
T000044,A00248,M0042,2024-05-16 03:01:12,Purchase,3550.2,UPI,Success,INR
T000045,A00115,M0047,2025-02-24 13:21:26,Purchase,1070.18,NetBanking,Success,INR
T000046,A00121,M0005,2024-03-14 18:32:50,Bill_Payment,385.77,UPI,Success,INR
T000047,A00141,M0089,2025-07-01 23:11:54,Withdrawal,2312.72,ATM,Success,INR
T000048,A00065,M0049,2025-09-04 09:38:40,Purchase,764.62,NetBanking,Failed,INR
T000049,A00276,M0037,2025-05-26 05:01:19,Purchase,612.83,Card,Success,INR
T000050,A00313,M0034,2024-06-04 04:48:58,Purchase,1840.59,ATM,Success,INR
T000051,A00239,M0073,2024-09-11 00:54:51,Purchase,749.97,UPI,Success,INR
T000052,A00302,M0070,2024-06-19 20:34:44,Withdrawal,461.05,UPI,Success,INR
T000053,A00392,M0018,2025-12-28 13:43:13,Transfer,2050.55,NetBanking,Success,INR
T000054,A00010,M0078,2024-06-18 19:22:50,Transfer,965.62,UPI,Success,INR
T000055,A00369,M0019,2024-11-17 07:25:20,Purchase,2146.87,ATM,Success,INR
T000056,A00233,M0078,2025-07-20 03:42:48,Purchase,763.15,ATM,Success,INR
T000057,A00195,M0040,2025-03-31 15:05:13,Purchase,2743.86,Wallet,Success,INR
T000058,A00395,M0017,2025-08-25 13:19:29,Bill_Payment,1110.57,Wallet,Failed,INR
T000059,A00012,M0060,2025-09-04 13:33:58,Transfer,2845.31,Card,Success,INR
T000060,A00394,M0099,2024-06-03 02:25:34,Purchase,2762.76,Card,Success,INR
T000061,A00409,M0093,2024-12-14 03:23:17,Purchase,3336.33,UPI,Success,INR
T000062,A00177,M0042,2025-03-26 19:08:15,Bill_Payment,1166.14,NetBanking,Success,INR
T000063,A00177,M0081,2025-10-14 15:47:11,Transfer,1547.58,UPI,Success,INR
T000064,A00217,M0072,2024-06-21 16:07:53,Purchase,891.0,NetBanking,Success,INR
T000065,A00011,M0065,2024-01-10 20:15:25,Purchase,488.86,ATM,Success,INR
T000066,A00446,M0053,2024-09-21 22:21:28,Purchase,6653.96,UPI,Pending,INR
T000067,A00118,M0100,2025-03-13 23:27:55,Bill_Payment,557.3,UPI,Success,INR
T000068,A00164,M0007,2024-09-03 13:58:22,Transfer,2475.95,Card,Success,INR
T000069,A00039,M0005,2025-10-28 04:20:24,Withdrawal,2107.44,NetBanking,Success,INR
T000070,A00053,M0024,2025-06-29 18:41:11,Bill_Payment,1290.71,NetBanking,Success,INR
T000071,A00218,M0028,2025-05-13 06:45:15,Refund,953.85,Card,Success,INR
T000072,A00206,M0062,2024-05-08 04:50:22,Purchase,962.43,NetBanking,Success,INR
T000073,A00312,M0017,2025-11-02 10:52:17,Purchase,607.06,UPI,Success,INR
T000074,A00360,M0020,2025-08-23 20:11:03,Purchase,1193.92,Card,Success,INR
T000075,A00385,M0003,2025-08-27 13:23:52,Purchase,378.7,Card,Success,INR
T000076,A00056,M0037,2024-11-22 21:42:22,Withdrawal,2148.5,UPI,Success,INR
T000077,A00118,M0090,2025-02-07 09:05:43,Bill_Payment,892.76,UPI,Success,INR
T000078,A00388,M0015,2025-09-20 04:20:36,Transfer,461.36,Wallet,Success,INR
T000079,A00253,M0051,2025-08-28 02:48:28,Purchase,347.65,ATM,Success,INR
T000080,A00286,M0048,2025-11-05 20:27:14,Purchase,973.88,Card,Success,INR
T000081,A00268,M0008,2025-09-02 10:03:00,Purchase,1004.85,Wallet,Success,INR
T000082,A00291,M0013,2025-09-16 05:14:43,Bill_Payment,687.97,UPI,Success,INR
T000083,A00333,M0048,2024-12-24 12:20:00,Purchase,1723.59,ATM,Success,INR
T000084,A00180,M0003,2025-08-25 12:46:39,Purchase,1500.57,UPI,Success,INR
T000085,A00415,M0065,2025-12-18 13:19:11,Purchase,1154.12,Card,Pending,INR
T000086,A00358,M0073,2024-01-17 01:59:20,Refund,476.58,UPI,Success,INR
T000087,A00235,M0031,2024-09-30 15:21:02,Transfer,563.4,NetBanking,Success,INR
T000088,A00343,M0026,2025-11-15 05:32:09,Bill_Payment,312.02,UPI,Success,INR
T000089,A00196,M0081,2024-04-25 23:05:33,Withdrawal,923.13,UPI,Success,INR
T000090,A00308,M0056,2025-11-23 03:05:23,Transfer,1816.5,UPI,Success,INR
T000091,A00080,M0034,2024-03-31 07:52:37,Purchase,368.72,UPI,Success,INR
T000092,A00135,M0009,2024-03-22 19:34:56,Purchase,661.8,UPI,Success,INR
T000093,A00022,M0062,2024-11-19 09:19:16,Transfer,1045.65,Card,Success,INR
T000094,A00331,M0013,2024-04-23 23:16:31,Bill_Payment,1814.05,UPI,Success,INR
T000095,A00440,M0069,2024-02-27 17:12:14,Purchase,290.26,UPI,Failed,INR
T000096,A00225,M0041,2024-06-02 21:54:46,Purchase,8086.15,UPI,Success,INR
T000097,A00058,M0077,2025-02-07 08:34:41,Transfer,2158.88,UPI,Success,INR
T000098,A00093,M0001,2025-09-19 05:06:49,Purchase,639.61,Card,Success,INR
T000099,A00192,M0089,2024-09-22 15:23:36,Transfer,418.5,Card,Success,INR
T000100,A00103,M0047,2024-11-10 18:53:02,Purchase,1415.58,Card,Success,INR
T000101,A00396,M0004,2025-12-15 08:30:57,Purchase,1676.99,UPI,Success,INR
T000102,A00007,M0100,2024-02-10 13:35:51,Purchase,449.78,Card,Success,INR
T000103,A00128,M0063,2024-04-14 02:25:52,Transfer,402.34,Card,Success,INR
T000104,A00055,M0052,2024-07-11 03:44:00,Transfer,490.73,UPI,Success,INR
T000105,A00231,M0010,2025-02-04 12:27:44,Purchase,1162.19,UPI,Success,INR
T000106,A00362,M0028,2024-10-04 13:48:11,Bill_Payment,1175.52,UPI,Success,INR
T000107,A00062,M0006,2024-12-19 20:00:35,Purchase,7691.71,UPI,Success,INR
T000108,A00240,M0027,2025-08-02 22:18:23,Purchase,156.27,UPI,Success,INR
T000109,A00090,M0012,2025-12-09 06:12:23,Transfer,599.12,UPI,Success,INR
T000110,A00232,M0062,2024-09-12 05:27:53,Purchase,681.13,UPI,Success,INR
T000111,A00233,M0052,2025-10-12 16:39:14,Transfer,1699.04,Card,Success,INR
T000112,A00354,M0048,2025-10-22 15:11:38,Refund,1761.65,Wallet,Success,INR
T000113,A00333,M0067,2024-04-08 07:22:00,Transfer,916.32,Card,Success,INR
T000114,A00439,M0046,2025-08-10 04:23:04,Transfer,4271.77,Card,Success,INR
T000115,A00375,M0097,2024-10-08 10:34:39,Transfer,401.61,UPI,Success,INR
T000116,A00292,M0074,2025-02-06 12:17:00,Purchase,586.2,UPI,Failed,INR
T000117,A00345,M0095,2024-04-18 05:41:31,Purchase,335.64,UPI,Success,INR
T000118,A00152,M0015,2025-11-30 13:32:00,Purchase,961.08,Card,Success,INR
T000119,A00428,M0071,2024-07-17 04:05:18,Refund,813.59,NetBanking,Success,INR
T000120,A00145,M0036,2024-10-29 09:53:17,Purchase,2225.23,NetBanking,Success,INR
T000121,A00130,M0014,2024-11-22 17:00:17,Purchase,5814.72,UPI,Success,INR
T000122,A00141,M0078,2024-06-02 07:27:12,Bill_Payment,4194.36,UPI,Success,INR
T000123,A00415,M0003,2025-07-05 15:13:38,Withdrawal,364.84,Card,Success,INR
T000124,A00093,M0067,2025-10-06 03:34:24,Refund,1150.58,Card,Success,INR
T000125,A00114,M0086,2025-02-08 02:16:17,Transfer,2201.61,UPI,Success,INR
T000126,A00284,M0019,2025-04-06 12:48:35,Purchase,2001.41,Card,Success,INR
T000127,A00444,M0099,2024-05-11 15:36:50,Bill_Payment,8804.13,UPI,Success,INR
T000128,A00411,M0076,2024-03-24 14:25:54,Purchase,899.79,Card,Success,INR
T000129,A00143,M0054,2025-02-02 03:17:24,Purchase,1176.48,UPI,Success,INR
T000130,A00223,M0069,2025-09-19 20:35:30,Withdrawal,8240.0,Card,Success,INR
T000131,A00232,M0010,2024-04-18 03:43:38,Transfer,1600.27,NetBanking,Success,INR
T000132,A00033,M0033,2024-08-08 09:40:54,Bill_Payment,640.73,ATM,Success,INR
T000133,A00276,M0013,2025-07-06 21:05:55,Refund,456.09,Wallet,Success,INR
T000134,A00170,M0099,2025-01-02 12:12:30,Bill_Payment,1323.67,Card,Success,INR
T000135,A00140,M0051,2024-05-26 18:07:07,Purchase,2863.91,Card,Success,INR
T000136,A00357,M0032,2024-04-21 03:33:55,Transfer,2831.0,UPI,Success,INR
T000137,A00201,M0075,2025-09-06 04:52:13,Withdrawal,500.23,UPI,Success,INR
T000138,A00023,M0024,2025-07-11 02:50:23,Refund,1203.45,UPI,Failed,INR
T000139,A00224,M0035,2025-05-08 02:51:13,Purchase,730.87,UPI,Success,INR
T000140,A00368,M0083,2025-05-19 09:18:39,Purchase,959.93,Card,Success,INR
T000141,A00270,M0070,2025-04-19 06:42:40,Bill_Payment,2477.52,UPI,Success,INR
T000142,A00347,M0040,2024-09-27 20:39:45,Purchase,1048.46,UPI,Failed,INR
T000143,A00153,M0054,2025-02-24 13:36:28,Transfer,1972.83,Card,Success,INR
T000144,A00333,M0044,2025-12-07 02:52:28,Purchase,2026.74,Card,Success,INR
T000145,A00085,M0062,2025-01-01 23:11:00,Purchase,632.78,NetBanking,Failed,INR
T000146,A00109,M0099,2024-10-06 18:45:19,Withdrawal,3314.43,Card,Success,INR
T000147,A00031,M0068,2024-10-09 04:03:49,Purchase,409.23,UPI,Success,INR
T000148,A00229,M0033,2024-02-09 13:37:36,Transfer,351.76,UPI,Success,INR
T000149,A00240,M0077,2024-07-07 03:07:53,Purchase,713.54,NetBanking,Success,INR
T000150,A00378,M0056,2024-06-12 11:13:36,Purchase,455.97,UPI,Success,INR
T000151,A00363,M0036,2025-06-19 02:11:34,Purchase,1890.83,Card,Success,INR
T000152,A00310,M0054,2025-06-19 12:47:53,Withdrawal,11016.5,Card,Success,INR
T000153,A00389,M0019,2024-01-04 12:41:33,Purchase,3026.79,Wallet,Failed,INR
T000154,A00141,M0043,2024-10-16 14:17:46,Transfer,525.69,Card,Success,INR
T000155,A00156,M0012,2025-03-08 06:45:43,Transfer,446.66,Card,Success,INR
T000156,A00299,M0011,2025-04-15 11:58:15,Transfer,2643.14,UPI,Success,INR
T000157,A00345,M0070,2024-06-29 08:39:34,Transfer,377.9,ATM,Success,INR
T000158,A00371,M0012,2024-09-04 14:06:41,Purchase,452.0,Card,Success,INR
T000159,A00099,M0091,2025-09-19 20:07:16,Purchase,1528.68,UPI,Success,INR
T000160,A00047,M0041,2024-10-05 19:15:36,Transfer,673.37,Card,Failed,INR
T000161,A00327,M0025,2025-08-03 11:55:26,Purchase,1220.97,UPI,Success,INR
T000162,A00422,M0003,2024-09-10 20:09:50,Bill_Payment,814.46,UPI,Failed,INR
T000163,A00067,M0003,2024-06-29 10:47:07,Bill_Payment,1069.46,UPI,Failed,INR
T000164,A00062,M0084,2025-11-11 12:26:15,Purchase,2409.02,NetBanking,Failed,INR
T000165,A00109,M0028,2025-05-23 11:26:41,Transfer,1918.63,Card,Success,INR
T000166,A00167,M0023,2025-11-30 08:09:33,Bill_Payment,2503.14,Card,Success,INR
T000167,A00037,M0048,2025-07-19 07:38:45,Purchase,1949.53,Card,Success,INR
T000168,A00119,M0067,2024-11-21 20:10:51,Withdrawal,2074.73,Card,Success,INR
T000169,A00086,M0042,2024-12-22 08:28:06,Purchase,1094.49,UPI,Success,INR
T000170,A00382,M0088,2025-10-11 21:50:04,Transfer,296.18,UPI,Failed,INR
T000171,A00392,M0040,2025-11-10 05:10:40,Bill_Payment,995.63,UPI,Success,INR
T000172,A00052,M0006,2025-01-25 17:04:15,Transfer,1457.29,UPI,Success,INR
T000173,A00091,M0020,2025-09-06 10:02:16,Transfer,1172.39,ATM,Success,INR
T000174,A00289,M0011,2024-03-25 17:20:25,Bill_Payment,1600.25,NetBanking,Success,INR
T000175,A00337,M0096,2024-11-12 15:42:19,Withdrawal,7008.5,UPI,Success,INR
T000176,A00298,M0027,2024-07-30 22:41:04,Transfer,698.29,UPI,Success,INR
T000177,A00204,M0021,2025-05-29 06:55:42,Transfer,761.76,Wallet,Success,INR
T000178,A00368,M0013,2025-01-18 18:59:23,Transfer,3254.58,UPI,Success,INR
T000179,A00238,M0086,2025-11-21 16:16:36,Bill_Payment,1226.74,Card,Success,INR
T000180,A00382,M0035,2024-12-07 22:38:46,Refund,1651.08,UPI,Success,INR
T000181,A00155,M0047,2024-02-07 09:47:35,Withdrawal,643.79,Card,Success,INR
T000182,A00240,M0086,2025-05-25 17:15:29,Withdrawal,567.24,Wallet,Success,INR
T000183,A00136,M0028,2025-02-23 23:45:23,Purchase,370.05,Wallet,Success,INR
T000184,A00407,M0021,2024-06-17 17:18:06,Bill_Payment,1280.69,Card,Success,INR
T000185,A00362,M0018,2024-12-08 04:31:17,Withdrawal,454.53,Card,Success,INR
T000186,A00381,M0031,2024-11-01 00:27:23,Withdrawal,406.98,Card,Failed,INR
T000187,A00369,M0060,2025-06-25 06:35:29,Purchase,1988.11,UPI,Success,INR
T000188,A00064,M0037,2025-12-02 06:03:38,Bill_Payment,619.39,UPI,Success,INR
T000189,A00123,M0021,2025-06-20 18:12:35,Purchase,372.33,ATM,Success,INR
T000190,A00254,M0014,2024-04-21 14:53:49,Purchase,339.33,UPI,Success,INR
T000191,A00114,M0089,2025-02-14 15:23:58,Transfer,2491.28,UPI,Failed,INR
T000192,A00020,M0091,2024-07-24 02:37:37,Transfer,996.4,Card,Success,INR
T000193,A00016,M0060,2024-07-03 16:33:49,Purchase,765.56,ATM,Success,INR
T000194,A00145,M0023,2025-01-16 09:25:22,Withdrawal,1279.62,Card,Success,INR
T000195,A00208,M0095,2025-05-10 02:43:40,Purchase,1174.56,Card,Success,INR
T000196,A00019,M0029,2025-01-13 09:05:50,Purchase,681.02,Card,Success,INR
T000197,A00376,M0047,2024-02-16 10:29:50,Purchase,812.15,NetBanking,Success,INR
T000198,A00392,M0030,2025-07-04 09:33:41,Bill_Payment,2116.79,Card,Success,INR
T000199,A00166,M0090,2025-06-11 18:53:58,Purchase,2303.76,Wallet,Success,INR
T000200,A00038,M0084,2025-05-18 22:50:01,Purchase,515.75,Card,Success,INR
T000201,A00181,M0038,2024-01-22 17:18:45,Transfer,3469.29,UPI,Success,INR
T000202,A00349,M0083,2024-07-31 07:06:40,Purchase,6688.55,NetBanking,Failed,INR
T000203,A00105,M0027,2024-11-05 08:09:54,Withdrawal,843.69,NetBanking,Success,INR
T000204,A00100,M0089,2025-10-22 22:07:02,Bill_Payment,825.68,UPI,Success,INR
T000205,A00090,M0087,2024-09-28 10:02:51,Bill_Payment,488.63,UPI,Success,INR
T000206,A00415,M0093,2025-07-24 17:05:26,Purchase,600.81,ATM,Success,INR
T000207,A00300,M0015,2024-07-20 03:39:09,Transfer,1467.22,UPI,Success,INR
T000208,A00444,M0059,2024-02-01 08:26:34,Transfer,8824.25,Card,Success,INR
T000209,A00332,M0003,2025-03-18 03:59:56,Purchase,2112.24,UPI,Failed,INR
T000210,A00401,M0010,2024-06-10 06:28:44,Purchase,813.28,Card,Success,INR
T000211,A00079,M0079,2024-09-10 13:06:38,Transfer,748.26,NetBanking,Success,INR
T000212,A00073,M0080,2025-06-04 22:58:25,Purchase,603.37,Card,Success,INR
T000213,A00423,M0017,2025-10-12 08:36:56,Refund,2846.68,UPI,Failed,INR
T000214,A00426,M0083,2025-04-24 00:53:14,Withdrawal,881.03,UPI,Success,INR
T000215,A00176,M0011,2024-01-10 08:59:58,Purchase,1650.51,Wallet,Success,INR
T000216,A00396,M0048,2025-12-26 01:19:49,Purchase,886.19,Wallet,Success,INR
T000217,A00096,M0005,2025-05-19 23:48:15,Refund,7377.86,NetBanking,Success,INR
T000218,A00345,M0069,2025-07-13 18:02:47,Purchase,678.06,Card,Success,INR
T000219,A00103,M0064,2025-03-11 16:58:54,Withdrawal,582.3,Card,Success,INR
T000220,A00402,M0014,2024-04-20 19:41:26,Purchase,710.84,Wallet,Failed,INR
T000221,A00224,M0050,2024-06-01 06:56:17,Bill_Payment,1606.17,NetBanking,Success,INR
T000222,A00006,M0026,2025-09-26 00:02:09,Withdrawal,3988.72,NetBanking,Success,INR
T000223,A00122,M0072,2024-04-11 16:34:43,Purchase,1609.29,UPI,Success,INR
T000224,A00236,M0069,2024-07-09 12:35:31,Purchase,2071.27,UPI,Success,INR
T000225,A00427,M0007,2025-12-29 09:37:06,Transfer,1827.72,NetBanking,Success,INR
T000226,A00116,M0016,2025-07-16 13:28:23,Bill_Payment,245.06,UPI,Success,INR
T000227,A00163,M0055,2024-03-21 07:39:09,Purchase,1080.82,Card,Success,INR
T000228,A00226,M0078,2025-05-03 03:25:42,Transfer,824.37,Card,Success,INR
T000229,A00230,M0056,2024-03-28 10:06:57,Purchase,965.74,UPI,Success,INR
T000230,A00182,M0004,2024-07-12 21:15:14,Bill_Payment,522.92,NetBanking,Success,INR
T000231,A00249,M0100,2024-04-13 14:30:49,Withdrawal,2395.81,UPI,Success,INR
T000232,A00318,M0048,2024-04-05 14:37:44,Purchase,1145.53,NetBanking,Success,INR
T000233,A00210,M0017,2025-02-26 02:27:13,Purchase,1139.32,UPI,Success,INR
T000234,A00144,M0036,2024-07-16 16:50:58,Purchase,960.54,Wallet,Failed,INR
T000235,A00392,M0070,2024-01-01 08:11:13,Transfer,622.43,UPI,Success,INR
T000236,A00345,M0080,2025-02-10 00:12:17,Purchase,220.56,NetBanking,Success,INR
T000237,A00096,M0093,2025-01-12 12:57:27,Purchase,1400.4,Card,Success,INR
T000238,A00382,M0100,2024-06-15 17:47:34,Refund,1214.67,UPI,Success,INR
T000239,A00346,M0038,2025-05-23 00:21:39,Purchase,1773.69,Card,Success,INR
T000240,A00244,M0062,2025-09-29 17:34:41,Withdrawal,1170.38,Wallet,Success,INR
T000241,A00086,M0048,2024-11-08 18:17:55,Purchase,415.15,UPI,Success,INR
T000242,A00415,M0010,2025-08-15 09:08:40,Purchase,536.29,UPI,Success,INR
T000243,A00394,M0036,2025-02-21 15:13:56,Purchase,3661.06,UPI,Success,INR
T000244,A00184,M0029,2025-11-11 11:46:21,Transfer,1461.24,UPI,Success,INR
T000245,A00121,M0078,2025-04-21 23:36:11,Transfer,2259.49,Wallet,Success,INR
T000246,A00332,M0004,2024-03-13 15:38:18,Bill_Payment,2507.46,UPI,Success,INR
T000247,A00092,M0044,2024-05-20 06:48:29,Purchase,452.44,Card,Success,INR
T000248,A00070,M0056,2025-08-04 11:41:35,Purchase,807.18,UPI,Success,INR
T000249,A00404,M0042,2024-09-18 14:18:44,Bill_Payment,2024.16,UPI,Success,INR
T000250,A00133,M0100,2024-12-05 18:35:09,Purchase,526.38,UPI,Success,INR
T000251,A00279,M0013,2024-11-03 20:10:18,Purchase,759.44,UPI,Success,INR
T000252,A00137,M0046,2024-09-01 07:05:32,Purchase,687.16,Card,Success,INR
T000253,A00314,M0082,2025-05-29 16:44:45,Withdrawal,564.36,UPI,Success,INR
T000254,A00187,M0033,2024-12-02 05:14:26,Bill_Payment,975.42,NetBanking,Success,INR
T000255,A00221,M0021,2025-07-28 02:06:33,Purchase,708.22,Card,Success,INR
T000256,A00438,M0080,2025-07-14 02:38:15,Purchase,766.1,UPI,Failed,INR
T000257,A00046,M0079,2024-03-16 02:10:37,Withdrawal,1396.35,UPI,Success,INR
T000258,A00278,M0057,2024-06-23 21:18:28,Bill_Payment,2692.65,UPI,Success,INR
T000259,A00192,M0069,2024-04-18 05:11:20,Purchase,2182.27,UPI,Failed,INR
T000260,A00008,M0070,2024-07-01 15:24:36,Bill_Payment,1285.33,Card,Success,INR
T000261,A00379,M0067,2024-07-10 08:25:46,Purchase,4795.54,Wallet,Success,INR
T000262,A00276,M0048,2024-03-05 06:30:12,Purchase,1984.47,Wallet,Success,INR
T000263,A00179,M0076,2025-04-18 08:33:24,Purchase,2262.1,NetBanking,Failed,INR
T000264,A00334,M0100,2024-04-09 18:06:46,Purchase,946.96,UPI,Success,INR
T000265,A00039,M0033,2025-06-27 03:02:14,Purchase,774.37,UPI,Success,INR
T000266,A00293,M0036,2024-05-07 08:32:03,Bill_Payment,1538.29,ATM,Failed,INR
T000267,A00178,M0033,2025-03-27 05:40:05,Purchase,2478.96,Card,Success,INR
T000268,A00162,M0031,2025-01-03 05:12:28,Purchase,1283.05,UPI,Success,INR
T000269,A00331,M0021,2024-02-12 19:39:26,Purchase,620.27,UPI,Success,INR
T000270,A00374,M0027,2025-02-22 12:53:33,Withdrawal,345.42,UPI,Success,INR
T000271,A00104,M0091,2025-05-02 06:12:34,Bill_Payment,264.18,Card,Success,INR
T000272,A00161,M0072,2024-03-18 20:41:30,Purchase,1139.44,Wallet,Success,INR
T000273,A00287,M0062,2024-09-26 04:49:48,Purchase,2285.56,UPI,Success,INR
T000274,A00123,M0096,2025-11-04 10:08:43,Purchase,138.0,UPI,Success,INR
T000275,A00054,M0026,2025-12-01 16:01:33,Purchase,634.78,UPI,Success,INR
T000276,A00428,M0066,2025-12-28 09:55:32,Purchase,548.09,UPI,Success,INR
T000277,A00034,M0012,2024-11-10 11:34:06,Transfer,1542.78,Card,Success,INR
T000278,A00242,M0022,2024-06-16 05:50:21,Withdrawal,601.77,Card,Success,INR
T000279,A00378,M0017,2024-12-04 14:39:36,Transfer,362.34,UPI,Success,INR
T000280,A00113,M0007,2024-07-11 05:18:36,Purchase,633.91,Card,Success,INR
T000281,A00318,M0068,2025-03-28 20:00:09,Purchase,550.52,UPI,Pending,INR
T000282,A00023,M0037,2024-10-09 21:17:00,Transfer,1109.53,Card,Pending,INR
T000283,A00046,M0038,2024-12-01 12:26:11,Transfer,903.87,Card,Success,INR
T000284,A00312,M0096,2025-01-24 07:59:16,Purchase,1633.1,UPI,Success,INR
T000285,A00135,M0011,2025-06-08 22:56:44,Bill_Payment,1090.48,Card,Success,INR
T000286,A00118,M0001,2024-08-27 00:48:39,Purchase,2733.86,UPI,Success,INR
T000287,A00189,M0025,2025-04-27 06:32:30,Purchase,732.79,UPI,Failed,INR
T000288,A00131,M0042,2025-10-20 10:08:44,Purchase,1916.19,UPI,Success,INR
T000289,A00422,M0052,2025-12-16 15:10:06,Refund,1459.82,UPI,Success,INR
T000290,A00212,M0024,2025-08-14 19:06:59,Purchase,840.62,NetBanking,Success,INR
T000291,A00418,M0053,2025-07-08 19:30:27,Bill_Payment,2036.9,UPI,Success,INR
T000292,A00113,M0056,2025-04-02 06:26:52,Purchase,532.72,Card,Success,INR
T000293,A00044,M0063,2024-03-29 11:08:38,Purchase,3347.11,Wallet,Success,INR
T000294,A00128,M0081,2025-10-21 07:56:42,Withdrawal,545.26,UPI,Success,INR
T000295,A00364,M0008,2024-04-04 04:52:20,Purchase,328.13,UPI,Success,INR
T000296,A00158,M0059,2025-03-27 09:57:09,Purchase,305.86,UPI,Success,INR
T000297,A00273,M0045,2025-03-03 15:38:29,Purchase,1190.33,UPI,Success,INR
T000298,A00315,M0027,2024-05-30 18:10:03,Bill_Payment,660.01,UPI,Success,INR
T000299,A00394,M0052,2025-05-28 19:50:55,Transfer,1290.93,NetBanking,Failed,INR
T000300,A00355,M0018,2025-01-10 06:11:17,Purchase,406.5,UPI,Success,INR
T000301,A00340,M0091,2024-01-22 16:34:33,Purchase,1699.83,Card,Success,INR
T000302,A00402,M0086,2024-11-08 04:54:36,Transfer,1294.22,UPI,Success,INR
T000303,A00045,M0016,2025-06-02 11:54:04,Purchase,726.52,UPI,Success,INR
T000304,A00108,M0066,2024-07-24 17:58:28,Purchase,1924.4,UPI,Success,INR
T000305,A00219,M0005,2025-01-09 02:42:32,Purchase,1840.06,UPI,Success,INR
T000306,A00443,M0082,2025-03-26 22:39:08,Transfer,1191.38,UPI,Success,INR
T000307,A00318,M0003,2025-09-17 20:45:11,Purchase,2437.08,Card,Success,INR
T000308,A00315,M0091,2025-08-17 11:17:50,Transfer,2979.32,Card,Success,INR
T000309,A00177,M0081,2024-06-27 18:46:43,Transfer,539.31,UPI,Success,INR
T000310,A00228,M0080,2024-07-28 08:44:38,Refund,3038.78,NetBanking,Success,INR
T000311,A00191,M0070,2025-05-14 07:20:39,Withdrawal,488.26,UPI,Success,INR
T000312,A00160,M0007,2025-04-08 09:39:07,Purchase,2195.99,UPI,Success,INR
T000313,A00394,M0050,2024-05-03 08:16:50,Withdrawal,2572.13,NetBanking,Success,INR
T000314,A00267,M0014,2024-04-22 05:05:02,Bill_Payment,937.12,Wallet,Pending,INR
T000315,A00358,M0038,2024-01-12 18:23:56,Transfer,1045.3,NetBanking,Success,INR
T000316,A00326,M0079,2024-05-05 17:54:27,Purchase,837.88,UPI,Success,INR
T000317,A00379,M0047,2025-07-18 09:40:41,Purchase,522.19,ATM,Success,INR
T000318,A00190,M0033,2024-11-26 12:25:13,Bill_Payment,617.7,Card,Success,INR
T000319,A00175,M0043,2024-10-09 13:45:46,Purchase,1714.64,Card,Success,INR
T000320,A00290,M0091,2024-05-19 00:50:48,Purchase,2368.77,ATM,Success,INR
T000321,A00357,M0029,2025-02-04 09:14:50,Transfer,1082.48,NetBanking,Success,INR
T000322,A00145,M0057,2024-04-06 16:21:46,Bill_Payment,441.82,Card,Success,INR
T000323,A00232,M0005,2025-05-31 21:17:17,Purchase,390.87,NetBanking,Pending,INR
T000324,A00360,M0093,2025-07-22 08:16:18,Withdrawal,996.74,UPI,Success,INR
T000325,A00438,M0096,2024-03-09 07:37:05,Bill_Payment,682.09,Card,Success,INR
T000326,A00204,M0060,2024-04-27 23:09:48,Purchase,3189.41,UPI,Success,INR
T000327,A00213,M0070,2024-02-28 16:09:36,Transfer,582.86,ATM,Success,INR
T000328,A00040,M0002,2024-02-02 03:31:14,Transfer,1877.4,Card,Success,INR
T000329,A00275,M0070,2024-11-13 17:20:02,Bill_Payment,627.31,NetBanking,Success,INR
T000330,A00323,M0043,2024-02-19 09:10:53,Withdrawal,849.67,UPI,Success,INR
T000331,A00082,M0004,2025-05-03 03:19:17,Bill_Payment,1280.4,NetBanking,Success,INR
T000332,A00181,M0056,2024-01-19 20:10:44,Purchase,1750.44,UPI,Success,INR
T000333,A00320,M0093,2025-12-26 14:53:36,Purchase,1604.08,Card,Success,INR
T000334,A00083,M0059,2024-07-15 04:57:09,Purchase,662.56,NetBanking,Success,INR
T000335,A00303,M0089,2025-03-25 01:37:17,Transfer,1200.28,UPI,Success,INR
T000336,A00262,M0009,2025-07-12 17:49:01,Bill_Payment,782.66,UPI,Success,INR
T000337,A00272,M0003,2025-11-09 04:10:32,Purchase,302.43,Card,Failed,INR
T000338,A00200,M0090,2025-03-27 07:19:12,Purchase,1347.54,UPI,Success,INR
T000339,A00240,M0048,2024-10-15 08:23:35,Purchase,3416.71,UPI,Success,INR
T000340,A00402,M0043,2024-05-20 15:38:39,Purchase,4401.78,UPI,Success,INR
T000341,A00180,M0091,2024-03-24 20:44:02,Purchase,1459.2,UPI,Success,INR
T000342,A00432,M0100,2025-11-24 11:27:27,Purchase,1375.72,NetBanking,Pending,INR
T000343,A00171,M0096,2025-01-25 11:57:28,Bill_Payment,103.81,Wallet,Success,INR
T000344,A00295,M0001,2025-08-13 20:58:52,Purchase,12766.69,NetBanking,Success,INR
T000345,A00177,M0057,2024-08-02 18:31:54,Transfer,3975.36,UPI,Success,INR
T000346,A00369,M0053,2025-06-09 09:48:39,Transfer,2171.61,NetBanking,Success,INR
T000347,A00396,M0016,2024-08-02 04:27:05,Withdrawal,1170.05,Card,Success,INR
T000348,A00237,M0051,2025-02-06 02:43:00,Purchase,147.27,NetBanking,Success,INR
T000349,A00138,M0075,2024-05-07 06:18:26,Bill_Payment,1292.17,UPI,Success,INR
T000350,A00327,M0090,2025-04-21 11:55:16,Transfer,1128.44,UPI,Success,INR
T000351,A00366,M0055,2025-02-07 20:58:23,Purchase,308.48,Card,Success,INR
T000352,A00311,M0001,2024-01-29 08:34:16,Purchase,1641.47,UPI,Success,INR
T000353,A00129,M0090,2024-12-03 02:32:59,Purchase,3337.42,Wallet,Success,INR
T000354,A00049,M0028,2025-12-14 10:43:43,Withdrawal,1489.96,NetBanking,Success,INR
T000355,A00164,M0053,2024-12-26 04:53:07,Transfer,1485.58,UPI,Pending,INR
T000356,A00277,M0058,2025-07-22 06:35:33,Purchase,1573.95,NetBanking,Success,INR
T000357,A00293,M0073,2025-01-26 01:06:15,Purchase,820.17,Card,Success,INR
T000358,A00116,M0060,2024-08-05 21:47:35,Bill_Payment,2170.05,UPI,Success,INR
T000359,A00024,M0059,2025-07-27 20:52:18,Bill_Payment,4321.75,UPI,Success,INR
T000360,A00311,M0022,2025-10-30 12:37:43,Transfer,1138.12,UPI,Success,INR
T000361,A00025,M0008,2024-07-20 11:42:34,Transfer,555.67,UPI,Success,INR
T000362,A00391,M0049,2024-01-17 21:01:16,Bill_Payment,315.14,UPI,Success,INR
T000363,A00127,M0042,2024-11-17 08:00:30,Withdrawal,1721.33,UPI,Success,INR
T000364,A00234,M0027,2025-06-01 20:02:06,Purchase,1906.07,UPI,Success,INR
T000365,A00209,M0039,2025-07-23 12:59:05,Purchase,1521.65,NetBanking,Success,INR
T000366,A00093,M0083,2024-11-20 08:30:09,Withdrawal,887.08,UPI,Success,INR
T000367,A00094,M0025,2025-02-15 04:50:01,Purchase,1407.28,UPI,Success,INR
T000368,A00327,M0038,2024-11-13 07:42:09,Purchase,677.19,UPI,Success,INR
T000369,A00225,M0085,2025-11-11 12:32:47,Bill_Payment,578.42,UPI,Success,INR
T000370,A00378,M0024,2024-03-22 15:56:31,Transfer,447.35,ATM,Success,INR
T000371,A00280,M0024,2025-04-18 16:09:31,Bill_Payment,451.56,Card,Success,INR
T000372,A00011,M0060,2025-04-12 01:50:47,Transfer,1767.63,NetBanking,Failed,INR
T000373,A00329,M0083,2025-02-28 05:51:46,Bill_Payment,860.62,Card,Success,INR
T000374,A00012,M0050,2025-11-19 01:40:15,Purchase,593.92,NetBanking,Success,INR
T000375,A00035,M0066,2024-07-22 05:58:26,Withdrawal,321.91,ATM,Success,INR
T000376,A00447,M0014,2025-08-05 06:41:07,Purchase,2006.12,UPI,Success,INR
T000377,A00228,M0053,2025-01-21 00:34:16,Purchase,2872.02,Card,Success,INR
T000378,A00220,M0032,2024-04-07 08:08:48,Purchase,436.28,Card,Success,INR
T000379,A00441,M0096,2024-12-10 21:35:12,Withdrawal,980.25,ATM,Success,INR
T000380,A00141,M0092,2024-07-26 14:40:32,Purchase,473.76,UPI,Success,INR
T000381,A00023,M0048,2025-05-28 11:52:51,Transfer,965.26,Card,Success,INR
T000382,A00083,M0039,2025-09-27 12:55:15,Purchase,1895.27,UPI,Success,INR
T000383,A00229,M0040,2025-08-08 17:55:38,Purchase,4705.58,Wallet,Success,INR
T000384,A00423,M0042,2024-06-14 19:04:10,Transfer,733.39,Card,Failed,INR
T000385,A00344,M0077,2024-01-22 21:56:18,Refund,2058.89,Wallet,Success,INR
T000386,A00080,M0076,2024-06-02 11:09:11,Purchase,2104.63,Wallet,Success,INR
T000387,A00353,M0008,2025-03-14 00:27:09,Transfer,957.17,Card,Success,INR
T000388,A00396,M0079,2024-10-21 23:11:03,Refund,3115.33,Card,Success,INR
T000389,A00290,M0026,2024-08-06 07:49:15,Transfer,816.52,Card,Success,INR
T000390,A00331,M0012,2025-10-30 05:04:48,Transfer,1622.72,Card,Success,INR
T000391,A00159,M0043,2025-05-09 14:03:08,Purchase,654.41,UPI,Success,INR
T000392,A00128,M0051,2024-08-17 10:01:25,Transfer,1769.34,UPI,Success,INR
T000393,A00190,M0091,2024-01-20 03:07:31,Purchase,1616.61,UPI,Success,INR
T000394,A00397,M0082,2025-07-06 07:06:14,Purchase,3192.71,ATM,Success,INR
T000395,A00031,M0100,2024-05-27 02:40:23,Bill_Payment,5721.67,UPI,Success,INR
T000396,A00386,M0063,2024-04-17 15:11:55,Purchase,2500.49,NetBanking,Success,INR
T000397,A00359,M0049,2025-02-06 01:42:03,Purchase,2005.39,UPI,Success,INR
T000398,A00015,M0027,2025-08-18 00:51:01,Bill_Payment,771.54,Card,Success,INR
T000399,A00313,M0009,2025-04-27 10:51:35,Transfer,142.72,UPI,Success,INR
T000400,A00075,M0039,2025-01-01 16:33:38,Bill_Payment,3527.95,Card,Success,INR
T000401,A00034,M0065,2025-02-17 07:54:11,Transfer,5828.79,UPI,Success,INR
T000402,A00359,M0071,2024-11-04 22:44:57,Purchase,1453.43,Card,Success,INR
T000403,A00196,M0090,2024-05-13 22:37:23,Transfer,443.41,Card,Success,INR
T000404,A00331,M0071,2025-12-19 09:40:14,Transfer,3789.83,NetBanking,Success,INR
T000405,A00029,M0007,2024-10-09 23:39:01,Purchase,2964.83,Card,Success,INR
T000406,A00194,M0072,2024-03-13 21:21:08,Purchase,175.28,Wallet,Success,INR
T000407,A00016,M0080,2025-04-25 10:30:32,Purchase,1244.35,NetBanking,Success,INR
T000408,A00423,M0067,2024-12-17 02:37:25,Transfer,1364.47,UPI,Success,INR
T000409,A00077,M0010,2025-07-13 09:18:10,Purchase,258.79,UPI,Success,INR
T000410,A00293,M0071,2024-11-21 08:16:07,Transfer,415.31,UPI,Success,INR
T000411,A00081,M0085,2025-03-18 12:47:37,Purchase,2928.97,UPI,Success,INR
T000412,A00405,M0053,2024-04-09 22:25:46,Purchase,1167.66,Card,Success,INR
T000413,A00428,M0095,2024-02-28 20:18:20,Purchase,466.4,Wallet,Success,INR
T000414,A00124,M0087,2025-05-22 11:24:03,Purchase,600.36,Card,Success,INR
T000415,A00019,M0057,2024-09-14 07:45:46,Purchase,372.04,NetBanking,Success,INR
T000416,A00102,M0091,2025-02-16 10:09:47,Purchase,1173.65,UPI,Success,INR
T000417,A00392,M0086,2025-03-27 00:56:04,Purchase,2158.29,UPI,Success,INR
T000418,A00077,M0027,2024-03-05 19:24:14,Refund,3162.14,NetBanking,Success,INR
T000419,A00229,M0054,2025-08-17 15:34:48,Transfer,601.13,UPI,Success,INR
T000420,A00450,M0004,2024-06-02 21:23:35,Transfer,797.59,Wallet,Success,INR
T000421,A00297,M0088,2024-09-22 02:03:18,Bill_Payment,1721.66,UPI,Success,INR
T000422,A00203,M0023,2024-03-19 00:40:52,Bill_Payment,2584.65,Wallet,Success,INR
T000423,A00061,M0048,2024-11-10 09:13:13,Bill_Payment,1531.04,NetBanking,Success,INR
T000424,A00026,M0083,2025-10-23 22:03:21,Purchase,3431.59,Card,Success,INR
T000425,A00071,M0042,2025-07-13 07:02:25,Transfer,5626.34,Wallet,Success,INR
T000426,A00103,M0003,2024-09-04 23:51:35,Bill_Payment,252.9,UPI,Failed,INR
T000427,A00326,M0091,2025-09-01 20:38:55,Bill_Payment,4303.2,UPI,Success,INR
T000428,A00363,M0003,2025-02-17 16:26:36,Transfer,3528.8,UPI,Success,INR
T000429,A00157,M0028,2024-01-25 06:24:13,Purchase,380.7,UPI,Success,INR
T000430,A00363,M0063,2024-10-10 23:07:00,Refund,1664.7,UPI,Success,INR
T000431,A00359,M0081,2025-03-24 01:23:35,Purchase,1943.75,Wallet,Failed,INR
T000432,A00194,M0031,2024-10-27 02:24:17,Purchase,411.24,UPI,Success,INR
T000433,A00275,M0010,2024-03-08 14:11:56,Purchase,1037.97,Wallet,Success,INR
T000434,A00324,M0049,2024-01-07 06:05:51,Purchase,1262.39,Wallet,Success,INR
T000435,A00186,M0086,2024-05-16 07:22:01,Purchase,414.91,NetBanking,Success,INR
T000436,A00326,M0094,2024-06-12 15:07:11,Purchase,808.33,Wallet,Failed,INR
T000437,A00113,M0021,2024-03-23 02:58:51,Refund,3870.19,NetBanking,Success,INR
T000438,A00313,M0100,2025-10-11 05:12:24,Purchase,4989.0,Card,Success,INR
T000439,A00165,M0053,2025-02-23 17:31:34,Transfer,406.17,Card,Success,INR
T000440,A00061,M0087,2024-03-13 05:07:03,Bill_Payment,99.66,Card,Success,INR
T000441,A00092,M0076,2024-08-24 04:52:48,Transfer,3339.65,UPI,Success,INR
T000442,A00286,M0089,2024-02-15 13:10:11,Purchase,5654.3,UPI,Success,INR
T000443,A00153,M0054,2025-09-09 01:05:34,Transfer,2414.12,Card,Success,INR
T000444,A00225,M0057,2024-09-18 21:22:25,Purchase,847.0,UPI,Success,INR
T000445,A00127,M0020,2024-06-24 02:16:12,Purchase,413.5,ATM,Success,INR
T000446,A00193,M0049,2024-06-14 07:35:58,Transfer,1910.46,Card,Success,INR
T000447,A00115,M0007,2025-10-18 18:25:13,Bill_Payment,2833.34,UPI,Pending,INR
T000448,A00262,M0029,2025-01-04 05:29:23,Withdrawal,605.57,UPI,Success,INR
T000449,A00018,M0048,2024-02-23 13:31:13,Purchase,1404.66,UPI,Success,INR
T000450,A00010,M0093,2025-11-20 23:53:17,Purchase,741.56,UPI,Success,INR
T000451,A00092,M0013,2025-02-22 18:52:55,Purchase,2161.47,UPI,Failed,INR
T000452,A00139,M0003,2025-05-21 02:10:04,Transfer,171.92,ATM,Success,INR
T000453,A00449,M0002,2024-12-06 13:13:14,Purchase,1567.14,UPI,Success,INR
T000454,A00333,M0016,2024-05-06 21:52:28,Bill_Payment,788.91,Card,Success,INR
T000455,A00357,M0094,2025-02-12 18:45:25,Purchase,5703.65,UPI,Success,INR
T000456,A00340,M0006,2025-01-01 20:23:24,Purchase,1452.14,Wallet,Failed,INR
T000457,A00449,M0045,2024-09-27 06:50:04,Purchase,2073.45,Card,Failed,INR
T000458,A00052,M0071,2025-10-05 06:08:55,Purchase,469.26,Card,Success,INR
T000459,A00195,M0005,2025-08-27 10:31:58,Withdrawal,898.49,NetBanking,Success,INR
T000460,A00206,M0056,2025-01-13 14:07:29,Bill_Payment,1564.08,Card,Success,INR
T000461,A00287,M0071,2024-03-13 08:34:07,Purchase,793.55,UPI,Success,INR
T000462,A00401,M0098,2024-09-04 12:09:34,Purchase,881.8,UPI,Success,INR
T000463,A00439,M0032,2024-02-12 16:51:49,Refund,1389.45,UPI,Success,INR
T000464,A00366,M0049,2025-01-11 02:58:00,Withdrawal,234.64,Card,Success,INR
T000465,A00093,M0013,2024-02-10 15:17:17,Refund,684.05,UPI,Success,INR
T000466,A00420,M0030,2024-06-18 16:21:54,Purchase,2230.36,NetBanking,Success,INR
T000467,A00410,M0025,2024-07-30 07:18:29,Purchase,769.48,UPI,Success,INR
T000468,A00309,M0085,2025-05-07 02:52:29,Purchase,8981.44,UPI,Success,INR
T000469,A00145,M0060,2025-11-10 20:51:19,Purchase,1189.95,ATM,Success,INR
T000470,A00086,M0059,2024-02-08 16:53:40,Withdrawal,207.09,Wallet,Success,INR
T000471,A00153,M0085,2025-01-03 20:49:56,Purchase,1635.15,ATM,Success,INR
T000472,A00002,M0028,2024-05-30 09:35:53,Transfer,423.97,Card,Failed,INR
T000473,A00342,M0058,2024-04-20 07:55:25,Purchase,1489.2,UPI,Success,INR
T000474,A00389,M0020,2025-04-24 01:39:08,Bill_Payment,659.08,Wallet,Success,INR
T000475,A00260,M0034,2025-03-11 04:01:38,Purchase,699.61,UPI,Success,INR
T000476,A00164,M0005,2024-02-16 05:16:31,Purchase,2783.99,UPI,Success,INR
T000477,A00006,M0082,2025-07-28 16:36:30,Transfer,263.71,UPI,Success,INR
T000478,A00149,M0060,2024-12-31 02:07:40,Purchase,708.59,Card,Success,INR
T000479,A00205,M0043,2024-03-09 07:17:25,Purchase,640.78,UPI,Success,INR
T000480,A00118,M0057,2024-10-25 00:03:58,Purchase,3653.11,NetBanking,Success,INR
T000481,A00089,M0057,2024-10-22 05:32:00,Bill_Payment,801.09,UPI,Success,INR
T000482,A00154,M0075,2024-07-21 12:57:39,Transfer,469.93,UPI,Failed,INR
T000483,A00439,M0054,2024-03-01 20:47:54,Transfer,1350.35,UPI,Success,INR
T000484,A00167,M0081,2024-11-09 11:48:37,Refund,490.36,UPI,Success,INR
T000485,A00161,M0045,2024-06-09 21:04:45,Refund,558.67,ATM,Success,INR
T000486,A00270,M0086,2024-11-26 12:52:30,Transfer,2040.82,ATM,Success,INR
T000487,A00056,M0037,2025-06-11 21:26:19,Transfer,83.14,UPI,Success,INR
T000488,A00228,M0084,2024-12-03 07:51:14,Transfer,460.53,Wallet,Success,INR
T000489,A00337,M0048,2025-08-28 12:30:13,Purchase,596.4,Card,Success,INR
T000490,A00149,M0054,2024-10-30 11:05:13,Refund,4405.52,UPI,Success,INR
T000491,A00046,M0048,2025-05-17 12:43:39,Withdrawal,1637.29,NetBanking,Success,INR
T000492,A00144,M0006,2025-10-11 22:49:28,Purchase,1065.76,Wallet,Success,INR
T000493,A00238,M0034,2024-12-03 21:37:37,Purchase,999.36,UPI,Success,INR
T000494,A00272,M0063,2025-07-03 18:01:50,Purchase,1225.52,UPI,Success,INR
T000495,A00120,M0078,2025-09-30 06:31:25,Purchase,1367.91,UPI,Failed,INR
T000496,A00340,M0048,2024-10-01 00:47:40,Purchase,1227.8,UPI,Success,INR
T000497,A00413,M0023,2024-06-12 13:51:15,Purchase,6322.79,UPI,Success,INR
T000498,A00220,M0084,2025-03-18 04:08:39,Purchase,738.57,Card,Pending,INR
T000499,A00008,M0013,2024-11-14 20:32:27,Transfer,1282.99,NetBanking,Success,INR
T000500,A00344,M0047,2025-08-11 02:39:46,Purchase,1134.78,UPI,Success,INR
T000501,A00387,M0044,2025-05-18 14:26:26,Purchase,2553.83,UPI,Success,INR
T000502,A00275,M0032,2025-11-16 06:24:15,Purchase,587.63,NetBanking,Success,INR
T000503,A00353,M0026,2025-01-21 09:41:30,Bill_Payment,788.29,UPI,Success,INR
T000504,A00066,M0053,2025-08-25 17:31:21,Purchase,281.33,NetBanking,Success,INR
T000505,A00079,M0014,2025-11-21 08:00:07,Purchase,2665.94,ATM,Success,INR
T000506,A00086,M0052,2025-05-08 23:52:00,Transfer,278.49,ATM,Success,INR
T000507,A00124,M0036,2025-05-04 13:06:17,Purchase,1782.19,Card,Success,INR
T000508,A00202,M0008,2025-12-21 19:03:45,Purchase,4979.01,UPI,Success,INR
T000509,A00150,M0040,2024-03-13 03:57:22,Purchase,6205.32,UPI,Success,INR
T000510,A00046,M0086,2025-05-23 15:38:37,Transfer,832.66,NetBanking,Success,INR
T000511,A00113,M0022,2025-01-24 11:06:18,Transfer,803.29,ATM,Success,INR
T000512,A00091,M0016,2025-09-10 04:33:53,Transfer,1025.87,UPI,Success,INR
T000513,A00141,M0091,2024-10-21 09:14:42,Purchase,2466.77,UPI,Success,INR
T000514,A00289,M0060,2025-01-03 21:15:19,Withdrawal,973.71,NetBanking,Success,INR
T000515,A00389,M0060,2025-11-24 12:06:18,Purchase,857.17,UPI,Success,INR
T000516,A00218,M0010,2025-07-02 19:30:07,Purchase,2879.68,UPI,Success,INR
T000517,A00077,M0025,2025-10-10 06:42:13,Purchase,1140.6,Wallet,Success,INR
T000518,A00411,M0031,2025-07-21 13:58:37,Transfer,955.49,UPI,Success,INR
T000519,A00377,M0021,2024-07-05 18:19:10,Purchase,498.44,UPI,Success,INR
T000520,A00384,M0091,2025-03-20 16:33:32,Transfer,2763.7,Card,Success,INR
T000521,A00334,M0081,2025-07-23 18:01:13,Bill_Payment,1369.73,NetBanking,Success,INR
T000522,A00152,M0033,2024-12-28 17:13:22,Purchase,1085.12,UPI,Success,INR
T000523,A00323,M0031,2024-05-02 14:35:08,Purchase,205.25,UPI,Success,INR
T000524,A00239,M0090,2024-07-06 10:39:39,Purchase,2589.06,Card,Success,INR
T000525,A00115,M0021,2025-11-10 04:13:51,Purchase,395.12,Card,Success,INR
T000526,A00319,M0036,2025-02-23 11:26:03,Purchase,1647.03,UPI,Success,INR
T000527,A00369,M0065,2025-09-17 08:47:56,Refund,544.2,UPI,Success,INR
T000528,A00094,M0004,2024-09-08 23:44:43,Purchase,417.47,Card,Success,INR
T000529,A00048,M0068,2025-09-10 15:25:35,Withdrawal,2528.39,NetBanking,Success,INR
T000530,A00191,M0090,2025-07-02 12:48:30,Purchase,1201.7,NetBanking,Success,INR
T000531,A00012,M0004,2024-11-30 13:02:58,Bill_Payment,1137.9,NetBanking,Success,INR
T000532,A00156,M0009,2024-04-01 20:06:09,Bill_Payment,6345.23,NetBanking,Success,INR
T000533,A00172,M0030,2025-06-13 01:19:12,Withdrawal,6257.48,UPI,Success,INR
T000534,A00427,M0045,2024-03-03 06:48:27,Bill_Payment,878.08,Wallet,Success,INR
T000535,A00401,M0004,2025-10-23 23:48:25,Purchase,338.18,Wallet,Success,INR
T000536,A00296,M0069,2025-05-26 11:31:35,Purchase,3914.45,Card,Success,INR
T000537,A00177,M0023,2024-05-18 16:54:46,Transfer,326.96,UPI,Success,INR
T000538,A00341,M0016,2025-11-28 19:35:59,Transfer,1681.9,Card,Success,INR
T000539,A00057,M0022,2024-07-03 00:16:22,Bill_Payment,861.69,Card,Success,INR
T000540,A00343,M0072,2024-07-23 22:10:41,Purchase,1174.27,UPI,Success,INR
T000541,A00340,M0048,2024-08-01 04:29:06,Purchase,3306.56,Card,Success,INR
T000542,A00448,M0062,2024-09-12 15:14:03,Purchase,540.15,NetBanking,Success,INR
T000543,A00203,M0097,2024-05-14 21:18:57,Bill_Payment,634.38,NetBanking,Success,INR
T000544,A00185,M0060,2025-07-26 22:54:06,Bill_Payment,2169.49,UPI,Success,INR
T000545,A00121,M0080,2024-03-28 06:33:56,Transfer,5485.9,UPI,Success,INR
T000546,A00226,M0005,2024-07-25 23:00:50,Transfer,10165.52,Card,Success,INR
T000547,A00202,M0080,2024-05-08 07:35:32,Transfer,297.16,Wallet,Success,INR
T000548,A00330,M0007,2024-01-03 14:17:14,Transfer,751.71,Card,Success,INR
T000549,A00363,M0051,2024-04-30 23:17:46,Purchase,433.38,NetBanking,Failed,INR
T000550,A00380,M0065,2025-01-19 17:01:11,Transfer,2349.36,UPI,Pending,INR
T000551,A00356,M0009,2025-09-05 17:25:26,Purchase,1158.38,Card,Success,INR
T000552,A00216,M0082,2024-02-07 22:28:21,Transfer,2416.34,ATM,Failed,INR
T000553,A00043,M0045,2024-12-06 02:48:28,Purchase,768.47,Card,Success,INR
T000554,A00375,M0047,2025-10-06 19:08:16,Withdrawal,2058.18,Wallet,Success,INR
T000555,A00023,M0067,2025-12-14 11:49:13,Bill_Payment,933.51,Card,Pending,INR
T000556,A00155,M0024,2024-01-21 11:21:20,Transfer,1246.39,NetBanking,Success,INR
T000557,A00186,M0092,2024-08-29 14:27:57,Withdrawal,652.87,UPI,Success,INR
T000558,A00249,M0010,2025-03-30 01:00:25,Transfer,3729.54,UPI,Success,INR
T000559,A00237,M0073,2025-09-12 10:37:17,Transfer,351.97,UPI,Success,INR
T000560,A00293,M0077,2024-10-29 00:20:23,Purchase,989.94,Card,Success,INR
T000561,A00134,M0048,2025-08-18 16:28:23,Withdrawal,5446.87,UPI,Failed,INR
T000562,A00321,M0035,2025-08-17 18:06:37,Purchase,3457.79,NetBanking,Failed,INR
T000563,A00390,M0054,2024-03-09 20:44:53,Transfer,513.42,Wallet,Success,INR
T000564,A00434,M0087,2024-05-08 10:29:20,Transfer,537.47,Card,Success,INR
T000565,A00022,M0081,2024-07-14 21:59:42,Withdrawal,1741.79,UPI,Success,INR
T000566,A00361,M0071,2024-05-19 16:06:06,Withdrawal,1968.33,Wallet,Success,INR
T000567,A00088,M0016,2025-03-19 08:03:44,Transfer,3200.02,Card,Success,INR
T000568,A00153,M0053,2024-10-09 19:32:03,Bill_Payment,308.48,NetBanking,Pending,INR
T000569,A00125,M0040,2024-11-07 06:26:42,Transfer,3583.93,Wallet,Success,INR
T000570,A00079,M0100,2025-06-18 14:18:44,Refund,487.22,ATM,Success,INR
T000571,A00346,M0020,2025-10-26 12:11:48,Withdrawal,3645.35,Card,Success,INR
T000572,A00051,M0088,2024-10-03 10:01:07,Purchase,256.24,NetBanking,Success,INR
T000573,A00216,M0069,2024-03-01 02:36:00,Bill_Payment,402.4,Card,Success,INR
T000574,A00176,M0045,2024-11-14 03:35:41,Transfer,5161.15,Card,Success,INR
T000575,A00358,M0006,2024-02-21 04:26:33,Refund,5423.16,Card,Success,INR
T000576,A00253,M0092,2024-06-01 04:03:40,Withdrawal,1200.27,Card,Success,INR
T000577,A00246,M0069,2024-11-06 05:36:33,Purchase,815.37,UPI,Success,INR
T000578,A00227,M0049,2025-06-27 14:19:19,Purchase,1080.9,NetBanking,Success,INR
T000579,A00106,M0039,2025-07-20 05:54:08,Transfer,1592.81,UPI,Success,INR
T000580,A00193,M0002,2025-01-23 12:44:12,Bill_Payment,1727.33,Card,Success,INR
T000581,A00316,M0039,2025-07-01 01:23:47,Withdrawal,841.13,NetBanking,Success,INR
T000582,A00302,M0021,2025-09-13 17:36:50,Purchase,192.11,Wallet,Success,INR
T000583,A00036,M0040,2024-06-25 01:11:00,Transfer,672.27,UPI,Success,INR
T000584,A00442,M0082,2024-12-27 10:26:36,Transfer,270.56,Wallet,Success,INR
T000585,A00204,M0054,2024-11-09 02:30:12,Purchase,2184.69,Wallet,Success,INR
T000586,A00422,M0012,2024-04-06 07:10:23,Purchase,1528.44,Card,Success,INR
T000587,A00267,M0081,2024-07-31 20:30:51,Purchase,992.15,NetBanking,Success,INR
T000588,A00268,M0037,2024-05-16 13:03:47,Purchase,875.07,UPI,Success,INR
T000589,A00170,M0038,2024-01-06 21:42:47,Purchase,6434.91,ATM,Success,INR
T000590,A00039,M0015,2024-04-18 23:16:34,Purchase,3077.14,Card,Success,INR
T000591,A00139,M0007,2025-06-30 06:58:19,Bill_Payment,1319.21,UPI,Success,INR
T000592,A00292,M0078,2024-02-08 10:16:32,Purchase,675.7,UPI,Success,INR
T000593,A00052,M0050,2025-10-23 03:02:57,Purchase,3501.68,Card,Success,INR
T000594,A00287,M0065,2025-02-28 15:37:14,Purchase,1211.3,UPI,Success,INR
T000595,A00289,M0067,2025-09-21 13:09:36,Purchase,611.86,NetBanking,Success,INR
T000596,A00141,M0044,2024-09-17 09:26:18,Transfer,644.5,UPI,Success,INR
T000597,A00146,M0031,2025-03-01 02:33:38,Purchase,1989.57,Card,Success,INR
T000598,A00425,M0043,2024-03-27 06:03:08,Transfer,2583.99,Card,Pending,INR
T000599,A00314,M0077,2025-04-09 05:41:41,Withdrawal,1943.1,Wallet,Success,INR
T000600,A00184,M0048,2024-03-16 21:39:49,Purchase,1981.88,NetBanking,Success,INR
T000601,A00152,M0082,2025-04-15 04:13:30,Transfer,833.94,NetBanking,Success,INR
T000602,A00201,M0081,2025-02-17 20:37:05,Transfer,671.99,Wallet,Success,INR
T000603,A00128,M0081,2025-12-26 12:38:09,Purchase,1253.54,Card,Success,INR
T000604,A00287,M0061,2025-04-01 17:42:01,Withdrawal,1018.59,NetBanking,Success,INR
T000605,A00311,M0075,2024-10-11 11:50:53,Bill_Payment,445.54,UPI,Success,INR
T000606,A00253,M0084,2024-08-26 11:22:30,Transfer,1065.26,NetBanking,Success,INR
T000607,A00266,M0010,2025-11-07 02:28:36,Purchase,2040.54,UPI,Success,INR
T000608,A00188,M0029,2025-08-21 18:18:31,Bill_Payment,771.75,Wallet,Success,INR
T000609,A00386,M0048,2025-10-14 08:44:09,Purchase,4575.75,UPI,Success,INR
T000610,A00230,M0098,2025-11-02 05:46:22,Purchase,355.44,UPI,Success,INR
T000611,A00271,M0081,2025-07-11 05:37:23,Purchase,522.31,UPI,Success,INR
T000612,A00259,M0062,2025-01-06 08:09:39,Transfer,654.91,UPI,Failed,INR
T000613,A00299,M0013,2025-05-09 10:29:40,Bill_Payment,2299.03,UPI,Success,INR
T000614,A00415,M0044,2025-09-15 08:32:20,Purchase,1327.62,Card,Success,INR
T000615,A00198,M0047,2024-02-14 05:33:04,Purchase,494.01,Wallet,Success,INR
T000616,A00323,M0064,2025-02-04 00:00:50,Transfer,203.36,UPI,Success,INR
T000617,A00056,M0091,2024-09-03 01:49:50,Bill_Payment,376.88,UPI,Success,INR
T000618,A00319,M0053,2025-09-07 11:10:05,Purchase,226.34,NetBanking,Success,INR
T000619,A00203,M0090,2025-08-19 04:12:42,Bill_Payment,2406.98,UPI,Success,INR
T000620,A00271,M0092,2025-03-25 13:49:06,Purchase,422.77,Wallet,Success,INR
T000621,A00109,M0077,2025-04-29 03:38:25,Withdrawal,2023.34,UPI,Success,INR
T000622,A00116,M0076,2025-10-07 10:24:59,Transfer,1789.02,Card,Success,INR
T000623,A00092,M0044,2025-09-11 10:10:41,Purchase,3204.88,UPI,Success,INR
T000624,A00138,M0028,2024-01-18 03:13:48,Transfer,576.4,UPI,Success,INR
T000625,A00422,M0002,2025-08-28 11:40:32,Bill_Payment,1578.54,NetBanking,Success,INR
T000626,A00303,M0057,2025-10-23 18:03:49,Purchase,1223.55,UPI,Success,INR
T000627,A00057,M0057,2024-10-15 10:41:56,Purchase,1226.62,ATM,Failed,INR
T000628,A00050,M0034,2025-02-17 00:24:36,Purchase,1078.02,Card,Success,INR
T000629,A00071,M0087,2025-12-21 11:20:00,Purchase,2339.57,NetBanking,Success,INR
T000630,A00399,M0058,2025-09-29 09:56:28,Withdrawal,2120.29,ATM,Success,INR
T000631,A00402,M0052,2024-08-22 07:17:20,Purchase,1094.15,UPI,Success,INR
T000632,A00082,M0029,2025-02-19 03:02:02,Withdrawal,725.27,NetBanking,Success,INR
T000633,A00372,M0035,2025-05-13 17:49:58,Purchase,653.98,UPI,Success,INR
T000634,A00105,M0075,2025-09-25 16:18:59,Refund,1132.16,Card,Success,INR
T000635,A00088,M0048,2025-10-11 20:26:42,Purchase,1338.95,NetBanking,Success,INR
T000636,A00002,M0033,2024-04-24 03:21:29,Purchase,1009.98,Card,Failed,INR
T000637,A00360,M0075,2025-11-04 09:03:20,Purchase,342.88,UPI,Success,INR
T000638,A00084,M0073,2025-12-13 12:49:36,Bill_Payment,833.64,Card,Success,INR
T000639,A00043,M0078,2024-08-21 02:16:07,Purchase,682.41,Wallet,Success,INR
T000640,A00154,M0009,2025-06-23 21:45:52,Purchase,1111.62,Wallet,Failed,INR
T000641,A00327,M0048,2024-01-11 05:52:44,Bill_Payment,10748.72,NetBanking,Success,INR
T000642,A00422,M0067,2024-07-24 23:52:45,Bill_Payment,1615.08,UPI,Success,INR
T000643,A00094,M0093,2025-11-09 08:43:35,Bill_Payment,3415.29,Wallet,Success,INR
T000644,A00298,M0083,2024-09-03 20:27:33,Purchase,592.48,Wallet,Success,INR
T000645,A00133,M0036,2025-07-12 19:58:15,Purchase,1118.45,UPI,Success,INR
T000646,A00395,M0096,2024-05-06 22:11:40,Withdrawal,3313.66,UPI,Success,INR
T000647,A00065,M0071,2024-05-26 21:03:49,Transfer,264.44,Wallet,Success,INR
T000648,A00290,M0092,2024-04-27 16:17:30,Purchase,888.85,Wallet,Success,INR
T000649,A00376,M0044,2025-01-16 16:23:01,Purchase,1917.14,UPI,Success,INR
T000650,A00257,M0082,2025-02-15 20:47:48,Refund,1027.29,ATM,Success,INR
T000651,A00386,M0060,2025-10-25 00:10:15,Purchase,657.8,Card,Success,INR
T000652,A00213,M0063,2025-08-06 12:40:12,Withdrawal,691.91,ATM,Success,INR
T000653,A00148,M0005,2024-12-28 21:38:57,Purchase,1456.59,UPI,Success,INR
T000654,A00061,M0087,2025-05-23 11:38:56,Withdrawal,266.82,Card,Success,INR
T000655,A00149,M0086,2024-05-16 08:09:32,Transfer,1226.8,UPI,Success,INR
T000656,A00088,M0090,2024-06-23 18:51:15,Purchase,2107.52,Wallet,Pending,INR
T000657,A00324,M0076,2024-10-15 22:43:02,Purchase,791.62,UPI,Success,INR
T000658,A00383,M0040,2025-04-25 17:08:20,Withdrawal,269.35,NetBanking,Success,INR
T000659,A00396,M0019,2024-01-19 02:15:09,Purchase,691.71,UPI,Success,INR
T000660,A00278,M0047,2024-07-13 06:35:58,Withdrawal,981.04,NetBanking,Success,INR
T000661,A00404,M0065,2024-11-25 03:41:57,Transfer,416.18,Card,Success,INR
T000662,A00082,M0067,2024-06-23 22:51:38,Transfer,1127.29,UPI,Success,INR
T000663,A00129,M0091,2025-03-24 19:10:01,Purchase,1280.29,UPI,Success,INR
T000664,A00286,M0018,2024-12-19 14:17:03,Purchase,3236.76,UPI,Success,INR
T000665,A00382,M0050,2025-05-13 07:07:02,Withdrawal,945.36,NetBanking,Success,INR
T000666,A00353,M0030,2024-05-20 01:53:20,Purchase,1212.64,Card,Success,INR
T000667,A00280,M0066,2024-04-02 09:52:19,Refund,667.9,UPI,Success,INR
T000668,A00270,M0005,2024-08-26 00:43:20,Refund,713.76,UPI,Success,INR
T000669,A00292,M0093,2024-07-23 19:44:14,Purchase,2066.83,Card,Success,INR
T000670,A00203,M0097,2025-07-13 23:39:23,Purchase,887.98,UPI,Failed,INR
T000671,A00024,M0042,2025-03-08 08:09:29,Purchase,2307.55,UPI,Pending,INR
T000672,A00444,M0084,2024-09-01 04:38:09,Refund,1051.41,Card,Success,INR
T000673,A00351,M0094,2024-11-12 22:37:39,Purchase,391.72,Card,Success,INR
T000674,A00311,M0005,2024-10-21 10:41:09,Purchase,587.8,Card,Success,INR
T000675,A00208,M0050,2025-10-01 00:15:58,Withdrawal,9667.75,UPI,Success,INR
T000676,A00280,M0085,2024-10-08 16:40:12,Purchase,1001.83,UPI,Success,INR
T000677,A00205,M0058,2024-01-17 19:11:14,Purchase,256.26,NetBanking,Success,INR
T000678,A00152,M0079,2024-03-11 16:40:21,Purchase,393.67,Wallet,Success,INR
T000679,A00438,M0084,2024-09-25 14:06:22,Transfer,577.34,Card,Failed,INR
T000680,A00026,M0008,2024-11-20 20:58:39,Purchase,490.8,UPI,Success,INR
T000681,A00194,M0031,2024-10-31 16:28:35,Transfer,407.77,Card,Success,INR
T000682,A00336,M0012,2025-03-26 06:50:42,Bill_Payment,4089.3,Wallet,Failed,INR
T000683,A00422,M0021,2024-01-07 21:56:43,Transfer,1994.6,Card,Success,INR
T000684,A00238,M0094,2024-11-09 00:03:25,Transfer,916.13,Wallet,Pending,INR
T000685,A00321,M0062,2024-04-12 03:27:22,Purchase,646.43,UPI,Success,INR
T000686,A00075,M0091,2024-07-11 01:34:51,Purchase,948.11,NetBanking,Success,INR
T000687,A00435,M0090,2025-07-27 10:48:29,Purchase,5446.33,Card,Success,INR
T000688,A00163,M0033,2025-06-12 05:25:04,Transfer,503.44,Card,Success,INR
T000689,A00299,M0026,2024-06-19 17:51:10,Purchase,265.22,Card,Success,INR
T000690,A00029,M0090,2025-06-20 16:07:31,Purchase,1999.43,Card,Success,INR
T000691,A00165,M0100,2024-09-07 10:46:38,Purchase,2717.1,NetBanking,Success,INR
T000692,A00337,M0040,2025-01-21 13:42:10,Purchase,4049.99,Wallet,Success,INR
T000693,A00186,M0065,2024-07-25 21:55:19,Transfer,798.63,UPI,Success,INR
T000694,A00054,M0059,2025-06-24 22:47:12,Transfer,806.18,Card,Success,INR
T000695,A00295,M0015,2025-09-20 11:35:16,Purchase,6707.98,Wallet,Failed,INR
T000696,A00042,M0001,2025-02-19 20:43:44,Transfer,1874.22,UPI,Success,INR
T000697,A00412,M0011,2025-01-14 13:03:02,Transfer,1015.8,UPI,Success,INR
T000698,A00285,M0055,2024-05-23 07:37:24,Transfer,1725.08,UPI,Success,INR
T000699,A00427,M0002,2024-01-25 06:52:14,Bill_Payment,740.7,UPI,Success,INR
T000700,A00387,M0065,2025-10-29 11:35:45,Purchase,1438.13,Wallet,Pending,INR
T000701,A00138,M0095,2024-03-13 09:36:11,Purchase,1417.27,UPI,Success,INR
T000702,A00187,M0044,2025-09-23 04:16:29,Transfer,2323.33,Card,Failed,INR
T000703,A00398,M0016,2024-04-02 23:23:38,Bill_Payment,451.95,UPI,Failed,INR
T000704,A00204,M0022,2025-05-19 12:30:38,Transfer,1510.03,UPI,Success,INR
T000705,A00431,M0018,2025-08-20 20:13:15,Bill_Payment,383.78,Wallet,Success,INR
T000706,A00042,M0047,2024-12-01 12:32:48,Withdrawal,5931.11,Card,Success,INR
T000707,A00350,M0081,2025-02-28 21:41:22,Transfer,751.98,UPI,Success,INR
T000708,A00416,M0030,2025-05-13 18:48:10,Transfer,247.3,ATM,Success,INR
T000709,A00288,M0010,2024-12-29 20:38:22,Purchase,13354.71,Card,Failed,INR
T000710,A00426,M0099,2025-09-21 03:07:10,Transfer,686.11,Card,Success,INR
T000711,A00416,M0058,2024-07-17 23:08:21,Transfer,1194.48,Card,Success,INR
T000712,A00026,M0062,2025-12-18 01:38:22,Withdrawal,238.46,UPI,Success,INR
T000713,A00371,M0085,2025-02-16 18:32:38,Purchase,1045.55,Card,Success,INR
T000714,A00385,M0080,2024-12-04 07:30:50,Purchase,4941.59,Card,Success,INR
T000715,A00056,M0006,2025-10-20 20:43:06,Withdrawal,2068.23,UPI,Success,INR
T000716,A00253,M0067,2025-03-04 19:11:50,Transfer,237.28,NetBanking,Success,INR
T000717,A00122,M0041,2024-05-18 21:18:13,Refund,551.77,UPI,Success,INR
T000718,A00106,M0043,2025-11-23 05:26:15,Purchase,2505.8,NetBanking,Success,INR
T000719,A00130,M0085,2025-06-25 16:22:20,Purchase,1944.92,UPI,Pending,INR
T000720,A00337,M0077,2024-02-26 11:10:44,Purchase,708.1,Wallet,Success,INR
T000721,A00158,M0018,2024-08-19 23:11:21,Withdrawal,1567.7,Wallet,Success,INR
T000722,A00376,M0058,2025-10-19 04:09:22,Purchase,373.03,UPI,Success,INR
T000723,A00231,M0060,2025-03-10 21:28:52,Bill_Payment,338.22,Wallet,Failed,INR
T000724,A00308,M0088,2025-01-18 06:47:30,Purchase,116.28,Card,Success,INR
T000725,A00091,M0027,2025-07-13 14:51:34,Bill_Payment,2522.1,NetBanking,Success,INR
T000726,A00393,M0068,2024-07-12 12:30:37,Withdrawal,997.59,NetBanking,Success,INR
T000727,A00022,M0022,2025-10-09 23:04:00,Bill_Payment,1100.81,UPI,Failed,INR
T000728,A00290,M0024,2025-06-17 08:20:41,Purchase,69.21,UPI,Success,INR
T000729,A00110,M0040,2025-06-01 02:58:35,Transfer,1048.72,UPI,Success,INR
T000730,A00049,M0074,2025-12-16 06:03:23,Purchase,1800.73,Card,Success,INR
T000731,A00129,M0066,2024-07-03 19:08:26,Purchase,167.25,UPI,Success,INR
T000732,A00073,M0040,2024-10-18 17:08:46,Purchase,1141.14,Card,Success,INR
T000733,A00340,M0006,2024-11-30 00:31:48,Withdrawal,1032.92,UPI,Success,INR
T000734,A00053,M0018,2024-04-25 10:17:55,Purchase,721.42,Card,Success,INR
T000735,A00356,M0081,2024-02-18 17:56:27,Bill_Payment,3557.67,UPI,Success,INR
T000736,A00380,M0087,2025-11-15 14:54:08,Purchase,2866.68,UPI,Success,INR
T000737,A00168,M0030,2024-03-22 05:52:14,Purchase,21718.47,UPI,Success,INR
T000738,A00045,M0021,2024-11-28 15:35:43,Purchase,368.1,NetBanking,Success,INR
T000739,A00393,M0062,2025-07-10 19:12:03,Withdrawal,1612.88,Wallet,Success,INR
T000740,A00105,M0010,2024-11-30 12:32:33,Purchase,4229.7,UPI,Success,INR
T000741,A00150,M0013,2025-06-15 00:40:13,Bill_Payment,588.17,NetBanking,Success,INR
T000742,A00146,M0076,2024-08-08 06:15:55,Transfer,5024.75,Wallet,Success,INR
T000743,A00204,M0009,2025-09-26 03:02:32,Bill_Payment,1522.96,ATM,Success,INR
T000744,A00362,M0068,2024-11-18 19:09:53,Purchase,227.69,Card,Success,INR
T000745,A00299,M0039,2024-01-03 20:33:20,Purchase,344.71,UPI,Success,INR
T000746,A00167,M0024,2025-11-24 18:31:26,Transfer,650.46,UPI,Success,INR
T000747,A00201,M0034,2024-07-24 08:57:44,Bill_Payment,1012.92,UPI,Success,INR
T000748,A00134,M0061,2024-02-09 13:12:33,Purchase,3342.91,Card,Success,INR
T000749,A00211,M0041,2024-02-28 15:05:59,Bill_Payment,1011.61,Card,Success,INR
T000750,A00048,M0005,2025-07-27 02:43:28,Purchase,3227.18,Card,Success,INR
T000751,A00126,M0079,2025-10-05 14:32:10,Withdrawal,1208.53,UPI,Success,INR
T000752,A00239,M0050,2025-05-21 10:39:05,Purchase,1108.92,UPI,Success,INR
T000753,A00007,M0004,2025-07-25 19:20:17,Purchase,843.24,ATM,Success,INR
T000754,A00272,M0051,2024-05-01 10:53:42,Purchase,2654.0,ATM,Success,INR
T000755,A00385,M0052,2025-04-23 16:02:35,Bill_Payment,1232.17,NetBanking,Success,INR
T000756,A00371,M0039,2025-09-10 02:28:53,Refund,567.19,UPI,Success,INR
T000757,A00037,M0008,2024-04-05 18:56:47,Purchase,1478.63,ATM,Success,INR
T000758,A00211,M0045,2025-02-17 12:08:59,Bill_Payment,726.62,UPI,Success,INR
T000759,A00165,M0088,2024-08-22 13:15:38,Transfer,691.37,NetBanking,Success,INR
T000760,A00125,M0028,2024-03-02 23:29:04,Withdrawal,3179.2,UPI,Success,INR
T000761,A00337,M0027,2024-09-12 06:04:43,Purchase,950.1,Card,Success,INR
T000762,A00192,M0065,2025-07-14 12:03:21,Transfer,7488.59,NetBanking,Success,INR
T000763,A00218,M0034,2024-12-13 04:16:20,Purchase,2125.45,Wallet,Success,INR
T000764,A00214,M0081,2025-11-01 05:03:32,Purchase,550.48,NetBanking,Success,INR
T000765,A00062,M0062,2024-05-03 07:49:34,Transfer,517.5,Wallet,Success,INR
T000766,A00328,M0062,2025-04-26 01:54:21,Bill_Payment,359.0,Card,Success,INR
T000767,A00445,M0038,2024-11-12 01:41:34,Transfer,1891.92,Card,Success,INR
T000768,A00381,M0026,2025-05-18 14:15:19,Bill_Payment,507.27,UPI,Success,INR
T000769,A00161,M0024,2025-12-19 12:58:48,Bill_Payment,142.73,UPI,Success,INR
T000770,A00066,M0039,2024-02-17 06:46:03,Purchase,248.07,NetBanking,Success,INR
T000771,A00286,M0021,2025-02-12 10:55:00,Purchase,405.97,Wallet,Success,INR
T000772,A00239,M0094,2024-05-15 15:13:28,Transfer,1485.0,UPI,Pending,INR
T000773,A00020,M0047,2024-07-19 01:39:03,Bill_Payment,1018.04,UPI,Success,INR
T000774,A00188,M0048,2024-09-06 22:15:05,Refund,2562.04,UPI,Success,INR
T000775,A00082,M0013,2024-11-09 11:50:16,Withdrawal,484.7,Wallet,Success,INR
T000776,A00363,M0003,2025-01-02 20:38:49,Transfer,819.0,UPI,Pending,INR
T000777,A00202,M0032,2025-03-04 07:01:27,Withdrawal,5284.85,UPI,Success,INR
T000778,A00408,M0035,2025-04-24 09:26:11,Purchase,806.69,UPI,Success,INR
T000779,A00132,M0019,2024-11-09 15:35:52,Purchase,1342.12,UPI,Success,INR
T000780,A00037,M0014,2025-05-14 11:45:51,Transfer,607.49,NetBanking,Success,INR
T000781,A00132,M0048,2025-12-21 16:40:40,Bill_Payment,895.17,ATM,Success,INR
T000782,A00077,M0086,2024-12-20 16:50:16,Refund,1682.0,UPI,Success,INR
T000783,A00089,M0081,2025-04-29 06:38:17,Purchase,1981.05,UPI,Success,INR
T000784,A00402,M0068,2024-07-29 06:23:30,Withdrawal,1219.65,Wallet,Success,INR
T000785,A00253,M0045,2025-12-04 11:09:14,Bill_Payment,867.96,Wallet,Success,INR
T000786,A00344,M0019,2024-02-13 05:35:14,Transfer,1232.98,UPI,Success,INR
T000787,A00194,M0064,2025-06-24 05:17:30,Purchase,565.37,UPI,Success,INR
T000788,A00176,M0066,2025-07-24 05:52:05,Transfer,903.3,ATM,Success,INR
T000789,A00033,M0079,2025-08-05 13:59:56,Transfer,1478.98,Card,Success,INR
T000790,A00058,M0066,2024-04-01 12:27:26,Transfer,2665.89,Wallet,Success,INR
T000791,A00201,M0075,2024-09-21 05:39:56,Transfer,482.82,UPI,Success,INR
T000792,A00028,M0045,2024-08-07 10:49:33,Bill_Payment,934.97,Card,Success,INR
T000793,A00035,M0087,2025-03-17 06:32:54,Purchase,443.82,Card,Success,INR
T000794,A00125,M0074,2025-02-04 03:51:09,Purchase,735.1,Wallet,Success,INR
T000795,A00394,M0067,2025-02-03 18:23:14,Transfer,2698.51,ATM,Success,INR
T000796,A00321,M0069,2025-12-27 17:16:07,Purchase,676.63,UPI,Failed,INR
T000797,A00042,M0003,2025-07-29 15:35:47,Refund,1005.87,Card,Failed,INR
T000798,A00085,M0038,2025-05-04 03:22:02,Purchase,360.28,UPI,Success,INR
T000799,A00393,M0077,2025-04-29 12:10:27,Purchase,661.82,NetBanking,Success,INR
T000800,A00188,M0042,2025-04-14 03:42:15,Bill_Payment,272.18,NetBanking,Success,INR
T000801,A00111,M0083,2025-07-27 17:39:36,Purchase,1409.32,Wallet,Success,INR
T000802,A00271,M0040,2025-11-12 06:01:17,Bill_Payment,1527.34,UPI,Success,INR
T000803,A00441,M0050,2025-03-20 07:50:23,Transfer,1485.04,UPI,Success,INR
T000804,A00325,M0035,2024-09-25 08:16:54,Purchase,1573.4,UPI,Success,INR
T000805,A00105,M0024,2024-09-23 23:13:31,Bill_Payment,1487.48,UPI,Success,INR
T000806,A00406,M0088,2024-02-23 11:59:45,Purchase,277.64,UPI,Success,INR
T000807,A00320,M0017,2025-06-11 21:19:54,Transfer,539.69,Wallet,Success,INR
T000808,A00041,M0040,2025-06-03 21:01:15,Purchase,145.57,Card,Success,INR
T000809,A00215,M0074,2025-09-07 11:45:25,Purchase,722.55,Card,Success,INR
T000810,A00071,M0066,2024-02-28 11:15:03,Bill_Payment,500.87,Wallet,Failed,INR
T000811,A00056,M0044,2024-02-09 05:25:14,Withdrawal,1059.11,Wallet,Success,INR
T000812,A00407,M0023,2024-08-24 15:36:36,Purchase,10031.81,Card,Success,INR
T000813,A00236,M0006,2025-01-20 05:48:37,Transfer,2217.31,UPI,Pending,INR
T000814,A00281,M0066,2025-08-28 15:11:39,Withdrawal,4344.31,UPI,Success,INR
T000815,A00105,M0021,2025-12-16 13:55:19,Bill_Payment,2296.8,Card,Success,INR
T000816,A00390,M0035,2025-10-11 23:08:44,Purchase,1002.18,NetBanking,Success,INR
T000817,A00375,M0029,2024-10-26 06:57:41,Bill_Payment,1087.1,NetBanking,Success,INR
T000818,A00162,M0007,2025-01-29 02:45:47,Transfer,2387.8,Card,Success,INR
T000819,A00191,M0093,2024-07-25 22:31:20,Transfer,1371.3,Wallet,Success,INR
T000820,A00009,M0053,2024-12-01 23:45:50,Refund,846.27,NetBanking,Success,INR
T000821,A00060,M0037,2025-08-15 22:18:51,Purchase,3959.29,ATM,Failed,INR
T000822,A00381,M0023,2025-12-30 09:03:52,Purchase,1636.41,Wallet,Success,INR
T000823,A00305,M0097,2025-05-28 05:22:32,Purchase,304.1,UPI,Failed,INR
T000824,A00225,M0008,2024-06-26 06:34:13,Purchase,932.31,UPI,Success,INR
T000825,A00307,M0076,2025-01-30 18:38:35,Purchase,1147.35,UPI,Failed,INR
T000826,A00188,M0048,2025-01-05 12:09:15,Withdrawal,762.09,Card,Success,INR
T000827,A00070,M0010,2025-10-19 19:59:48,Purchase,775.38,Card,Success,INR
T000828,A00293,M0079,2024-11-13 10:32:01,Purchase,753.29,UPI,Success,INR
T000829,A00287,M0024,2025-01-03 16:23:23,Purchase,220.03,Wallet,Success,INR
T000830,A00169,M0090,2025-01-18 22:27:56,Purchase,187.49,UPI,Success,INR
T000831,A00062,M0047,2024-03-02 12:57:48,Purchase,609.08,Wallet,Success,INR
T000832,A00349,M0053,2025-05-19 15:19:35,Transfer,764.75,Card,Success,INR
T000833,A00442,M0039,2024-08-26 13:15:38,Purchase,328.53,UPI,Success,INR
T000834,A00014,M0067,2024-07-13 14:50:52,Refund,436.24,UPI,Success,INR
T000835,A00164,M0066,2025-11-08 18:58:43,Purchase,873.22,UPI,Success,INR
T000836,A00420,M0006,2024-08-09 12:49:09,Bill_Payment,2773.74,UPI,Success,INR
T000837,A00245,M0021,2024-03-01 04:23:59,Purchase,2614.35,NetBanking,Success,INR
T000838,A00335,M0073,2024-05-08 00:35:55,Withdrawal,2694.42,UPI,Success,INR
T000839,A00008,M0074,2025-11-15 01:56:59,Transfer,441.73,NetBanking,Success,INR
T000840,A00154,M0036,2024-06-04 15:08:32,Bill_Payment,897.8,UPI,Success,INR
T000841,A00036,M0003,2025-01-12 17:08:10,Transfer,3334.5,UPI,Success,INR
T000842,A00048,M0088,2025-09-13 23:55:50,Refund,224.03,NetBanking,Success,INR
T000843,A00085,M0086,2025-08-08 07:16:30,Transfer,725.24,Card,Success,INR
T000844,A00028,M0078,2025-03-12 03:02:08,Withdrawal,1339.36,Card,Success,INR
T000845,A00196,M0042,2024-07-25 13:27:05,Bill_Payment,236.37,UPI,Success,INR
T000846,A00446,M0045,2025-01-22 20:35:34,Withdrawal,1613.2,UPI,Success,INR
T000847,A00208,M0044,2025-04-24 23:55:17,Transfer,4412.93,UPI,Success,INR
T000848,A00204,M0091,2024-12-05 13:36:14,Purchase,3301.48,Card,Success,INR
T000849,A00307,M0033,2024-12-05 13:16:36,Bill_Payment,934.51,UPI,Success,INR
T000850,A00104,M0060,2024-07-22 13:32:23,Transfer,2282.34,Card,Success,INR
T000851,A00230,M0086,2024-06-09 22:04:15,Transfer,234.0,Wallet,Success,INR
T000852,A00426,M0093,2025-06-23 19:27:15,Purchase,1408.83,UPI,Success,INR
T000853,A00101,M0083,2025-01-26 10:27:57,Transfer,833.63,Wallet,Success,INR
T000854,A00029,M0083,2025-11-07 15:38:41,Transfer,958.63,UPI,Success,INR
T000855,A00127,M0070,2025-07-28 16:22:53,Transfer,1204.05,NetBanking,Success,INR
T000856,A00338,M0083,2025-06-17 14:33:34,Purchase,1554.44,NetBanking,Success,INR
T000857,A00010,M0077,2024-03-10 07:06:42,Purchase,296.82,UPI,Success,INR
T000858,A00106,M0026,2025-02-08 08:14:52,Purchase,453.77,ATM,Success,INR
T000859,A00167,M0086,2025-08-30 13:32:30,Withdrawal,870.76,UPI,Success,INR
T000860,A00257,M0021,2025-11-05 06:02:40,Purchase,221.23,UPI,Success,INR
T000861,A00295,M0100,2025-08-13 19:00:56,Transfer,1240.82,Card,Success,INR
T000862,A00277,M0002,2025-05-31 06:41:25,Transfer,2320.29,ATM,Success,INR
T000863,A00065,M0047,2024-04-29 17:46:04,Refund,3838.85,Wallet,Success,INR
T000864,A00271,M0030,2025-11-20 06:22:05,Purchase,1196.05,UPI,Success,INR
T000865,A00388,M0027,2025-11-18 01:33:35,Purchase,5989.4,Card,Pending,INR
T000866,A00188,M0071,2024-08-04 10:18:03,Transfer,1062.59,UPI,Success,INR
T000867,A00317,M0020,2024-02-25 18:58:39,Transfer,353.86,Card,Success,INR
T000868,A00404,M0050,2024-12-31 02:40:05,Purchase,1042.78,Card,Success,INR
T000869,A00138,M0095,2025-11-29 12:23:28,Bill_Payment,911.32,UPI,Success,INR
T000870,A00343,M0023,2025-05-18 05:19:52,Transfer,1745.06,Card,Failed,INR
T000871,A00105,M0013,2025-03-30 00:55:31,Purchase,1399.07,Wallet,Success,INR
T000872,A00034,M0081,2024-04-13 14:15:30,Purchase,1312.05,Card,Success,INR
T000873,A00380,M0004,2024-03-17 13:52:29,Bill_Payment,2618.14,NetBanking,Failed,INR
T000874,A00110,M0014,2024-08-17 18:59:42,Purchase,744.74,UPI,Success,INR
T000875,A00432,M0020,2024-09-14 10:26:26,Purchase,1780.86,ATM,Success,INR
T000876,A00033,M0013,2024-09-20 14:30:43,Purchase,1412.02,UPI,Failed,INR
T000877,A00354,M0003,2024-11-26 16:16:58,Transfer,1215.06,Card,Success,INR
T000878,A00231,M0090,2024-06-30 21:45:11,Bill_Payment,1033.66,NetBanking,Success,INR
T000879,A00317,M0090,2025-07-03 02:05:49,Purchase,349.27,NetBanking,Success,INR
T000880,A00266,M0082,2025-11-18 14:34:54,Purchase,872.6,UPI,Success,INR
T000881,A00182,M0096,2024-01-27 06:39:18,Purchase,924.44,UPI,Success,INR
T000882,A00340,M0078,2024-10-02 10:25:38,Transfer,572.23,Card,Success,INR
T000883,A00065,M0047,2025-10-13 01:37:13,Purchase,323.08,UPI,Success,INR
T000884,A00333,M0003,2024-10-25 06:29:46,Bill_Payment,664.56,Card,Success,INR
T000885,A00001,M0001,2024-03-31 19:56:18,Purchase,716.17,UPI,Success,INR
T000886,A00133,M0090,2025-04-24 06:53:52,Purchase,328.23,UPI,Success,INR
T000887,A00080,M0024,2025-07-26 21:37:37,Purchase,327.92,UPI,Success,INR
T000888,A00271,M0035,2025-04-02 10:48:50,Bill_Payment,166.88,UPI,Success,INR
T000889,A00241,M0014,2025-03-26 09:00:07,Transfer,1430.19,NetBanking,Success,INR
T000890,A00028,M0067,2024-12-30 01:07:53,Refund,2644.49,Card,Success,INR
T000891,A00223,M0013,2025-11-05 04:54:27,Purchase,1112.64,Card,Success,INR
T000892,A00023,M0047,2024-12-16 04:27:15,Purchase,762.13,UPI,Failed,INR
T000893,A00109,M0050,2025-10-16 01:52:12,Transfer,313.87,UPI,Success,INR
T000894,A00107,M0078,2025-02-03 15:18:17,Transfer,150.75,UPI,Success,INR
T000895,A00145,M0085,2024-09-09 00:58:07,Transfer,1064.57,UPI,Success,INR
T000896,A00369,M0026,2025-04-03 16:01:42,Purchase,1908.55,NetBanking,Success,INR
T000897,A00354,M0003,2025-11-29 23:38:27,Purchase,518.44,ATM,Success,INR
T000898,A00397,M0051,2025-05-13 08:04:35,Purchase,2835.2,Wallet,Success,INR
T000899,A00398,M0040,2025-05-22 19:43:51,Transfer,589.93,Card,Success,INR
T000900,A00139,M0068,2024-10-30 23:23:37,Transfer,2911.72,Card,Success,INR
T000901,A00284,M0036,2025-05-15 04:06:21,Bill_Payment,543.09,Wallet,Success,INR
T000902,A00298,M0051,2025-08-20 11:04:25,Purchase,99.82,Card,Success,INR
T000903,A00099,M0001,2024-06-14 02:21:09,Bill_Payment,1927.0,Card,Success,INR
T000904,A00317,M0033,2025-02-18 12:32:47,Purchase,477.92,Card,Success,INR
T000905,A00123,M0007,2025-04-06 22:42:18,Purchase,273.63,NetBanking,Success,INR
T000906,A00320,M0052,2024-04-23 05:32:08,Refund,1691.61,Card,Success,INR
T000907,A00287,M0011,2025-03-08 21:15:21,Transfer,492.54,Card,Success,INR
T000908,A00081,M0027,2024-12-21 10:59:59,Transfer,307.47,NetBanking,Success,INR
T000909,A00010,M0014,2025-11-25 04:39:35,Transfer,3569.81,NetBanking,Success,INR
T000910,A00008,M0086,2024-07-25 18:28:24,Purchase,912.08,UPI,Success,INR
T000911,A00405,M0080,2024-08-22 21:05:18,Withdrawal,301.39,NetBanking,Success,INR
T000912,A00205,M0046,2025-03-17 19:38:07,Bill_Payment,722.84,UPI,Success,INR
T000913,A00315,M0076,2024-12-20 07:26:44,Purchase,7474.91,Wallet,Success,INR
T000914,A00434,M0010,2025-05-29 08:57:39,Transfer,1213.33,UPI,Success,INR
T000915,A00197,M0024,2024-07-26 23:58:04,Withdrawal,615.44,UPI,Success,INR
T000916,A00198,M0061,2025-12-09 23:40:27,Purchase,1722.0,NetBanking,Success,INR
T000917,A00030,M0018,2024-05-04 12:06:00,Purchase,728.58,Card,Success,INR
T000918,A00401,M0086,2024-05-17 07:34:16,Purchase,693.35,UPI,Success,INR
T000919,A00020,M0009,2024-12-04 01:42:05,Transfer,607.45,UPI,Success,INR
T000920,A00048,M0017,2025-06-20 01:12:50,Bill_Payment,2365.05,ATM,Success,INR
T000921,A00130,M0058,2024-03-08 01:20:38,Transfer,1306.72,UPI,Success,INR
T000922,A00293,M0013,2025-07-26 15:57:09,Purchase,3944.27,UPI,Success,INR
T000923,A00385,M0050,2025-06-24 00:52:14,Transfer,1445.48,Card,Success,INR
T000924,A00132,M0006,2025-01-17 11:59:59,Bill_Payment,4336.58,Card,Success,INR
T000925,A00356,M0085,2024-01-19 21:24:52,Purchase,1968.6,NetBanking,Success,INR
T000926,A00054,M0051,2025-11-13 09:23:42,Bill_Payment,867.87,NetBanking,Success,INR
T000927,A00378,M0036,2025-03-25 05:35:13,Withdrawal,970.84,Wallet,Success,INR
T000928,A00281,M0071,2024-03-14 17:39:54,Purchase,5682.15,Wallet,Failed,INR
T000929,A00387,M0100,2025-07-26 00:44:29,Purchase,3545.5,NetBanking,Success,INR
T000930,A00265,M0025,2025-10-26 13:43:47,Transfer,4411.99,UPI,Success,INR
T000931,A00215,M0011,2024-10-02 22:40:17,Withdrawal,442.88,Card,Success,INR
T000932,A00290,M0044,2024-02-17 03:35:38,Bill_Payment,202.83,Card,Success,INR
T000933,A00043,M0014,2024-07-29 01:35:17,Transfer,513.45,Card,Success,INR
T000934,A00074,M0029,2025-10-12 21:36:58,Purchase,1272.75,UPI,Success,INR
T000935,A00350,M0074,2025-09-13 13:14:19,Purchase,613.39,Card,Success,INR
T000936,A00278,M0050,2025-11-25 17:56:15,Withdrawal,1124.02,Wallet,Success,INR
T000937,A00326,M0005,2025-06-23 22:08:57,Purchase,730.63,UPI,Success,INR
T000938,A00242,M0072,2025-12-09 04:31:29,Transfer,224.03,Card,Success,INR
T000939,A00130,M0069,2024-07-09 06:46:46,Purchase,1613.25,Card,Failed,INR
T000940,A00350,M0088,2024-11-10 03:34:33,Purchase,1127.53,UPI,Success,INR
T000941,A00194,M0057,2025-07-16 22:47:28,Purchase,3627.93,Card,Success,INR
T000942,A00032,M0026,2025-10-22 06:31:01,Purchase,1266.32,UPI,Success,INR
T000943,A00106,M0006,2025-07-15 05:45:10,Transfer,2218.05,Card,Success,INR
T000944,A00400,M0016,2024-04-22 23:44:48,Purchase,524.61,NetBanking,Success,INR
T000945,A00204,M0060,2024-06-18 03:44:08,Bill_Payment,1498.63,NetBanking,Success,INR
T000946,A00001,M0100,2025-04-12 04:13:18,Transfer,2270.42,UPI,Success,INR
T000947,A00245,M0012,2025-11-08 20:19:18,Transfer,1809.36,UPI,Success,INR
T000948,A00072,M0075,2024-01-14 18:52:18,Purchase,894.36,NetBanking,Success,INR
T000949,A00432,M0003,2025-12-15 14:06:39,Transfer,1503.28,UPI,Success,INR
T000950,A00306,M0063,2024-10-14 09:42:41,Purchase,1920.75,UPI,Success,INR
T000951,A00397,M0064,2024-07-07 11:56:47,Refund,3233.27,UPI,Success,INR
T000952,A00015,M0062,2024-06-03 18:11:10,Transfer,661.82,NetBanking,Success,INR
T000953,A00053,M0006,2025-07-20 14:30:56,Purchase,401.36,NetBanking,Success,INR
T000954,A00428,M0019,2025-11-24 05:45:39,Transfer,518.96,ATM,Success,INR
T000955,A00008,M0018,2025-12-22 23:20:54,Purchase,1249.95,UPI,Success,INR
T000956,A00330,M0080,2025-04-15 16:09:46,Purchase,1100.98,UPI,Success,INR
T000957,A00046,M0087,2024-03-15 07:22:27,Bill_Payment,1928.67,Card,Failed,INR
T000958,A00325,M0043,2024-10-03 23:50:23,Purchase,2316.24,NetBanking,Success,INR
T000959,A00114,M0073,2025-10-06 14:17:11,Transfer,201.0,UPI,Success,INR
T000960,A00147,M0003,2024-12-08 07:04:36,Refund,711.26,UPI,Success,INR
T000961,A00166,M0072,2025-02-28 21:46:51,Purchase,1327.44,UPI,Success,INR
T000962,A00379,M0038,2025-07-24 02:58:06,Purchase,2991.89,NetBanking,Success,INR
T000963,A00139,M0068,2025-05-25 04:52:16,Purchase,1045.19,UPI,Success,INR
T000964,A00117,M0076,2024-06-30 09:27:42,Purchase,3747.73,ATM,Failed,INR
T000965,A00299,M0044,2025-04-02 13:23:36,Purchase,1801.26,Card,Success,INR
T000966,A00276,M0095,2024-03-04 06:57:21,Bill_Payment,1544.88,UPI,Success,INR
T000967,A00404,M0089,2024-09-16 08:47:33,Bill_Payment,993.07,UPI,Success,INR
T000968,A00277,M0080,2024-07-11 06:01:13,Withdrawal,1072.61,UPI,Success,INR
T000969,A00338,M0063,2025-10-16 02:52:47,Purchase,1476.91,Card,Success,INR
T000970,A00313,M0042,2025-09-07 05:27:09,Bill_Payment,919.8,NetBanking,Pending,INR
T000971,A00178,M0064,2025-02-09 20:03:10,Transfer,2984.85,UPI,Failed,INR
T000972,A00330,M0054,2025-12-26 06:57:43,Purchase,2420.24,Card,Failed,INR
T000973,A00354,M0078,2025-12-21 05:22:02,Purchase,3223.41,NetBanking,Success,INR
T000974,A00154,M0077,2024-04-02 23:29:06,Purchase,430.13,UPI,Success,INR
T000975,A00414,M0071,2025-03-05 03:31:33,Bill_Payment,417.6,UPI,Success,INR
T000976,A00201,M0076,2025-10-15 02:34:01,Transfer,1701.24,UPI,Success,INR
T000977,A00366,M0037,2025-03-09 08:16:18,Withdrawal,1019.89,UPI,Success,INR
T000978,A00115,M0004,2025-02-07 03:30:51,Transfer,1384.31,Card,Success,INR
T000979,A00159,M0002,2025-03-09 07:12:46,Transfer,401.14,UPI,Success,INR
T000980,A00042,M0099,2024-04-21 02:34:35,Purchase,295.25,UPI,Pending,INR
T000981,A00247,M0044,2025-01-09 12:40:06,Transfer,1351.98,Wallet,Success,INR
T000982,A00068,M0067,2024-02-28 00:27:38,Bill_Payment,553.41,UPI,Success,INR
T000983,A00445,M0068,2024-02-12 20:07:48,Purchase,2085.36,UPI,Success,INR
T000984,A00445,M0076,2024-07-25 03:57:28,Refund,630.28,NetBanking,Success,INR
T000985,A00326,M0083,2024-10-22 06:47:17,Purchase,493.38,UPI,Success,INR
T000986,A00334,M0074,2024-04-27 11:02:07,Purchase,142.6,UPI,Success,INR
T000987,A00196,M0062,2025-06-15 05:03:21,Transfer,3370.42,Card,Pending,INR
T000988,A00090,M0001,2024-08-09 11:25:50,Bill_Payment,2054.52,Wallet,Success,INR
T000989,A00111,M0017,2024-06-14 04:09:59,Purchase,285.39,UPI,Success,INR
T000990,A00368,M0016,2025-10-04 01:46:16,Transfer,181.69,Wallet,Success,INR
T000991,A00359,M0009,2024-06-04 14:21:13,Transfer,640.74,NetBanking,Failed,INR
T000992,A00145,M0053,2024-07-02 00:57:56,Transfer,2572.39,Card,Success,INR
T000993,A00275,M0073,2024-03-30 19:25:02,Purchase,682.41,NetBanking,Success,INR
T000994,A00179,M0059,2024-04-03 21:39:54,Purchase,910.14,UPI,Success,INR
T000995,A00241,M0009,2024-01-13 17:27:58,Purchase,2674.53,UPI,Success,INR
T000996,A00326,M0012,2025-03-13 05:43:35,Purchase,450.59,UPI,Success,INR
T000997,A00319,M0041,2025-06-21 03:06:04,Purchase,593.53,UPI,Success,INR
T000998,A00331,M0015,2025-08-09 10:55:16,Transfer,1336.26,ATM,Pending,INR
T000999,A00414,M0066,2024-05-29 19:02:40,Purchase,852.21,Card,Success,INR
T001000,A00153,M0075,2025-10-21 08:12:39,Purchase,497.96,Card,Success,INR
T001001,A00104,M0011,2024-01-08 17:29:28,Purchase,2072.53,NetBanking,Pending,INR
T001002,A00075,M0008,2024-01-29 18:33:20,Purchase,1747.7,ATM,Success,INR
T001003,A00128,M0055,2024-10-22 02:30:47,Purchase,2319.16,ATM,Success,INR
T001004,A00199,M0096,2025-12-21 12:29:45,Purchase,955.3,NetBanking,Success,INR
T001005,A00154,M0006,2025-10-01 20:02:03,Transfer,224.8,UPI,Success,INR
T001006,A00056,M0053,2024-12-05 01:49:37,Purchase,1107.3,UPI,Success,INR
T001007,A00278,M0020,2025-09-19 23:06:11,Transfer,381.99,UPI,Success,INR
T001008,A00345,M0039,2025-03-14 01:04:30,Withdrawal,176.93,UPI,Success,INR
T001009,A00019,M0099,2024-05-23 09:28:14,Purchase,856.42,UPI,Failed,INR
T001010,A00159,M0072,2025-06-02 15:22:09,Purchase,1201.81,Wallet,Success,INR
T001011,A00026,M0034,2024-02-14 02:33:37,Purchase,4621.39,Wallet,Success,INR
T001012,A00426,M0057,2024-08-26 23:05:38,Purchase,370.54,Card,Success,INR
T001013,A00169,M0019,2024-06-03 18:22:21,Purchase,2016.96,NetBanking,Success,INR
T001014,A00023,M0071,2024-06-29 06:12:23,Withdrawal,260.08,Card,Success,INR
T001015,A00047,M0031,2024-08-02 14:07:02,Purchase,3439.57,UPI,Success,INR
T001016,A00013,M0082,2024-03-28 03:36:43,Refund,583.72,Wallet,Success,INR
T001017,A00217,M0040,2024-09-12 16:32:18,Purchase,811.31,UPI,Success,INR
T001018,A00322,M0014,2025-05-25 08:54:49,Withdrawal,820.72,NetBanking,Pending,INR
T001019,A00194,M0100,2024-03-13 14:53:15,Withdrawal,2171.26,UPI,Success,INR
T001020,A00144,M0081,2024-06-27 23:06:37,Purchase,297.25,Wallet,Failed,INR
T001021,A00073,M0037,2024-07-30 22:51:58,Purchase,934.8,Card,Success,INR
T001022,A00156,M0044,2024-08-21 08:20:29,Transfer,615.74,Card,Success,INR
T001023,A00077,M0009,2025-04-09 21:57:03,Bill_Payment,7928.69,UPI,Success,INR
T001024,A00419,M0058,2024-08-10 14:15:24,Purchase,413.03,UPI,Success,INR
T001025,A00169,M0020,2025-09-22 14:26:02,Purchase,107.36,Card,Success,INR
T001026,A00287,M0092,2024-09-20 10:50:42,Purchase,5039.87,UPI,Success,INR
T001027,A00085,M0050,2024-07-25 21:13:00,Purchase,1706.51,Wallet,Success,INR
T001028,A00416,M0020,2025-08-29 23:34:19,Bill_Payment,539.89,NetBanking,Success,INR
T001029,A00182,M0036,2024-12-31 12:45:57,Transfer,1065.3,Card,Success,INR
T001030,A00315,M0027,2024-10-02 23:01:04,Purchase,533.31,UPI,Success,INR
T001031,A00297,M0072,2025-01-14 12:08:59,Purchase,188.43,NetBanking,Success,INR
T001032,A00112,M0032,2024-11-04 10:45:33,Purchase,945.92,UPI,Success,INR
T001033,A00450,M0001,2025-09-22 12:36:29,Bill_Payment,939.84,UPI,Success,INR
T001034,A00230,M0017,2024-09-24 08:15:15,Bill_Payment,1488.33,UPI,Pending,INR
T001035,A00096,M0009,2024-03-04 10:51:56,Purchase,456.83,UPI,Success,INR
T001036,A00438,M0084,2024-12-15 15:48:42,Purchase,546.07,Card,Success,INR
T001037,A00168,M0045,2025-05-08 15:37:31,Bill_Payment,781.4,UPI,Success,INR
T001038,A00378,M0096,2025-06-06 17:09:54,Purchase,453.61,Card,Success,INR
T001039,A00156,M0066,2024-04-07 04:53:00,Purchase,3050.58,Card,Success,INR
T001040,A00421,M0032,2024-03-11 00:13:43,Purchase,2354.8,Card,Success,INR
T001041,A00105,M0045,2024-12-29 01:58:04,Purchase,689.32,UPI,Success,INR
T001042,A00193,M0009,2025-07-23 21:39:51,Purchase,1774.24,Wallet,Failed,INR
T001043,A00330,M0030,2024-10-02 02:56:47,Refund,359.8,NetBanking,Success,INR
T001044,A00439,M0084,2024-02-19 22:54:15,Transfer,723.99,UPI,Success,INR
T001045,A00132,M0038,2024-12-23 23:35:30,Purchase,4093.76,Card,Success,INR
T001046,A00355,M0060,2025-12-28 21:12:35,Purchase,1961.15,UPI,Success,INR
T001047,A00382,M0001,2025-07-17 03:19:29,Withdrawal,1422.5,UPI,Failed,INR
T001048,A00138,M0005,2025-04-29 17:30:59,Purchase,794.18,ATM,Success,INR
T001049,A00431,M0063,2024-03-24 04:48:53,Purchase,1056.01,UPI,Success,INR
T001050,A00331,M0099,2025-09-29 21:27:16,Purchase,292.5,Card,Success,INR
T001051,A00270,M0036,2025-08-06 10:11:08,Withdrawal,819.71,UPI,Success,INR
T001052,A00038,M0065,2024-10-22 03:19:05,Purchase,1538.29,Wallet,Success,INR
T001053,A00396,M0078,2024-08-23 12:55:26,Purchase,1070.86,UPI,Success,INR
T001054,A00045,M0073,2024-02-25 13:15:17,Purchase,1070.87,UPI,Success,INR
T001055,A00401,M0094,2024-12-25 16:30:26,Purchase,608.53,Card,Success,INR
T001056,A00163,M0024,2024-04-19 23:22:46,Refund,484.46,Card,Success,INR
T001057,A00450,M0004,2024-07-10 21:45:49,Transfer,446.17,Card,Success,INR
T001058,A00331,M0078,2024-04-02 01:16:41,Purchase,874.2,Card,Success,INR
T001059,A00253,M0089,2025-07-21 03:35:30,Purchase,2123.5,UPI,Success,INR
T001060,A00169,M0068,2024-02-29 01:12:13,Transfer,506.4,UPI,Success,INR
T001061,A00285,M0025,2025-10-11 19:42:15,Purchase,1137.61,Card,Success,INR
T001062,A00274,M0074,2024-02-08 04:57:19,Withdrawal,1112.02,Card,Success,INR
T001063,A00020,M0099,2025-06-23 14:15:37,Transfer,2532.89,UPI,Success,INR
T001064,A00239,M0007,2024-02-18 11:10:04,Purchase,1109.92,NetBanking,Success,INR
T001065,A00270,M0013,2025-02-23 05:36:35,Refund,287.42,Wallet,Success,INR
T001066,A00418,M0068,2025-09-28 07:44:08,Purchase,7423.38,NetBanking,Success,INR
T001067,A00433,M0043,2024-01-13 11:20:54,Purchase,2629.43,UPI,Success,INR
T001068,A00310,M0057,2024-02-05 14:09:58,Transfer,1694.04,Card,Success,INR
T001069,A00031,M0036,2024-04-10 18:43:10,Bill_Payment,653.31,UPI,Success,INR
T001070,A00314,M0014,2024-03-26 08:45:58,Transfer,823.01,UPI,Success,INR
T001071,A00104,M0082,2025-05-30 00:49:45,Transfer,304.86,Card,Success,INR
T001072,A00170,M0072,2024-08-10 17:09:54,Purchase,812.11,UPI,Failed,INR
T001073,A00186,M0096,2024-12-03 12:06:25,Purchase,1284.5,UPI,Pending,INR
T001074,A00128,M0027,2024-06-14 23:33:34,Purchase,1072.03,UPI,Success,INR
T001075,A00210,M0037,2025-01-17 11:11:04,Transfer,5309.76,UPI,Success,INR
T001076,A00414,M0087,2025-01-10 09:15:26,Purchase,2005.98,UPI,Success,INR
T001077,A00281,M0071,2025-04-15 23:33:36,Purchase,2633.96,UPI,Success,INR
T001078,A00447,M0076,2025-10-03 16:27:41,Bill_Payment,1783.17,UPI,Success,INR
T001079,A00253,M0025,2024-01-31 09:27:02,Purchase,1269.5,UPI,Success,INR
T001080,A00019,M0067,2025-01-09 04:21:07,Purchase,1651.32,Wallet,Success,INR
T001081,A00200,M0090,2024-01-11 05:01:05,Purchase,183.88,NetBanking,Success,INR
T001082,A00220,M0004,2024-10-28 02:46:46,Purchase,867.55,UPI,Success,INR
T001083,A00136,M0100,2024-04-05 19:56:59,Purchase,311.69,Wallet,Success,INR
T001084,A00223,M0079,2024-07-08 12:31:16,Purchase,379.19,UPI,Success,INR
T001085,A00003,M0096,2025-03-28 19:07:41,Purchase,3210.75,Card,Success,INR
T001086,A00236,M0093,2024-07-10 13:59:53,Purchase,416.18,UPI,Success,INR
T001087,A00342,M0074,2025-04-30 00:52:23,Purchase,333.19,NetBanking,Success,INR
T001088,A00228,M0085,2024-09-22 15:58:25,Purchase,1557.16,UPI,Success,INR
T001089,A00401,M0016,2025-02-27 03:26:57,Purchase,1030.9,UPI,Success,INR
T001090,A00142,M0019,2024-05-07 08:41:40,Purchase,1638.67,UPI,Success,INR
T001091,A00009,M0029,2024-08-25 08:01:36,Purchase,5325.78,Wallet,Success,INR
T001092,A00190,M0051,2024-12-20 14:03:49,Bill_Payment,1836.25,UPI,Success,INR
T001093,A00350,M0018,2024-04-21 07:40:06,Bill_Payment,271.63,UPI,Success,INR
T001094,A00405,M0058,2025-03-21 11:05:16,Purchase,2539.21,UPI,Success,INR
T001095,A00165,M0044,2024-12-08 17:02:10,Purchase,899.71,NetBanking,Failed,INR
T001096,A00139,M0016,2024-05-24 02:05:51,Transfer,1275.57,UPI,Success,INR
T001097,A00276,M0065,2024-03-05 15:40:22,Transfer,247.63,Card,Success,INR
T001098,A00291,M0002,2024-09-03 18:49:42,Refund,1724.9,UPI,Success,INR
T001099,A00053,M0056,2025-05-04 18:09:51,Purchase,339.91,Card,Success,INR
T001100,A00175,M0079,2025-03-14 17:36:51,Transfer,1773.7,UPI,Success,INR
T001101,A00110,M0028,2024-04-15 20:19:45,Bill_Payment,572.16,UPI,Success,INR
T001102,A00203,M0065,2024-06-29 00:14:48,Purchase,2100.54,Wallet,Success,INR
T001103,A00436,M0005,2024-07-02 15:52:15,Purchase,341.88,Card,Failed,INR
T001104,A00136,M0022,2024-08-13 08:10:24,Purchase,269.16,ATM,Success,INR
T001105,A00004,M0100,2024-03-29 11:32:39,Purchase,673.68,NetBanking,Success,INR
T001106,A00155,M0013,2025-11-18 03:04:35,Purchase,1393.66,Card,Success,INR
T001107,A00172,M0065,2025-06-13 06:18:19,Withdrawal,391.25,Card,Failed,INR
T001108,A00424,M0016,2025-01-05 13:19:32,Purchase,1317.44,NetBanking,Success,INR
T001109,A00358,M0086,2025-02-02 02:45:50,Purchase,2409.0,UPI,Success,INR
T001110,A00047,M0064,2024-04-15 01:30:13,Bill_Payment,333.2,UPI,Failed,INR
T001111,A00094,M0032,2024-09-27 10:55:05,Purchase,1319.27,UPI,Success,INR
T001112,A00428,M0080,2025-05-17 00:59:29,Purchase,1782.56,UPI,Success,INR
T001113,A00048,M0051,2025-11-09 18:32:58,Purchase,921.87,UPI,Success,INR
T001114,A00240,M0079,2025-06-08 08:21:25,Purchase,1018.17,Wallet,Success,INR
T001115,A00347,M0058,2024-02-01 21:07:03,Purchase,308.58,NetBanking,Success,INR
T001116,A00213,M0046,2025-01-27 23:17:25,Bill_Payment,1625.73,Card,Success,INR
T001117,A00436,M0052,2024-02-09 10:02:43,Purchase,1158.74,UPI,Success,INR
T001118,A00340,M0063,2025-10-21 13:46:32,Transfer,1255.89,UPI,Failed,INR
T001119,A00324,M0076,2024-08-05 15:55:33,Purchase,7031.86,Card,Success,INR
T001120,A00139,M0060,2024-03-22 02:13:59,Bill_Payment,910.51,Card,Success,INR
T001121,A00205,M0065,2025-12-20 02:16:38,Transfer,1466.14,NetBanking,Success,INR
T001122,A00381,M0081,2024-07-19 09:32:34,Bill_Payment,3495.74,Wallet,Success,INR
T001123,A00073,M0055,2025-03-22 01:03:44,Purchase,1049.99,UPI,Success,INR
T001124,A00004,M0057,2025-03-03 14:00:20,Bill_Payment,575.41,UPI,Pending,INR
T001125,A00076,M0092,2024-02-07 00:57:16,Bill_Payment,1569.54,UPI,Success,INR
T001126,A00329,M0071,2024-07-29 11:20:57,Withdrawal,591.99,UPI,Success,INR
T001127,A00077,M0073,2025-03-19 04:27:37,Purchase,3227.32,UPI,Pending,INR
T001128,A00304,M0086,2024-11-22 00:21:50,Purchase,1742.8,Wallet,Success,INR
T001129,A00256,M0026,2024-08-14 20:55:55,Purchase,505.25,ATM,Success,INR
T001130,A00410,M0012,2024-02-17 21:56:33,Purchase,356.93,Wallet,Pending,INR
T001131,A00102,M0071,2024-01-18 18:20:13,Withdrawal,1262.33,Wallet,Success,INR
T001132,A00106,M0046,2025-03-14 16:40:22,Transfer,1380.15,ATM,Success,INR
T001133,A00333,M0047,2025-12-08 02:28:26,Transfer,357.71,Wallet,Success,INR
T001134,A00039,M0079,2024-07-05 02:44:28,Purchase,2224.24,Card,Success,INR
T001135,A00314,M0038,2024-12-10 05:09:06,Purchase,1995.65,UPI,Success,INR
T001136,A00275,M0021,2024-08-11 20:14:15,Purchase,1491.3,UPI,Success,INR
T001137,A00088,M0014,2025-05-02 09:12:29,Purchase,2169.01,UPI,Success,INR
T001138,A00211,M0002,2024-08-16 18:43:01,Withdrawal,450.0,UPI,Success,INR
T001139,A00369,M0072,2025-01-24 06:34:44,Purchase,474.24,NetBanking,Failed,INR
T001140,A00077,M0070,2025-08-11 08:17:38,Transfer,868.05,Card,Success,INR
T001141,A00077,M0033,2024-07-06 12:35:30,Transfer,619.56,UPI,Success,INR
T001142,A00442,M0006,2024-09-26 16:26:44,Bill_Payment,1723.21,UPI,Success,INR
T001143,A00028,M0090,2025-08-29 07:01:33,Purchase,2264.17,UPI,Success,INR
T001144,A00245,M0037,2024-11-05 15:47:49,Purchase,582.23,UPI,Success,INR
T001145,A00066,M0014,2024-05-11 01:17:09,Purchase,502.19,UPI,Success,INR
T001146,A00266,M0037,2025-07-04 01:35:04,Purchase,2366.86,UPI,Success,INR
T001147,A00382,M0008,2024-03-12 00:29:36,Transfer,453.14,UPI,Success,INR
T001148,A00205,M0077,2025-11-02 15:54:15,Withdrawal,848.1,Card,Success,INR
T001149,A00058,M0013,2024-07-05 13:24:41,Purchase,441.91,UPI,Success,INR
T001150,A00201,M0040,2025-04-30 08:40:36,Purchase,643.76,Card,Success,INR
T001151,A00225,M0092,2024-07-09 18:33:00,Transfer,282.66,UPI,Success,INR
T001152,A00142,M0058,2025-02-25 00:22:13,Purchase,3477.11,UPI,Success,INR
T001153,A00381,M0018,2024-04-29 19:13:25,Transfer,2727.33,Card,Success,INR
T001154,A00368,M0057,2024-08-07 23:05:20,Bill_Payment,530.42,UPI,Success,INR
T001155,A00084,M0083,2024-02-22 14:09:06,Transfer,1663.62,UPI,Success,INR
T001156,A00143,M0038,2025-03-26 15:22:13,Transfer,301.22,Wallet,Success,INR
T001157,A00352,M0032,2025-02-15 07:34:37,Transfer,1919.04,Card,Success,INR
T001158,A00033,M0086,2025-10-04 14:03:26,Bill_Payment,494.91,Card,Success,INR
T001159,A00401,M0066,2024-08-24 00:32:13,Transfer,3280.72,Wallet,Success,INR
T001160,A00152,M0077,2025-12-20 09:18:34,Purchase,1736.91,Wallet,Success,INR
T001161,A00158,M0087,2025-02-09 17:29:18,Purchase,789.19,UPI,Success,INR
T001162,A00446,M0025,2025-08-30 01:53:47,Refund,759.47,NetBanking,Success,INR
T001163,A00141,M0092,2025-02-25 08:34:04,Purchase,1248.92,NetBanking,Success,INR
T001164,A00446,M0058,2025-12-12 00:13:12,Transfer,477.46,UPI,Success,INR
T001165,A00251,M0075,2024-09-03 11:01:35,Bill_Payment,3018.21,NetBanking,Success,INR
T001166,A00303,M0033,2024-03-12 23:06:27,Transfer,1444.31,UPI,Success,INR
T001167,A00112,M0088,2024-07-03 11:48:30,Purchase,2612.14,Card,Success,INR
T001168,A00144,M0066,2024-01-06 10:52:17,Purchase,120.95,Card,Success,INR
T001169,A00450,M0030,2024-07-24 23:30:10,Purchase,1112.62,UPI,Success,INR
T001170,A00209,M0081,2025-06-27 20:23:30,Purchase,1370.95,Wallet,Success,INR
T001171,A00224,M0034,2025-09-02 22:50:12,Refund,1093.22,NetBanking,Success,INR
T001172,A00043,M0086,2025-01-21 11:00:32,Withdrawal,1119.07,Wallet,Success,INR
T001173,A00264,M0069,2025-11-29 10:13:10,Withdrawal,821.38,UPI,Success,INR
T001174,A00244,M0048,2024-03-16 23:12:48,Purchase,8363.49,UPI,Success,INR
T001175,A00003,M0040,2024-06-25 08:34:45,Purchase,1365.03,NetBanking,Success,INR
T001176,A00125,M0051,2024-12-14 18:06:54,Purchase,1224.42,UPI,Success,INR
T001177,A00268,M0080,2024-09-11 21:15:44,Purchase,2547.62,Card,Success,INR
T001178,A00084,M0013,2025-12-02 12:27:50,Transfer,663.05,NetBanking,Success,INR
T001179,A00016,M0090,2024-11-03 13:21:50,Purchase,344.12,UPI,Failed,INR
T001180,A00334,M0031,2024-12-10 01:26:11,Purchase,2481.11,UPI,Failed,INR
T001181,A00059,M0039,2024-05-06 02:39:49,Transfer,812.28,UPI,Success,INR
T001182,A00177,M0063,2024-10-13 05:01:17,Refund,3731.82,UPI,Success,INR
T001183,A00063,M0048,2025-12-25 18:01:14,Purchase,3527.02,Card,Success,INR
T001184,A00446,M0087,2025-08-18 20:04:06,Transfer,135.59,UPI,Failed,INR
T001185,A00049,M0048,2025-05-01 23:49:32,Purchase,1170.4,UPI,Success,INR
T001186,A00307,M0061,2025-01-17 10:37:07,Purchase,2889.81,NetBanking,Success,INR
T001187,A00246,M0012,2025-02-09 04:08:57,Purchase,225.94,UPI,Success,INR
T001188,A00289,M0078,2025-01-22 02:42:34,Transfer,1524.55,Card,Success,INR
T001189,A00286,M0056,2025-06-08 07:08:08,Purchase,1982.49,UPI,Success,INR
T001190,A00443,M0018,2025-07-10 01:57:28,Purchase,1043.89,Card,Failed,INR
T001191,A00332,M0027,2025-09-30 06:16:08,Bill_Payment,1050.7,ATM,Success,INR
T001192,A00015,M0028,2025-09-17 20:50:19,Purchase,3224.34,Card,Success,INR
T001193,A00338,M0082,2024-10-02 04:52:25,Purchase,285.7,Card,Success,INR
T001194,A00255,M0080,2025-05-14 23:02:29,Purchase,2316.93,UPI,Success,INR
T001195,A00092,M0052,2025-12-17 12:33:37,Purchase,1657.97,UPI,Success,INR
T001196,A00279,M0016,2024-12-02 13:22:02,Withdrawal,3538.81,Wallet,Success,INR
T001197,A00206,M0077,2025-04-25 09:22:26,Transfer,467.16,NetBanking,Success,INR
T001198,A00094,M0058,2024-09-29 02:25:09,Purchase,4142.45,Card,Success,INR
T001199,A00225,M0093,2024-02-27 07:02:38,Purchase,314.32,Wallet,Success,INR
T001200,A00301,M0009,2024-11-23 03:03:43,Withdrawal,814.55,UPI,Pending,INR
T001201,A00318,M0026,2024-04-18 07:59:16,Purchase,384.96,Card,Pending,INR
T001202,A00199,M0028,2024-10-05 17:32:55,Bill_Payment,2105.4,UPI,Success,INR
T001203,A00271,M0077,2025-11-16 15:04:41,Purchase,552.39,Card,Success,INR
T001204,A00234,M0036,2024-11-23 13:41:29,Withdrawal,3044.98,UPI,Success,INR
T001205,A00046,M0009,2024-11-10 16:08:17,Bill_Payment,240.01,Wallet,Failed,INR
T001206,A00064,M0047,2025-04-18 21:18:01,Transfer,734.55,NetBanking,Success,INR
T001207,A00230,M0078,2024-04-20 13:07:39,Purchase,5471.85,UPI,Success,INR
T001208,A00430,M0051,2025-11-29 05:13:59,Transfer,553.0,Card,Success,INR
T001209,A00440,M0076,2024-08-16 07:36:50,Transfer,2845.25,NetBanking,Success,INR
T001210,A00249,M0057,2025-05-11 03:10:47,Transfer,2052.22,UPI,Success,INR
T001211,A00246,M0032,2024-06-04 21:01:05,Purchase,338.08,UPI,Success,INR
T001212,A00428,M0067,2025-04-17 03:51:47,Transfer,1326.41,UPI,Success,INR
T001213,A00075,M0057,2025-12-01 06:00:37,Purchase,4340.78,UPI,Success,INR
T001214,A00157,M0054,2024-09-28 10:36:36,Purchase,758.24,Card,Success,INR
T001215,A00223,M0016,2024-01-02 06:12:49,Transfer,589.37,UPI,Success,INR
T001216,A00190,M0062,2025-12-22 00:43:09,Purchase,1473.82,Card,Success,INR
T001217,A00052,M0084,2025-05-25 06:32:40,Withdrawal,903.89,Card,Success,INR
T001218,A00438,M0096,2024-10-12 00:50:34,Bill_Payment,285.33,ATM,Success,INR
T001219,A00088,M0056,2024-01-13 00:02:49,Bill_Payment,898.18,NetBanking,Success,INR
T001220,A00313,M0023,2025-08-30 00:53:59,Transfer,708.55,Card,Success,INR
T001221,A00339,M0017,2025-05-12 00:56:55,Transfer,972.01,UPI,Success,INR
T001222,A00066,M0080,2024-08-25 23:44:48,Purchase,126.09,UPI,Failed,INR
T001223,A00150,M0038,2024-04-03 21:22:24,Transfer,1522.17,UPI,Success,INR
T001224,A00020,M0072,2024-12-03 00:58:04,Purchase,252.01,NetBanking,Success,INR
T001225,A00033,M0083,2024-06-19 14:59:47,Purchase,2147.42,UPI,Success,INR
T001226,A00328,M0030,2025-08-28 05:03:45,Withdrawal,2878.13,UPI,Success,INR
T001227,A00281,M0058,2025-10-22 22:20:59,Purchase,183.64,Wallet,Success,INR
T001228,A00046,M0098,2025-09-15 16:58:24,Purchase,3517.53,Card,Failed,INR
T001229,A00073,M0078,2025-07-20 05:48:56,Withdrawal,987.14,Wallet,Success,INR
T001230,A00354,M0022,2025-04-11 11:00:12,Purchase,2890.73,Wallet,Success,INR
T001231,A00313,M0017,2025-09-19 23:35:46,Purchase,2535.21,UPI,Success,INR
T001232,A00343,M0015,2024-05-22 11:05:52,Purchase,298.64,Wallet,Pending,INR
T001233,A00133,M0048,2024-07-19 16:22:25,Withdrawal,508.89,UPI,Success,INR
T001234,A00055,M0032,2024-06-28 01:29:40,Transfer,4688.14,ATM,Success,INR
T001235,A00061,M0077,2025-12-14 13:58:18,Transfer,359.06,Card,Success,INR
T001236,A00345,M0085,2024-12-29 23:57:26,Purchase,1517.52,NetBanking,Success,INR
T001237,A00008,M0040,2025-04-23 22:27:01,Transfer,555.4,NetBanking,Success,INR
T001238,A00272,M0097,2025-07-18 07:34:20,Transfer,486.1,Card,Success,INR
T001239,A00246,M0057,2025-04-15 09:07:59,Purchase,1078.35,Card,Success,INR
T001240,A00176,M0058,2025-01-18 04:29:03,Purchase,7881.15,Wallet,Success,INR
T001241,A00116,M0091,2025-11-22 13:49:04,Transfer,2189.18,Wallet,Success,INR
T001242,A00317,M0099,2025-02-20 20:15:49,Transfer,424.82,Card,Success,INR
T001243,A00271,M0016,2024-11-03 08:46:18,Transfer,1307.54,Card,Failed,INR
T001244,A00193,M0028,2025-10-10 22:17:42,Purchase,205.72,UPI,Success,INR
T001245,A00150,M0098,2025-11-24 15:55:31,Transfer,144.14,NetBanking,Success,INR
T001246,A00131,M0001,2025-01-01 17:43:35,Purchase,1276.93,Card,Success,INR
T001247,A00102,M0041,2024-01-01 19:51:59,Purchase,2086.94,NetBanking,Success,INR
T001248,A00310,M0048,2024-02-13 05:19:38,Purchase,4468.98,Card,Success,INR
T001249,A00270,M0031,2024-04-07 21:04:17,Bill_Payment,1533.99,UPI,Success,INR
T001250,A00292,M0036,2025-12-20 16:43:17,Bill_Payment,1102.96,UPI,Success,INR
T001251,A00210,M0033,2024-09-21 10:06:06,Transfer,808.35,UPI,Success,INR
T001252,A00361,M0033,2024-05-19 14:42:35,Withdrawal,1763.44,Card,Success,INR
T001253,A00338,M0082,2025-04-25 11:38:31,Purchase,367.11,UPI,Success,INR
T001254,A00067,M0023,2024-08-24 23:10:22,Withdrawal,595.59,Card,Success,INR
T001255,A00010,M0060,2024-03-12 14:53:39,Transfer,378.57,UPI,Success,INR
T001256,A00049,M0087,2025-10-28 12:18:16,Purchase,684.19,UPI,Success,INR
T001257,A00111,M0079,2024-07-08 06:19:51,Purchase,571.18,UPI,Success,INR
T001258,A00321,M0090,2024-09-24 02:18:21,Purchase,537.41,UPI,Success,INR
T001259,A00219,M0030,2024-11-16 09:56:19,Purchase,616.53,UPI,Success,INR
T001260,A00057,M0089,2024-04-16 10:14:54,Purchase,1325.74,NetBanking,Success,INR
T001261,A00283,M0045,2024-08-19 22:06:58,Purchase,3436.11,UPI,Success,INR
T001262,A00113,M0080,2024-02-11 13:40:50,Withdrawal,1421.46,UPI,Success,INR
T001263,A00133,M0039,2025-12-02 19:43:14,Purchase,654.62,Wallet,Success,INR
T001264,A00071,M0045,2024-05-18 11:36:10,Purchase,1626.53,UPI,Success,INR
T001265,A00083,M0078,2025-09-06 06:11:40,Bill_Payment,1211.01,NetBanking,Success,INR
T001266,A00057,M0081,2025-11-13 18:57:15,Purchase,1277.09,ATM,Success,INR
T001267,A00376,M0012,2024-09-29 08:11:25,Bill_Payment,1074.03,Card,Success,INR
T001268,A00349,M0093,2025-04-25 11:11:25,Transfer,5183.15,Card,Success,INR
T001269,A00271,M0032,2025-02-19 18:29:15,Purchase,1198.61,UPI,Success,INR
T001270,A00111,M0056,2025-05-20 09:01:11,Purchase,661.68,UPI,Success,INR
T001271,A00357,M0024,2025-12-25 13:31:11,Purchase,544.85,Card,Success,INR
T001272,A00375,M0013,2025-02-27 05:37:50,Purchase,2468.28,UPI,Success,INR
T001273,A00076,M0020,2025-02-10 03:48:18,Purchase,376.98,UPI,Success,INR
T001274,A00158,M0079,2025-07-21 20:04:25,Purchase,3719.31,NetBanking,Success,INR
T001275,A00020,M0056,2025-01-24 11:02:09,Purchase,195.39,UPI,Success,INR
T001276,A00421,M0053,2024-12-07 03:06:11,Transfer,3306.53,NetBanking,Success,INR
T001277,A00131,M0068,2025-09-05 22:04:43,Purchase,2247.35,Card,Failed,INR
T001278,A00329,M0054,2025-05-07 16:51:24,Withdrawal,738.33,UPI,Success,INR
T001279,A00122,M0034,2024-07-10 15:19:25,Purchase,558.26,UPI,Success,INR
T001280,A00041,M0028,2025-05-13 13:52:28,Withdrawal,3324.03,UPI,Success,INR
T001281,A00167,M0050,2025-12-12 09:38:45,Purchase,5538.81,Card,Success,INR
T001282,A00410,M0002,2024-08-20 05:24:10,Withdrawal,631.29,UPI,Success,INR
T001283,A00130,M0094,2024-08-14 03:41:40,Purchase,1848.99,Card,Success,INR
T001284,A00023,M0026,2025-01-05 23:30:00,Transfer,2647.97,Card,Success,INR
T001285,A00279,M0051,2024-05-18 01:14:01,Purchase,1886.81,NetBanking,Success,INR
T001286,A00251,M0047,2024-05-28 05:22:12,Transfer,1151.57,UPI,Success,INR
T001287,A00400,M0026,2024-04-24 05:35:15,Purchase,772.13,Card,Success,INR
T001288,A00009,M0084,2025-03-25 11:39:57,Transfer,1408.4,UPI,Success,INR
T001289,A00013,M0092,2024-03-03 23:55:51,Purchase,167.81,UPI,Success,INR
T001290,A00412,M0084,2024-04-13 03:46:55,Purchase,3665.32,UPI,Success,INR
T001291,A00411,M0075,2025-10-29 04:05:32,Purchase,236.02,NetBanking,Success,INR
T001292,A00307,M0074,2024-09-29 07:02:47,Purchase,515.62,ATM,Success,INR
T001293,A00320,M0061,2024-01-06 11:52:18,Transfer,809.49,UPI,Pending,INR
T001294,A00052,M0023,2024-05-26 00:16:21,Refund,446.39,Card,Success,INR
T001295,A00209,M0037,2024-07-02 17:28:01,Purchase,397.25,UPI,Success,INR
T001296,A00038,M0041,2024-01-28 16:16:49,Transfer,3899.21,Card,Success,INR
T001297,A00100,M0052,2025-07-03 22:41:06,Transfer,5523.26,UPI,Success,INR
T001298,A00193,M0083,2024-04-28 23:25:51,Transfer,4418.98,Card,Success,INR
T001299,A00402,M0082,2024-10-19 02:22:46,Purchase,2326.14,Card,Success,INR
T001300,A00191,M0049,2025-01-05 19:58:05,Purchase,10077.87,Card,Success,INR
T001301,A00051,M0027,2024-08-31 02:58:48,Bill_Payment,862.93,UPI,Success,INR
T001302,A00393,M0006,2025-08-02 23:18:31,Purchase,791.52,Card,Success,INR
T001303,A00141,M0074,2025-12-26 10:03:34,Transfer,1107.81,UPI,Success,INR
T001304,A00168,M0066,2024-08-05 16:05:35,Transfer,3968.47,UPI,Failed,INR
T001305,A00311,M0024,2024-06-25 12:39:48,Purchase,1858.31,UPI,Success,INR
T001306,A00109,M0038,2024-10-25 05:15:53,Purchase,5191.23,Wallet,Success,INR
T001307,A00207,M0028,2025-11-06 19:00:08,Transfer,1163.03,Wallet,Success,INR
T001308,A00427,M0028,2024-02-27 20:48:24,Purchase,284.66,UPI,Success,INR
T001309,A00300,M0066,2024-09-25 09:28:23,Purchase,598.29,Card,Success,INR
T001310,A00110,M0061,2024-11-03 19:42:29,Purchase,2757.99,Card,Success,INR
T001311,A00196,M0046,2025-07-23 13:41:04,Refund,702.64,Wallet,Failed,INR
T001312,A00417,M0069,2024-10-14 05:35:56,Purchase,1194.91,Wallet,Success,INR
T001313,A00152,M0075,2024-04-14 03:43:43,Transfer,1369.34,Card,Success,INR
T001314,A00420,M0074,2024-08-15 10:34:22,Purchase,5582.35,UPI,Success,INR
T001315,A00243,M0043,2024-09-03 11:53:25,Purchase,2419.96,Card,Failed,INR
T001316,A00128,M0059,2025-11-30 00:33:07,Bill_Payment,2028.33,NetBanking,Success,INR
T001317,A00105,M0002,2025-05-08 17:29:39,Withdrawal,1264.18,ATM,Success,INR
T001318,A00010,M0015,2024-03-23 10:26:37,Purchase,519.13,UPI,Failed,INR
T001319,A00356,M0037,2024-07-04 23:18:25,Transfer,1364.22,NetBanking,Success,INR
T001320,A00148,M0071,2024-09-08 07:44:28,Purchase,7771.05,Card,Success,INR
T001321,A00365,M0020,2024-12-20 21:22:50,Withdrawal,1740.47,UPI,Success,INR
T001322,A00364,M0098,2025-11-26 17:43:25,Purchase,667.62,Card,Success,INR
T001323,A00140,M0035,2024-07-28 22:14:44,Withdrawal,752.39,UPI,Success,INR
T001324,A00190,M0034,2025-08-31 04:37:16,Transfer,3931.48,Card,Success,INR
T001325,A00402,M0086,2025-03-22 15:57:47,Purchase,679.09,Card,Success,INR
T001326,A00094,M0031,2025-04-04 04:43:27,Bill_Payment,915.32,ATM,Success,INR
T001327,A00229,M0087,2025-04-16 21:21:04,Refund,392.38,Wallet,Success,INR
T001328,A00063,M0019,2025-12-20 00:56:29,Purchase,853.93,UPI,Success,INR
T001329,A00340,M0068,2025-01-04 02:37:38,Bill_Payment,1678.58,UPI,Success,INR
T001330,A00025,M0024,2025-05-06 19:01:21,Withdrawal,839.78,NetBanking,Success,INR
T001331,A00268,M0084,2024-05-16 20:48:08,Withdrawal,1121.22,Card,Success,INR
T001332,A00405,M0039,2025-01-01 21:07:02,Refund,388.53,NetBanking,Failed,INR
T001333,A00281,M0092,2024-07-02 11:30:00,Transfer,664.25,UPI,Success,INR
T001334,A00011,M0054,2025-08-10 18:47:08,Transfer,7472.32,NetBanking,Success,INR
T001335,A00320,M0039,2024-10-13 14:24:17,Bill_Payment,972.07,UPI,Success,INR
T001336,A00201,M0017,2025-04-16 17:52:47,Purchase,1520.25,UPI,Success,INR
T001337,A00126,M0019,2025-01-09 10:08:47,Transfer,532.79,UPI,Success,INR
T001338,A00306,M0048,2025-10-15 19:37:28,Purchase,1148.89,Wallet,Success,INR
T001339,A00190,M0035,2025-06-20 04:42:17,Withdrawal,859.57,Card,Success,INR
T001340,A00089,M0032,2025-05-25 10:27:52,Transfer,2952.06,ATM,Success,INR
T001341,A00355,M0047,2025-08-01 00:18:32,Purchase,2828.54,NetBanking,Success,INR
T001342,A00116,M0047,2024-09-06 09:52:25,Purchase,3110.66,UPI,Success,INR
T001343,A00352,M0064,2025-05-24 13:25:55,Purchase,1178.82,Card,Success,INR
T001344,A00177,M0046,2025-09-21 20:59:21,Purchase,6876.49,UPI,Success,INR
T001345,A00014,M0035,2024-03-13 09:28:02,Transfer,2260.65,Card,Success,INR
T001346,A00257,M0094,2024-10-08 16:48:02,Purchase,302.9,UPI,Success,INR
T001347,A00209,M0017,2024-12-25 21:58:18,Withdrawal,4395.04,Card,Success,INR
T001348,A00281,M0042,2024-01-10 03:08:24,Transfer,1090.97,Card,Success,INR
T001349,A00443,M0029,2024-07-29 15:43:45,Bill_Payment,3055.25,UPI,Failed,INR
T001350,A00328,M0070,2024-05-31 20:09:11,Purchase,425.16,UPI,Success,INR
T001351,A00325,M0017,2024-01-05 12:28:05,Refund,1028.55,UPI,Success,INR
T001352,A00389,M0081,2024-07-13 19:47:26,Purchase,2153.74,ATM,Success,INR
T001353,A00105,M0014,2024-10-09 03:29:48,Transfer,1365.91,UPI,Success,INR
T001354,A00147,M0024,2025-04-08 05:49:27,Transfer,958.65,NetBanking,Failed,INR
T001355,A00279,M0057,2024-04-22 06:44:16,Purchase,120.0,UPI,Success,INR
T001356,A00009,M0050,2024-09-27 16:12:28,Purchase,563.48,UPI,Success,INR
T001357,A00118,M0057,2024-06-11 06:57:32,Purchase,455.1,Card,Success,INR
T001358,A00094,M0061,2025-04-04 22:29:32,Withdrawal,205.36,NetBanking,Success,INR
T001359,A00434,M0039,2024-04-14 16:14:39,Purchase,579.13,Card,Success,INR
T001360,A00144,M0055,2025-11-23 22:25:32,Refund,5842.09,Card,Success,INR
T001361,A00289,M0096,2025-07-09 16:43:20,Purchase,3108.38,NetBanking,Success,INR
T001362,A00386,M0036,2024-10-08 23:13:45,Refund,517.15,UPI,Pending,INR
T001363,A00014,M0037,2025-11-17 23:05:40,Purchase,645.81,UPI,Success,INR
T001364,A00257,M0014,2024-06-10 00:41:46,Purchase,647.01,UPI,Success,INR
T001365,A00346,M0027,2024-12-16 05:45:09,Purchase,2165.59,UPI,Success,INR
T001366,A00186,M0083,2025-03-09 16:15:35,Bill_Payment,1578.92,ATM,Success,INR
T001367,A00345,M0031,2024-05-19 12:27:20,Transfer,577.72,Card,Success,INR
T001368,A00400,M0073,2025-04-15 16:49:47,Purchase,640.99,UPI,Success,INR
T001369,A00207,M0081,2024-05-11 16:28:41,Purchase,2902.01,Wallet,Success,INR
T001370,A00346,M0083,2024-03-27 12:00:02,Purchase,4324.04,Wallet,Failed,INR
T001371,A00431,M0044,2025-11-18 15:43:08,Transfer,489.34,UPI,Success,INR
T001372,A00172,M0068,2024-07-01 00:51:30,Purchase,987.01,Wallet,Success,INR
T001373,A00270,M0048,2025-01-02 16:27:11,Withdrawal,1230.99,UPI,Success,INR
T001374,A00221,M0057,2024-05-08 05:59:12,Transfer,925.09,Wallet,Success,INR
T001375,A00152,M0075,2024-09-02 22:17:07,Bill_Payment,3032.79,UPI,Success,INR
T001376,A00111,M0022,2025-08-23 09:22:21,Transfer,956.18,Card,Success,INR
T001377,A00183,M0004,2025-07-31 06:01:01,Purchase,6107.79,UPI,Success,INR
T001378,A00399,M0081,2025-10-31 11:23:45,Refund,3232.08,ATM,Success,INR
T001379,A00339,M0072,2025-01-12 01:41:32,Purchase,591.26,UPI,Success,INR
T001380,A00072,M0046,2024-05-28 09:54:34,Purchase,1164.62,UPI,Success,INR
T001381,A00418,M0059,2025-03-08 00:09:30,Bill_Payment,455.36,Card,Success,INR
T001382,A00386,M0034,2025-09-19 03:21:24,Purchase,770.97,Card,Success,INR
T001383,A00283,M0011,2025-12-26 18:17:23,Purchase,2400.94,NetBanking,Success,INR
T001384,A00074,M0031,2025-04-13 16:52:32,Purchase,1368.09,NetBanking,Success,INR
T001385,A00355,M0011,2025-03-21 19:14:38,Purchase,7341.3,NetBanking,Failed,INR
T001386,A00215,M0056,2025-04-25 00:12:45,Purchase,365.13,UPI,Pending,INR
T001387,A00328,M0038,2024-10-20 06:43:18,Purchase,1064.57,UPI,Success,INR
T001388,A00023,M0021,2024-05-22 17:00:01,Purchase,695.62,UPI,Success,INR
T001389,A00068,M0094,2024-09-06 20:21:11,Bill_Payment,825.09,ATM,Success,INR
T001390,A00398,M0010,2024-10-28 22:42:18,Transfer,1138.78,UPI,Success,INR
T001391,A00447,M0026,2024-01-25 13:06:39,Transfer,596.31,UPI,Success,INR
T001392,A00373,M0091,2024-03-10 03:09:37,Transfer,2597.01,Card,Pending,INR
T001393,A00362,M0008,2025-09-16 22:10:33,Bill_Payment,5304.29,UPI,Success,INR
T001394,A00093,M0008,2024-04-21 02:13:56,Bill_Payment,134.03,UPI,Success,INR
T001395,A00321,M0060,2024-12-29 11:12:44,Bill_Payment,3841.48,NetBanking,Pending,INR
T001396,A00324,M0072,2024-10-29 10:24:03,Bill_Payment,10563.0,UPI,Success,INR
T001397,A00384,M0034,2025-04-15 00:27:43,Purchase,1300.82,Card,Success,INR
T001398,A00063,M0016,2024-03-31 10:54:04,Transfer,632.98,UPI,Success,INR
T001399,A00224,M0013,2025-06-13 16:13:11,Transfer,655.26,UPI,Success,INR
T001400,A00225,M0087,2025-10-22 21:32:44,Transfer,831.3,Wallet,Success,INR
T001401,A00369,M0076,2025-12-26 23:42:39,Transfer,1615.45,UPI,Success,INR
T001402,A00346,M0091,2025-10-24 04:11:17,Purchase,746.44,UPI,Success,INR
T001403,A00337,M0022,2024-07-10 16:04:09,Purchase,1020.58,Wallet,Success,INR
T001404,A00103,M0096,2025-07-05 05:27:11,Bill_Payment,463.91,UPI,Success,INR
T001405,A00215,M0027,2024-08-29 14:37:32,Transfer,726.97,UPI,Success,INR
T001406,A00192,M0064,2024-05-17 18:44:06,Purchase,756.73,UPI,Success,INR
T001407,A00160,M0002,2024-12-10 09:18:20,Purchase,1061.97,Card,Pending,INR
T001408,A00372,M0097,2024-06-28 05:31:37,Transfer,295.98,UPI,Success,INR
T001409,A00207,M0026,2025-12-12 16:21:55,Purchase,814.95,Card,Success,INR
T001410,A00269,M0092,2025-05-17 10:22:57,Purchase,904.13,UPI,Success,INR
T001411,A00194,M0083,2024-07-21 21:17:50,Purchase,1295.04,UPI,Success,INR
T001412,A00380,M0069,2025-07-26 07:28:17,Purchase,3861.02,Card,Success,INR
T001413,A00403,M0097,2024-07-10 13:08:00,Purchase,1001.03,UPI,Success,INR
T001414,A00152,M0084,2024-01-05 15:55:20,Transfer,366.67,UPI,Success,INR
T001415,A00237,M0030,2024-08-24 20:09:52,Purchase,1235.05,Card,Success,INR
T001416,A00088,M0008,2025-11-23 18:58:09,Purchase,579.46,ATM,Success,INR
T001417,A00011,M0038,2024-11-06 08:52:21,Transfer,566.11,UPI,Failed,INR
T001418,A00187,M0061,2025-07-02 03:57:14,Withdrawal,840.23,Card,Success,INR
T001419,A00214,M0081,2024-02-25 20:52:52,Purchase,687.11,UPI,Success,INR
T001420,A00015,M0065,2025-03-18 00:56:16,Withdrawal,420.51,NetBanking,Success,INR
T001421,A00266,M0067,2024-08-24 08:33:03,Refund,708.62,Wallet,Success,INR
T001422,A00297,M0046,2024-07-15 11:27:29,Bill_Payment,1652.64,Wallet,Success,INR
T001423,A00411,M0090,2025-08-07 11:57:05,Withdrawal,1137.38,UPI,Success,INR
T001424,A00444,M0095,2025-07-24 04:34:07,Withdrawal,448.8,UPI,Failed,INR
T001425,A00073,M0072,2025-05-28 23:51:05,Purchase,505.53,UPI,Success,INR
T001426,A00052,M0043,2025-03-24 04:38:33,Transfer,1225.29,UPI,Pending,INR
T001427,A00128,M0059,2024-12-25 01:20:58,Transfer,451.03,NetBanking,Success,INR
T001428,A00028,M0046,2025-11-30 14:11:55,Purchase,489.26,UPI,Success,INR
T001429,A00065,M0072,2024-01-30 23:36:48,Transfer,655.95,Card,Success,INR
T001430,A00017,M0035,2024-04-17 16:37:14,Transfer,457.29,Wallet,Success,INR
T001431,A00351,M0039,2025-08-24 22:47:40,Refund,1200.7,UPI,Success,INR
T001432,A00428,M0092,2025-12-17 01:15:39,Purchase,831.38,Card,Success,INR
T001433,A00138,M0051,2025-03-20 17:46:23,Purchase,3880.88,UPI,Success,INR
T001434,A00319,M0004,2025-03-13 05:14:17,Transfer,385.43,UPI,Success,INR
T001435,A00229,M0080,2025-08-28 01:29:24,Purchase,3089.29,UPI,Success,INR
T001436,A00254,M0077,2025-04-01 18:19:45,Transfer,1357.78,UPI,Success,INR
T001437,A00210,M0084,2025-09-06 16:26:09,Purchase,4196.26,UPI,Success,INR
T001438,A00431,M0051,2025-11-28 23:59:26,Transfer,3713.85,Card,Success,INR
T001439,A00294,M0005,2025-11-26 05:51:18,Transfer,746.68,NetBanking,Success,INR
T001440,A00231,M0055,2025-05-09 10:26:14,Purchase,308.59,UPI,Success,INR
T001441,A00241,M0020,2025-11-04 00:14:29,Purchase,960.26,Wallet,Success,INR
T001442,A00070,M0024,2024-09-03 17:23:44,Purchase,185.12,NetBanking,Success,INR
T001443,A00104,M0036,2025-06-26 11:07:55,Purchase,1985.63,NetBanking,Success,INR
T001444,A00204,M0034,2025-07-17 01:00:59,Transfer,1256.91,UPI,Success,INR
T001445,A00053,M0054,2025-08-10 10:06:10,Transfer,639.67,UPI,Success,INR
T001446,A00428,M0034,2025-03-14 16:09:45,Purchase,731.72,NetBanking,Success,INR
T001447,A00375,M0083,2024-10-04 22:12:01,Purchase,437.07,Wallet,Success,INR
T001448,A00330,M0017,2025-07-05 12:09:11,Purchase,1065.5,UPI,Success,INR
T001449,A00054,M0005,2025-09-04 17:25:58,Withdrawal,449.1,NetBanking,Success,INR
T001450,A00276,M0089,2024-04-20 23:34:33,Purchase,1060.61,UPI,Success,INR
T001451,A00335,M0018,2025-01-19 01:25:31,Bill_Payment,1506.87,NetBanking,Success,INR
T001452,A00031,M0055,2024-07-09 00:22:38,Transfer,1968.49,UPI,Success,INR
T001453,A00135,M0053,2025-05-04 15:56:11,Transfer,1637.5,Card,Success,INR
T001454,A00058,M0050,2025-11-24 22:51:47,Withdrawal,838.5,Card,Success,INR
T001455,A00105,M0072,2025-03-01 21:58:59,Bill_Payment,1635.49,UPI,Success,INR
T001456,A00266,M0091,2025-02-08 04:30:46,Bill_Payment,1238.44,UPI,Success,INR
T001457,A00010,M0079,2024-11-30 04:46:56,Transfer,1229.22,Wallet,Success,INR
T001458,A00253,M0045,2024-07-27 11:26:49,Purchase,435.37,Card,Success,INR
T001459,A00295,M0013,2024-01-22 11:56:27,Bill_Payment,356.57,Card,Success,INR
T001460,A00156,M0016,2025-11-08 05:42:57,Purchase,1383.21,Card,Success,INR
T001461,A00158,M0086,2025-09-02 11:45:20,Bill_Payment,1698.85,Wallet,Success,INR
T001462,A00037,M0084,2024-07-26 03:08:21,Transfer,627.06,UPI,Success,INR
T001463,A00119,M0013,2024-01-08 20:50:51,Bill_Payment,3155.22,Wallet,Success,INR
T001464,A00067,M0020,2025-12-02 00:14:51,Bill_Payment,8039.07,UPI,Success,INR
T001465,A00242,M0066,2025-11-17 06:06:12,Purchase,5314.34,UPI,Success,INR
T001466,A00299,M0099,2025-06-12 14:00:57,Transfer,862.66,Card,Success,INR
T001467,A00213,M0047,2025-08-24 15:07:15,Purchase,742.7,ATM,Success,INR
T001468,A00308,M0019,2025-10-14 05:48:52,Purchase,2226.42,UPI,Success,INR
T001469,A00101,M0045,2025-10-18 01:09:52,Purchase,2020.25,UPI,Success,INR
T001470,A00056,M0037,2024-06-14 04:28:48,Purchase,402.69,Card,Success,INR
T001471,A00332,M0054,2025-05-10 06:20:36,Withdrawal,881.84,UPI,Success,INR
T001472,A00324,M0006,2025-08-12 06:53:57,Refund,1989.02,ATM,Success,INR
T001473,A00239,M0014,2025-03-04 06:19:38,Transfer,489.48,Card,Success,INR
T001474,A00393,M0004,2024-06-11 11:58:50,Purchase,561.05,NetBanking,Success,INR
T001475,A00231,M0086,2024-12-31 04:38:28,Bill_Payment,642.7,UPI,Failed,INR
T001476,A00362,M0055,2025-06-09 06:43:52,Bill_Payment,765.61,UPI,Success,INR
T001477,A00381,M0100,2024-08-26 15:54:26,Withdrawal,267.11,Card,Success,INR
T001478,A00092,M0034,2024-03-12 10:56:52,Transfer,2045.97,UPI,Success,INR
T001479,A00279,M0027,2025-03-20 01:19:42,Bill_Payment,566.39,NetBanking,Success,INR
T001480,A00447,M0007,2025-10-16 16:59:56,Purchase,1315.72,UPI,Success,INR
T001481,A00109,M0003,2025-05-23 07:18:35,Bill_Payment,1194.62,UPI,Success,INR
T001482,A00317,M0047,2024-09-25 02:47:32,Bill_Payment,441.18,Wallet,Success,INR
T001483,A00168,M0097,2025-02-18 05:25:21,Bill_Payment,223.73,NetBanking,Failed,INR
T001484,A00300,M0002,2024-09-01 19:17:14,Purchase,1188.23,UPI,Success,INR
T001485,A00408,M0080,2025-11-05 22:59:15,Bill_Payment,740.87,Wallet,Success,INR
T001486,A00435,M0025,2024-02-29 19:21:30,Transfer,1652.33,Card,Success,INR
T001487,A00442,M0060,2024-01-06 09:52:26,Transfer,2277.88,Card,Success,INR
T001488,A00218,M0079,2025-12-09 22:02:25,Bill_Payment,175.06,UPI,Success,INR
T001489,A00222,M0024,2025-07-23 07:12:52,Purchase,890.73,UPI,Success,INR
T001490,A00161,M0015,2025-02-10 21:40:59,Purchase,2800.56,NetBanking,Failed,INR
T001491,A00016,M0095,2024-08-04 17:53:05,Bill_Payment,3997.99,UPI,Failed,INR
T001492,A00278,M0014,2024-01-26 06:07:10,Bill_Payment,210.8,UPI,Success,INR
T001493,A00057,M0054,2024-01-05 11:12:56,Bill_Payment,3092.62,UPI,Success,INR
T001494,A00062,M0078,2025-06-15 23:47:21,Purchase,442.06,UPI,Success,INR
T001495,A00363,M0006,2025-01-24 21:30:00,Withdrawal,2070.08,NetBanking,Success,INR
T001496,A00327,M0078,2025-12-10 21:46:52,Purchase,669.13,UPI,Success,INR
T001497,A00242,M0081,2025-07-24 05:00:55,Withdrawal,2147.41,UPI,Success,INR
T001498,A00090,M0018,2025-03-23 07:04:53,Purchase,791.88,Wallet,Success,INR
T001499,A00072,M0020,2024-05-25 20:47:41,Withdrawal,300.47,Card,Success,INR
T001500,A00326,M0062,2025-01-22 10:12:55,Purchase,649.83,UPI,Success,INR
T001501,A00030,M0081,2024-09-05 14:10:57,Refund,1783.2,Card,Success,INR
T001502,A00359,M0080,2025-06-09 23:51:49,Transfer,749.82,UPI,Success,INR
T001503,A00407,M0040,2025-04-06 10:04:13,Transfer,417.43,UPI,Success,INR
T001504,A00288,M0039,2024-01-13 14:24:44,Purchase,349.24,Card,Success,INR
T001505,A00086,M0052,2025-01-18 21:14:57,Withdrawal,529.31,NetBanking,Failed,INR
T001506,A00234,M0032,2025-07-09 04:55:05,Transfer,525.2,Wallet,Success,INR
T001507,A00235,M0073,2025-02-02 12:24:36,Purchase,1838.64,NetBanking,Success,INR
T001508,A00313,M0027,2024-01-19 21:57:25,Transfer,768.34,Wallet,Pending,INR
T001509,A00365,M0052,2025-07-28 01:58:21,Bill_Payment,838.14,ATM,Success,INR
T001510,A00265,M0097,2025-05-05 17:21:35,Purchase,932.77,NetBanking,Success,INR
T001511,A00287,M0063,2025-02-22 01:19:03,Purchase,1783.07,Wallet,Success,INR
T001512,A00327,M0074,2024-12-02 02:29:11,Transfer,1945.84,Card,Success,INR
T001513,A00393,M0063,2025-02-22 01:56:54,Bill_Payment,682.52,UPI,Success,INR
T001514,A00269,M0017,2025-09-03 10:03:00,Purchase,864.74,UPI,Success,INR
T001515,A00186,M0049,2025-11-05 15:49:37,Bill_Payment,1955.17,UPI,Success,INR
T001516,A00131,M0100,2024-05-01 16:32:14,Bill_Payment,586.26,Wallet,Success,INR
T001517,A00291,M0081,2025-03-07 17:33:29,Purchase,670.01,Card,Success,INR
T001518,A00277,M0082,2024-02-13 11:38:28,Purchase,1951.51,NetBanking,Success,INR
T001519,A00320,M0023,2024-11-12 14:08:38,Withdrawal,654.21,UPI,Success,INR
T001520,A00351,M0098,2025-01-15 02:16:59,Refund,1370.34,Card,Success,INR
T001521,A00180,M0072,2024-05-24 01:59:23,Withdrawal,264.63,UPI,Success,INR
T001522,A00290,M0013,2024-11-22 00:41:10,Purchase,1854.52,Wallet,Success,INR
T001523,A00377,M0023,2024-12-28 04:35:43,Purchase,915.28,Wallet,Success,INR
T001524,A00163,M0057,2024-02-19 05:21:16,Purchase,1581.51,NetBanking,Pending,INR
T001525,A00271,M0062,2024-03-05 10:14:41,Transfer,3003.25,UPI,Success,INR
T001526,A00376,M0054,2024-12-20 21:55:50,Purchase,812.14,UPI,Failed,INR
T001527,A00096,M0020,2024-06-12 02:09:09,Transfer,275.82,UPI,Success,INR
T001528,A00262,M0086,2024-05-20 06:43:02,Purchase,791.8,UPI,Success,INR
T001529,A00365,M0052,2024-05-07 21:30:50,Purchase,3271.85,NetBanking,Success,INR
T001530,A00353,M0023,2025-02-01 22:22:23,Purchase,1277.76,UPI,Success,INR
T001531,A00288,M0035,2025-04-07 05:56:23,Purchase,420.73,Card,Success,INR
T001532,A00436,M0067,2024-07-05 21:49:38,Bill_Payment,921.15,Card,Success,INR
T001533,A00083,M0034,2025-12-20 07:03:32,Purchase,1701.09,UPI,Success,INR
T001534,A00225,M0033,2024-07-08 03:39:41,Transfer,979.52,UPI,Success,INR
T001535,A00412,M0046,2025-01-22 12:28:18,Purchase,955.84,ATM,Success,INR
T001536,A00223,M0081,2025-03-04 16:33:50,Purchase,576.91,UPI,Failed,INR
T001537,A00118,M0045,2024-10-10 00:56:45,Purchase,620.13,NetBanking,Success,INR
T001538,A00192,M0019,2024-08-24 03:01:02,Purchase,1339.72,UPI,Success,INR
T001539,A00079,M0094,2024-07-12 15:11:19,Purchase,1708.25,NetBanking,Success,INR
T001540,A00078,M0087,2024-10-13 07:58:08,Bill_Payment,938.25,UPI,Success,INR
T001541,A00147,M0015,2024-05-15 13:20:17,Purchase,703.06,Card,Success,INR
T001542,A00107,M0078,2024-06-19 03:35:39,Purchase,2166.19,Card,Success,INR
T001543,A00382,M0066,2024-06-07 10:59:45,Bill_Payment,748.96,UPI,Success,INR
T001544,A00271,M0039,2024-07-19 06:22:22,Purchase,1422.8,UPI,Pending,INR
T001545,A00390,M0018,2025-05-01 01:27:52,Withdrawal,1771.74,Wallet,Success,INR
T001546,A00244,M0070,2025-07-10 12:15:34,Purchase,351.54,UPI,Success,INR
T001547,A00073,M0059,2025-08-05 06:44:25,Purchase,1243.59,NetBanking,Failed,INR
T001548,A00357,M0032,2025-05-18 13:23:12,Transfer,96.76,Card,Success,INR
T001549,A00354,M0021,2025-01-05 07:57:48,Refund,1000.11,UPI,Success,INR
T001550,A00422,M0040,2024-04-12 22:39:20,Purchase,1847.43,UPI,Success,INR
T001551,A00026,M0092,2024-05-04 19:14:43,Purchase,1485.09,UPI,Success,INR
T001552,A00210,M0027,2024-11-08 02:34:57,Purchase,2252.97,Card,Success,INR
T001553,A00092,M0002,2025-04-02 17:46:45,Purchase,1503.29,Card,Success,INR
T001554,A00125,M0097,2024-08-17 16:13:54,Bill_Payment,673.1,Wallet,Success,INR
T001555,A00435,M0080,2025-10-19 17:59:09,Purchase,274.43,Card,Success,INR
T001556,A00073,M0039,2024-07-15 00:26:47,Bill_Payment,1214.2,NetBanking,Success,INR
T001557,A00123,M0086,2025-02-26 16:26:23,Purchase,1687.37,UPI,Success,INR
T001558,A00309,M0056,2025-07-25 15:38:25,Bill_Payment,225.47,Card,Success,INR
T001559,A00184,M0013,2025-09-01 07:46:13,Transfer,1577.36,UPI,Success,INR
T001560,A00187,M0056,2024-06-19 06:25:17,Bill_Payment,1186.74,UPI,Pending,INR
T001561,A00198,M0066,2025-01-16 22:46:26,Purchase,789.8,NetBanking,Success,INR
T001562,A00078,M0078,2024-06-21 22:31:11,Withdrawal,1629.1,NetBanking,Success,INR
T001563,A00348,M0056,2025-10-24 02:07:25,Transfer,855.91,UPI,Success,INR
T001564,A00186,M0028,2025-03-28 11:43:58,Transfer,807.93,NetBanking,Success,INR
T001565,A00344,M0064,2024-12-15 19:21:34,Bill_Payment,349.27,UPI,Success,INR
T001566,A00253,M0071,2025-09-25 11:36:13,Transfer,1578.53,Wallet,Success,INR
T001567,A00013,M0082,2025-05-08 04:39:46,Bill_Payment,338.5,UPI,Success,INR
T001568,A00299,M0064,2025-09-11 11:18:13,Purchase,592.48,UPI,Success,INR
T001569,A00076,M0056,2024-01-04 07:22:58,Transfer,1652.78,NetBanking,Success,INR
T001570,A00051,M0041,2024-04-02 12:53:28,Bill_Payment,943.19,Card,Success,INR
T001571,A00275,M0100,2024-01-06 19:21:42,Purchase,5106.0,Card,Success,INR
T001572,A00149,M0041,2024-10-14 23:34:05,Transfer,1869.77,Card,Success,INR
T001573,A00219,M0100,2025-09-09 04:11:16,Refund,2156.42,Wallet,Success,INR
T001574,A00122,M0004,2024-05-25 05:22:57,Purchase,2365.03,Card,Success,INR
T001575,A00211,M0057,2025-02-27 02:34:38,Purchase,882.56,Card,Success,INR
T001576,A00280,M0030,2025-08-30 18:00:08,Purchase,679.49,NetBanking,Success,INR
T001577,A00026,M0088,2025-04-01 09:18:59,Bill_Payment,367.8,Wallet,Success,INR
T001578,A00173,M0084,2024-07-20 03:10:40,Refund,296.42,UPI,Success,INR
T001579,A00156,M0046,2024-07-30 07:17:25,Refund,3079.87,Card,Success,INR
T001580,A00238,M0056,2024-01-06 06:08:17,Transfer,626.41,Card,Success,INR
T001581,A00376,M0031,2025-09-15 20:28:23,Transfer,2451.67,UPI,Success,INR
T001582,A00082,M0088,2025-01-10 18:38:12,Purchase,291.58,Card,Success,INR
T001583,A00356,M0007,2025-03-22 00:19:11,Purchase,930.4,UPI,Failed,INR
T001584,A00413,M0090,2024-04-15 06:01:38,Purchase,3432.12,UPI,Success,INR
T001585,A00273,M0077,2025-10-12 04:53:21,Purchase,1393.36,Wallet,Success,INR
T001586,A00068,M0054,2025-02-04 07:26:47,Bill_Payment,1426.89,UPI,Success,INR
T001587,A00044,M0008,2024-04-05 12:35:02,Bill_Payment,646.99,Card,Success,INR
T001588,A00061,M0055,2025-01-22 23:51:04,Transfer,486.66,UPI,Success,INR
T001589,A00123,M0069,2025-03-27 02:13:59,Refund,1053.14,Card,Success,INR
T001590,A00349,M0044,2025-02-19 13:10:27,Refund,398.18,UPI,Failed,INR
T001591,A00196,M0013,2025-12-26 19:57:19,Transfer,995.54,UPI,Success,INR
T001592,A00330,M0093,2025-05-18 16:07:29,Purchase,2652.12,Wallet,Success,INR
T001593,A00409,M0020,2025-03-29 05:17:33,Purchase,350.6,UPI,Success,INR
T001594,A00323,M0078,2024-10-17 23:58:18,Transfer,1954.64,UPI,Success,INR
T001595,A00111,M0032,2025-06-17 15:23:33,Purchase,2687.37,UPI,Success,INR
T001596,A00258,M0060,2024-07-11 18:19:18,Purchase,867.65,UPI,Success,INR
T001597,A00089,M0050,2024-05-29 08:41:15,Bill_Payment,1130.06,UPI,Success,INR
T001598,A00433,M0027,2025-05-29 07:23:17,Purchase,712.28,UPI,Success,INR
T001599,A00198,M0025,2025-01-27 21:32:01,Purchase,829.62,Card,Failed,INR
T001600,A00282,M0052,2024-11-11 19:08:28,Transfer,2290.0,NetBanking,Success,INR
T001601,A00200,M0068,2024-03-16 22:40:19,Transfer,2105.9,Card,Success,INR
T001602,A00099,M0021,2025-08-21 15:19:48,Purchase,1562.58,Card,Success,INR
T001603,A00027,M0018,2024-09-26 09:38:30,Purchase,1895.29,UPI,Success,INR
T001604,A00089,M0039,2024-08-12 20:58:06,Refund,1312.94,Wallet,Success,INR
T001605,A00146,M0015,2025-06-13 13:37:30,Purchase,363.51,UPI,Success,INR
T001606,A00182,M0053,2024-04-22 13:40:49,Bill_Payment,2857.2,ATM,Pending,INR
T001607,A00257,M0038,2024-09-07 09:30:47,Purchase,490.71,UPI,Success,INR
T001608,A00189,M0048,2024-08-20 19:29:22,Purchase,1002.12,Wallet,Success,INR
T001609,A00240,M0052,2025-12-14 07:20:08,Purchase,2363.56,Card,Success,INR
T001610,A00359,M0088,2024-03-23 21:11:53,Withdrawal,310.72,UPI,Success,INR
T001611,A00387,M0072,2024-05-04 19:38:03,Bill_Payment,1923.85,ATM,Success,INR
T001612,A00196,M0028,2024-06-23 01:30:43,Purchase,375.06,UPI,Success,INR
T001613,A00297,M0085,2024-03-09 00:01:19,Purchase,1872.94,NetBanking,Success,INR
T001614,A00165,M0016,2024-02-16 10:39:05,Purchase,3237.0,Wallet,Pending,INR
T001615,A00307,M0016,2024-09-12 03:35:01,Withdrawal,564.66,UPI,Success,INR
T001616,A00271,M0035,2025-12-27 18:49:19,Purchase,502.28,UPI,Success,INR
T001617,A00008,M0017,2024-01-30 11:52:12,Purchase,1174.31,Card,Success,INR
T001618,A00038,M0073,2024-10-07 22:01:44,Purchase,488.28,Card,Success,INR
T001619,A00114,M0099,2024-08-24 04:51:47,Transfer,154.55,Wallet,Success,INR
T001620,A00339,M0052,2024-09-04 22:43:05,Bill_Payment,1071.94,NetBanking,Success,INR
T001621,A00056,M0093,2025-01-02 09:49:51,Transfer,1482.68,UPI,Success,INR
T001622,A00431,M0082,2025-05-09 09:29:31,Purchase,815.97,NetBanking,Pending,INR
T001623,A00359,M0012,2024-01-25 14:22:10,Purchase,1214.12,ATM,Success,INR
T001624,A00138,M0083,2025-08-08 02:04:45,Purchase,2818.59,UPI,Success,INR
T001625,A00102,M0048,2025-12-18 10:29:08,Purchase,794.66,UPI,Success,INR
T001626,A00334,M0022,2025-05-04 01:04:38,Withdrawal,894.29,UPI,Success,INR
T001627,A00177,M0049,2025-05-08 00:32:29,Purchase,1077.33,Wallet,Success,INR
T001628,A00169,M0052,2024-11-09 23:43:00,Purchase,826.69,UPI,Success,INR
T001629,A00339,M0079,2025-08-28 05:48:01,Transfer,826.88,Wallet,Success,INR
T001630,A00286,M0001,2025-01-09 14:15:06,Withdrawal,5103.84,ATM,Success,INR
T001631,A00261,M0066,2025-09-30 02:45:58,Transfer,1228.02,UPI,Failed,INR
T001632,A00375,M0064,2024-01-25 16:26:25,Bill_Payment,839.55,Card,Success,INR
T001633,A00223,M0008,2024-11-29 02:24:57,Transfer,3811.85,UPI,Success,INR
T001634,A00199,M0086,2024-12-20 04:18:13,Withdrawal,2912.75,UPI,Success,INR
T001635,A00211,M0025,2024-04-25 11:53:21,Transfer,1923.39,Card,Success,INR
T001636,A00287,M0066,2024-02-17 05:53:19,Purchase,633.51,NetBanking,Success,INR
T001637,A00180,M0073,2024-04-08 18:16:32,Purchase,12824.67,Card,Success,INR
T001638,A00250,M0073,2025-04-03 09:34:48,Bill_Payment,267.95,ATM,Success,INR
T001639,A00231,M0077,2025-06-06 08:28:13,Bill_Payment,220.73,UPI,Success,INR
T001640,A00023,M0070,2025-08-19 13:36:42,Withdrawal,1547.83,Card,Success,INR
T001641,A00048,M0094,2025-02-08 06:35:31,Withdrawal,795.35,NetBanking,Success,INR
T001642,A00109,M0079,2024-08-01 01:57:56,Purchase,117.99,UPI,Success,INR
T001643,A00296,M0051,2025-11-15 00:17:51,Transfer,966.13,Card,Success,INR
T001644,A00006,M0053,2025-05-17 18:46:42,Refund,1177.31,Card,Success,INR
T001645,A00038,M0015,2025-12-21 11:30:10,Bill_Payment,942.53,Wallet,Failed,INR
T001646,A00169,M0050,2025-03-23 15:05:27,Purchase,1439.43,UPI,Success,INR
T001647,A00356,M0071,2025-07-29 16:57:52,Purchase,718.52,Card,Success,INR
T001648,A00283,M0075,2024-09-14 11:24:01,Transfer,968.0,ATM,Success,INR
T001649,A00203,M0038,2024-04-30 14:48:46,Purchase,3559.29,UPI,Success,INR
T001650,A00325,M0040,2024-02-23 10:42:29,Purchase,2599.18,UPI,Success,INR
T001651,A00313,M0066,2024-11-26 14:44:56,Transfer,908.91,Card,Success,INR
T001652,A00273,M0039,2024-08-28 15:26:18,Purchase,1796.16,UPI,Pending,INR
T001653,A00244,M0074,2025-06-13 12:53:10,Withdrawal,2407.3,Card,Success,INR
T001654,A00327,M0017,2025-04-27 12:47:32,Withdrawal,471.63,UPI,Success,INR
T001655,A00047,M0007,2024-07-05 11:59:27,Bill_Payment,1476.42,Wallet,Success,INR
T001656,A00249,M0039,2025-10-17 15:09:47,Bill_Payment,1262.3,NetBanking,Success,INR
T001657,A00079,M0068,2024-09-18 17:01:32,Transfer,1982.01,UPI,Success,INR
T001658,A00110,M0035,2024-12-29 20:56:59,Withdrawal,468.91,UPI,Failed,INR
T001659,A00013,M0051,2025-05-05 11:42:19,Transfer,1063.4,NetBanking,Success,INR
T001660,A00395,M0047,2025-03-06 02:58:27,Refund,556.19,UPI,Success,INR
T001661,A00380,M0036,2024-08-26 03:39:00,Purchase,1478.58,Card,Success,INR
T001662,A00365,M0064,2024-10-30 03:04:53,Bill_Payment,521.81,UPI,Success,INR
T001663,A00090,M0095,2024-10-24 22:47:16,Purchase,671.31,UPI,Success,INR
T001664,A00342,M0089,2024-03-16 20:00:43,Purchase,1224.61,UPI,Success,INR
T001665,A00348,M0013,2025-11-30 01:37:10,Purchase,470.49,UPI,Failed,INR
T001666,A00280,M0018,2024-11-28 08:30:08,Transfer,256.16,UPI,Success,INR
T001667,A00221,M0021,2025-10-03 13:08:07,Purchase,2794.08,NetBanking,Failed,INR
T001668,A00073,M0065,2025-04-18 09:17:07,Transfer,614.58,Card,Success,INR
T001669,A00234,M0100,2024-10-09 23:20:42,Bill_Payment,311.13,Card,Pending,INR
T001670,A00260,M0008,2025-08-13 07:53:15,Purchase,404.33,Card,Success,INR
T001671,A00113,M0048,2024-03-12 04:59:30,Transfer,1002.47,UPI,Success,INR
T001672,A00046,M0085,2024-09-19 19:30:18,Purchase,4534.06,UPI,Success,INR
T001673,A00274,M0043,2025-12-03 21:14:35,Transfer,967.07,UPI,Failed,INR
T001674,A00043,M0053,2025-07-28 20:39:22,Transfer,1853.04,Card,Success,INR
T001675,A00208,M0085,2024-01-12 06:29:31,Purchase,776.05,NetBanking,Success,INR
T001676,A00417,M0027,2024-05-20 05:21:06,Refund,1296.3,Card,Success,INR
T001677,A00349,M0019,2025-07-08 05:19:55,Transfer,910.48,Card,Success,INR
T001678,A00103,M0023,2024-01-17 07:35:15,Bill_Payment,1831.85,UPI,Success,INR
T001679,A00124,M0050,2024-03-03 23:16:44,Withdrawal,395.71,Wallet,Success,INR
T001680,A00010,M0051,2024-09-09 20:54:06,Bill_Payment,1173.42,Wallet,Success,INR
T001681,A00329,M0043,2025-04-09 11:33:01,Purchase,1259.32,UPI,Success,INR
T001682,A00187,M0099,2025-01-10 12:38:57,Purchase,1566.06,Card,Success,INR
T001683,A00031,M0051,2025-06-03 22:08:17,Transfer,326.61,Card,Success,INR
T001684,A00156,M0069,2024-03-30 20:54:25,Bill_Payment,714.54,Card,Success,INR
T001685,A00060,M0041,2025-12-20 06:09:44,Purchase,1883.54,Wallet,Success,INR
T001686,A00249,M0072,2025-09-21 06:27:59,Refund,1343.79,NetBanking,Success,INR
T001687,A00387,M0011,2024-06-23 07:22:50,Purchase,5221.01,Card,Success,INR
T001688,A00374,M0080,2024-03-16 11:57:10,Purchase,681.01,Card,Failed,INR
T001689,A00439,M0088,2025-09-04 17:17:25,Purchase,183.37,UPI,Success,INR
T001690,A00270,M0085,2025-10-24 15:24:27,Transfer,720.76,UPI,Success,INR
T001691,A00442,M0052,2025-02-03 09:45:33,Bill_Payment,99.9,UPI,Success,INR
T001692,A00217,M0023,2024-03-11 21:52:11,Purchase,2063.04,UPI,Success,INR
T001693,A00399,M0049,2024-06-28 12:10:05,Transfer,1093.5,ATM,Success,INR
T001694,A00002,M0038,2024-05-03 12:13:18,Purchase,1569.44,UPI,Success,INR
T001695,A00024,M0047,2025-01-15 04:47:18,Transfer,1811.39,Wallet,Success,INR
T001696,A00206,M0072,2024-10-19 22:31:28,Purchase,2795.97,NetBanking,Success,INR
T001697,A00320,M0007,2024-07-13 18:57:44,Transfer,106.5,NetBanking,Success,INR
T001698,A00199,M0066,2024-08-15 13:24:05,Transfer,174.55,UPI,Success,INR
T001699,A00356,M0094,2025-03-06 06:32:37,Transfer,555.65,UPI,Success,INR
T001700,A00114,M0077,2025-03-11 19:34:34,Purchase,834.22,UPI,Success,INR
T001701,A00280,M0062,2025-04-05 18:14:27,Purchase,1312.4,ATM,Success,INR
T001702,A00155,M0087,2025-09-09 23:45:13,Transfer,1227.0,Wallet,Success,INR
T001703,A00165,M0029,2024-01-21 18:04:34,Bill_Payment,1284.42,UPI,Success,INR
T001704,A00222,M0038,2024-03-04 16:10:04,Bill_Payment,268.61,UPI,Success,INR
T001705,A00091,M0084,2024-06-13 07:06:15,Bill_Payment,536.29,Card,Success,INR
T001706,A00167,M0033,2024-01-27 22:17:43,Refund,820.42,UPI,Success,INR
T001707,A00447,M0029,2024-11-06 21:07:04,Purchase,957.54,NetBanking,Success,INR
T001708,A00207,M0079,2024-10-11 05:34:29,Purchase,698.97,NetBanking,Success,INR
T001709,A00282,M0023,2025-10-21 06:46:40,Purchase,1378.72,NetBanking,Success,INR
T001710,A00065,M0003,2024-10-07 06:42:26,Purchase,392.64,Card,Failed,INR
T001711,A00376,M0093,2024-06-12 01:54:06,Transfer,710.29,Card,Success,INR
T001712,A00004,M0045,2024-08-11 11:12:32,Bill_Payment,1724.48,UPI,Success,INR
T001713,A00157,M0008,2024-05-25 06:34:54,Purchase,1318.19,NetBanking,Success,INR
T001714,A00249,M0086,2024-01-30 06:02:20,Transfer,783.65,Wallet,Success,INR
T001715,A00257,M0029,2024-02-14 13:43:58,Transfer,799.82,UPI,Success,INR
T001716,A00235,M0002,2025-04-15 08:36:36,Transfer,714.46,UPI,Success,INR
T001717,A00306,M0050,2024-02-03 17:44:34,Purchase,811.16,UPI,Success,INR
T001718,A00366,M0065,2025-10-14 16:34:42,Withdrawal,696.86,NetBanking,Success,INR
T001719,A00395,M0020,2025-03-02 12:16:40,Purchase,790.0,UPI,Success,INR
T001720,A00074,M0052,2024-08-08 06:22:50,Bill_Payment,1431.0,Card,Success,INR
T001721,A00187,M0085,2025-06-17 03:01:35,Refund,1404.4,UPI,Success,INR
T001722,A00062,M0037,2025-11-22 10:34:31,Purchase,336.42,NetBanking,Failed,INR
T001723,A00337,M0072,2025-01-01 14:31:08,Purchase,5500.46,Card,Success,INR
T001724,A00164,M0027,2025-07-03 06:10:58,Withdrawal,672.6,UPI,Success,INR
T001725,A00056,M0047,2025-08-04 15:55:00,Purchase,1672.36,UPI,Success,INR
T001726,A00111,M0099,2024-04-25 17:11:55,Purchase,418.01,UPI,Success,INR
T001727,A00218,M0006,2024-08-26 02:20:44,Bill_Payment,4090.44,NetBanking,Success,INR
T001728,A00240,M0060,2024-11-30 20:52:27,Purchase,1780.01,NetBanking,Success,INR
T001729,A00021,M0045,2025-03-16 21:07:44,Purchase,1547.24,UPI,Pending,INR
T001730,A00141,M0044,2024-05-27 18:28:55,Transfer,933.56,Card,Success,INR
T001731,A00265,M0083,2024-01-09 01:02:40,Purchase,209.34,UPI,Success,INR
T001732,A00139,M0018,2024-10-14 10:14:44,Purchase,4897.79,NetBanking,Success,INR
T001733,A00070,M0065,2025-01-22 07:13:42,Transfer,2364.5,UPI,Success,INR
T001734,A00385,M0025,2024-02-19 15:08:24,Purchase,821.12,Wallet,Success,INR
T001735,A00118,M0027,2025-05-31 11:58:50,Transfer,1687.04,Card,Success,INR
T001736,A00198,M0007,2025-09-29 12:11:21,Refund,337.12,Card,Success,INR
T001737,A00205,M0044,2025-08-09 17:19:59,Bill_Payment,197.18,UPI,Failed,INR
T001738,A00214,M0029,2025-11-07 10:07:31,Purchase,1112.99,UPI,Success,INR
T001739,A00056,M0095,2024-10-04 14:16:53,Purchase,534.98,Card,Success,INR
T001740,A00287,M0044,2024-10-26 17:17:58,Transfer,710.28,Card,Pending,INR
T001741,A00293,M0036,2025-08-11 08:13:59,Transfer,1045.84,UPI,Success,INR
T001742,A00175,M0019,2025-10-10 09:37:01,Bill_Payment,376.7,NetBanking,Success,INR
T001743,A00347,M0006,2025-09-09 03:37:59,Transfer,1020.28,UPI,Success,INR
T001744,A00370,M0025,2025-08-29 01:54:55,Purchase,405.96,UPI,Success,INR
T001745,A00128,M0031,2024-05-14 14:29:02,Purchase,2727.73,NetBanking,Success,INR
T001746,A00431,M0009,2025-08-02 03:29:12,Bill_Payment,1001.94,Wallet,Success,INR
T001747,A00378,M0084,2024-05-26 13:33:41,Bill_Payment,1763.05,UPI,Success,INR
T001748,A00325,M0074,2025-05-04 09:20:30,Purchase,222.45,NetBanking,Success,INR
T001749,A00442,M0037,2025-04-22 19:27:43,Transfer,1864.56,Card,Success,INR
T001750,A00292,M0027,2024-06-07 03:24:07,Purchase,4219.62,ATM,Success,INR
T001751,A00288,M0013,2025-01-18 04:53:23,Transfer,1219.08,UPI,Success,INR
T001752,A00226,M0041,2024-06-11 12:39:24,Purchase,1754.48,ATM,Success,INR
T001753,A00064,M0066,2025-03-16 00:08:47,Bill_Payment,885.12,UPI,Success,INR
T001754,A00426,M0085,2024-07-07 15:42:01,Transfer,1537.26,UPI,Success,INR
T001755,A00048,M0097,2025-02-18 19:00:58,Bill_Payment,4633.48,UPI,Success,INR
T001756,A00202,M0024,2024-12-04 01:37:29,Refund,8280.28,UPI,Success,INR
T001757,A00337,M0044,2025-08-29 13:58:34,Purchase,1458.94,Card,Success,INR
T001758,A00414,M0098,2024-06-29 12:42:04,Transfer,438.03,Card,Success,INR
T001759,A00405,M0060,2024-10-14 04:47:10,Bill_Payment,1921.72,UPI,Success,INR
T001760,A00060,M0009,2024-07-05 20:08:15,Transfer,360.01,UPI,Success,INR
T001761,A00397,M0002,2024-05-17 11:52:10,Transfer,625.17,UPI,Success,INR
T001762,A00257,M0056,2024-05-09 23:40:03,Purchase,692.86,UPI,Success,INR
T001763,A00065,M0030,2024-07-12 00:55:23,Transfer,6884.7,UPI,Success,INR
T001764,A00239,M0022,2024-11-11 00:07:25,Purchase,3967.29,UPI,Success,INR
T001765,A00289,M0075,2024-05-23 23:02:25,Purchase,3292.7,UPI,Success,INR
T001766,A00038,M0081,2024-01-16 02:46:03,Purchase,2295.47,Card,Success,INR
T001767,A00025,M0100,2024-10-28 14:01:51,Purchase,484.17,NetBanking,Success,INR
T001768,A00410,M0013,2025-02-26 04:17:17,Purchase,1356.41,UPI,Success,INR
T001769,A00059,M0071,2024-09-01 04:40:55,Purchase,5733.75,UPI,Success,INR
T001770,A00417,M0016,2024-04-16 22:45:47,Purchase,1640.54,Card,Success,INR
T001771,A00357,M0097,2024-03-28 03:00:47,Purchase,2771.47,UPI,Success,INR
T001772,A00383,M0045,2024-05-08 00:53:56,Purchase,257.53,Card,Success,INR
T001773,A00297,M0065,2024-12-06 17:11:37,Withdrawal,2099.99,Wallet,Success,INR
T001774,A00158,M0011,2024-01-04 03:44:47,Withdrawal,424.58,NetBanking,Success,INR
T001775,A00057,M0070,2024-11-22 21:29:44,Withdrawal,898.91,Card,Success,INR
T001776,A00433,M0020,2025-02-13 17:20:23,Bill_Payment,3943.52,UPI,Success,INR
T001777,A00048,M0099,2024-11-01 03:39:15,Purchase,1498.84,UPI,Success,INR
T001778,A00328,M0063,2025-08-29 03:07:35,Purchase,2283.61,Card,Success,INR
T001779,A00433,M0090,2025-12-21 00:32:59,Purchase,928.45,Wallet,Success,INR
T001780,A00431,M0012,2024-08-12 05:55:05,Bill_Payment,193.75,Wallet,Success,INR
T001781,A00056,M0062,2024-12-13 20:42:23,Withdrawal,472.6,UPI,Failed,INR
T001782,A00065,M0094,2024-11-16 09:44:54,Purchase,2022.76,UPI,Success,INR
T001783,A00268,M0092,2025-07-12 09:44:58,Purchase,1482.14,UPI,Success,INR
T001784,A00069,M0091,2024-06-29 09:22:50,Transfer,4896.09,UPI,Success,INR
T001785,A00216,M0042,2025-09-09 02:42:14,Purchase,1228.98,NetBanking,Success,INR
T001786,A00390,M0083,2025-12-11 19:59:44,Transfer,491.02,UPI,Success,INR
T001787,A00089,M0069,2025-01-20 11:00:05,Bill_Payment,1071.44,UPI,Success,INR
T001788,A00449,M0058,2025-09-09 21:38:52,Transfer,2692.01,NetBanking,Success,INR
T001789,A00281,M0005,2024-04-17 15:26:59,Bill_Payment,225.57,UPI,Success,INR
T001790,A00257,M0027,2025-06-14 07:44:41,Purchase,1496.8,Card,Success,INR
T001791,A00160,M0028,2025-02-13 17:36:41,Transfer,352.68,UPI,Success,INR
T001792,A00234,M0026,2024-10-22 08:39:37,Bill_Payment,1269.58,UPI,Success,INR
T001793,A00131,M0091,2024-06-19 11:08:42,Transfer,2108.64,UPI,Success,INR
T001794,A00049,M0049,2024-11-26 09:48:17,Transfer,1802.06,Card,Success,INR
T001795,A00147,M0021,2025-05-07 10:11:20,Withdrawal,3664.14,NetBanking,Failed,INR
T001796,A00316,M0001,2024-07-13 23:10:52,Bill_Payment,1374.24,Card,Failed,INR
T001797,A00413,M0092,2024-01-12 14:10:44,Purchase,1741.02,Card,Success,INR
T001798,A00434,M0058,2024-07-13 12:14:44,Purchase,1796.68,NetBanking,Success,INR
T001799,A00002,M0079,2025-05-04 09:29:49,Purchase,458.17,UPI,Success,INR
T001800,A00329,M0055,2024-06-30 03:45:10,Bill_Payment,977.76,NetBanking,Success,INR
T001801,A00440,M0081,2025-10-17 06:09:12,Refund,119.93,UPI,Success,INR
T001802,A00145,M0026,2024-11-11 23:32:18,Purchase,1539.47,UPI,Success,INR
T001803,A00444,M0084,2025-11-24 07:20:45,Purchase,92.16,UPI,Success,INR
T001804,A00366,M0025,2024-01-30 21:18:08,Bill_Payment,2354.74,UPI,Failed,INR
T001805,A00420,M0077,2025-08-18 19:45:53,Purchase,4856.05,Wallet,Success,INR
T001806,A00061,M0033,2025-11-08 00:19:55,Purchase,1717.89,UPI,Success,INR
T001807,A00273,M0089,2024-04-05 16:39:09,Purchase,1973.9,UPI,Success,INR
T001808,A00049,M0072,2025-01-15 07:03:53,Purchase,3243.42,Card,Success,INR
T001809,A00332,M0069,2025-03-19 01:28:25,Transfer,741.48,UPI,Success,INR
T001810,A00444,M0006,2024-10-24 16:21:00,Purchase,348.89,Wallet,Success,INR
T001811,A00404,M0023,2024-12-26 20:26:53,Transfer,1014.97,Wallet,Success,INR
T001812,A00434,M0030,2025-01-08 13:30:48,Bill_Payment,551.9,UPI,Success,INR
T001813,A00131,M0078,2025-07-07 17:31:30,Purchase,1175.07,UPI,Success,INR
T001814,A00043,M0054,2024-10-29 11:41:53,Purchase,1379.21,UPI,Success,INR
T001815,A00057,M0087,2025-02-24 11:50:42,Bill_Payment,713.09,Card,Success,INR
T001816,A00050,M0011,2024-09-02 09:11:02,Withdrawal,576.89,UPI,Success,INR
T001817,A00178,M0031,2025-12-20 19:53:53,Purchase,157.79,Card,Success,INR
T001818,A00293,M0006,2024-08-24 11:33:24,Purchase,942.06,NetBanking,Success,INR
T001819,A00046,M0011,2025-06-17 01:51:18,Purchase,740.14,UPI,Success,INR
T001820,A00170,M0077,2024-07-03 08:55:21,Transfer,788.91,UPI,Success,INR
T001821,A00271,M0012,2025-04-12 13:28:23,Purchase,2118.52,UPI,Success,INR
T001822,A00417,M0066,2024-12-28 19:47:59,Transfer,6430.12,NetBanking,Success,INR
T001823,A00336,M0053,2024-10-09 04:34:54,Purchase,795.37,UPI,Success,INR
T001824,A00139,M0099,2025-07-06 12:16:25,Bill_Payment,1552.23,UPI,Success,INR
T001825,A00247,M0036,2024-12-01 02:41:18,Purchase,1378.34,UPI,Failed,INR
T001826,A00148,M0017,2024-06-10 10:27:12,Transfer,3044.78,Card,Success,INR
T001827,A00230,M0028,2024-06-08 12:50:35,Purchase,482.7,UPI,Success,INR
T001828,A00280,M0092,2025-04-18 00:27:28,Purchase,470.05,ATM,Success,INR
T001829,A00125,M0022,2025-08-23 22:33:33,Transfer,522.02,NetBanking,Success,INR
T001830,A00192,M0007,2024-11-17 18:51:57,Withdrawal,142.49,Card,Success,INR
T001831,A00374,M0015,2024-01-12 04:34:49,Withdrawal,1052.15,Wallet,Success,INR
T001832,A00080,M0096,2025-02-27 21:28:01,Withdrawal,425.22,Card,Success,INR
T001833,A00094,M0011,2024-03-13 01:36:58,Purchase,1374.8,NetBanking,Success,INR
T001834,A00226,M0024,2025-08-10 09:12:29,Transfer,127.34,UPI,Success,INR
T001835,A00065,M0067,2024-07-19 07:35:12,Purchase,1041.79,Card,Success,INR
T001836,A00088,M0030,2025-06-05 10:18:44,Purchase,870.83,UPI,Success,INR
T001837,A00088,M0070,2025-05-19 00:21:56,Withdrawal,671.51,UPI,Success,INR
T001838,A00201,M0066,2025-11-18 19:43:10,Bill_Payment,2692.93,UPI,Pending,INR
T001839,A00214,M0061,2024-02-08 16:40:46,Withdrawal,531.58,Card,Failed,INR
T001840,A00204,M0078,2024-02-29 21:50:43,Bill_Payment,1441.38,Card,Success,INR
T001841,A00401,M0041,2025-07-31 19:20:10,Refund,621.01,Card,Failed,INR
T001842,A00382,M0082,2024-11-16 17:47:22,Purchase,4881.15,NetBanking,Success,INR
T001843,A00089,M0051,2025-03-10 06:25:02,Refund,969.46,UPI,Success,INR
T001844,A00061,M0044,2025-09-27 08:52:37,Transfer,2014.7,UPI,Failed,INR
T001845,A00271,M0095,2025-11-06 03:34:32,Bill_Payment,1898.32,UPI,Success,INR
T001846,A00094,M0013,2025-02-11 13:54:54,Transfer,3075.02,UPI,Success,INR
T001847,A00307,M0090,2025-01-20 13:15:19,Transfer,1250.72,Card,Success,INR
T001848,A00027,M0012,2025-11-01 20:31:25,Withdrawal,335.05,NetBanking,Success,INR
T001849,A00214,M0082,2025-07-22 05:28:13,Purchase,1633.83,UPI,Success,INR
T001850,A00074,M0009,2024-03-18 14:01:18,Bill_Payment,1407.3,NetBanking,Success,INR
T001851,A00061,M0085,2024-07-12 12:07:57,Purchase,71.34,Wallet,Success,INR
T001852,A00186,M0048,2024-10-11 16:40:12,Purchase,243.54,UPI,Success,INR
T001853,A00031,M0049,2025-06-10 02:59:20,Purchase,2070.09,Card,Pending,INR
T001854,A00219,M0053,2025-06-07 03:13:04,Purchase,3937.71,UPI,Success,INR
T001855,A00012,M0056,2025-09-04 00:35:06,Purchase,1017.97,NetBanking,Success,INR
T001856,A00302,M0040,2024-06-04 03:47:49,Purchase,2271.76,UPI,Success,INR
T001857,A00415,M0024,2024-12-05 07:00:23,Transfer,1209.84,Card,Success,INR
T001858,A00032,M0098,2024-05-04 16:51:06,Purchase,1133.16,UPI,Success,INR
T001859,A00160,M0072,2024-10-06 09:55:06,Purchase,964.05,Wallet,Success,INR
T001860,A00237,M0033,2025-09-13 18:53:39,Purchase,1179.27,Card,Success,INR
T001861,A00227,M0023,2025-10-19 17:06:25,Refund,1555.52,UPI,Success,INR
T001862,A00181,M0077,2025-12-28 07:38:02,Purchase,763.91,Card,Success,INR
T001863,A00317,M0054,2025-11-04 16:46:09,Purchase,3367.85,NetBanking,Success,INR
T001864,A00046,M0053,2024-05-07 09:29:03,Purchase,445.78,Card,Success,INR
T001865,A00341,M0049,2024-11-09 06:44:00,Purchase,5069.67,ATM,Success,INR
T001866,A00080,M0078,2024-11-27 02:46:55,Transfer,903.3,NetBanking,Success,INR
T001867,A00135,M0078,2024-05-29 22:49:24,Purchase,1046.46,Card,Success,INR
T001868,A00260,M0080,2025-03-29 17:30:23,Purchase,623.34,UPI,Success,INR
T001869,A00308,M0049,2024-02-05 14:18:20,Purchase,1585.22,UPI,Success,INR
T001870,A00247,M0060,2025-11-15 17:45:25,Transfer,781.34,ATM,Success,INR
T001871,A00159,M0090,2025-02-23 22:23:16,Withdrawal,714.88,Wallet,Success,INR
T001872,A00203,M0090,2024-01-22 13:47:11,Purchase,1903.93,UPI,Success,INR
T001873,A00112,M0065,2024-07-24 21:09:50,Purchase,3118.35,Card,Success,INR
T001874,A00292,M0032,2025-09-30 17:40:52,Purchase,429.28,NetBanking,Failed,INR
T001875,A00438,M0079,2024-12-21 14:11:27,Transfer,2305.43,Card,Success,INR
T001876,A00310,M0021,2025-03-15 22:09:49,Purchase,3371.46,NetBanking,Success,INR
T001877,A00119,M0018,2025-12-29 15:15:09,Transfer,223.97,UPI,Success,INR
T001878,A00383,M0094,2024-04-05 03:12:45,Purchase,512.11,Wallet,Failed,INR
T001879,A00017,M0060,2024-06-12 07:39:57,Purchase,3299.24,UPI,Success,INR
T001880,A00331,M0013,2024-05-27 18:13:43,Purchase,1534.32,Card,Success,INR
T001881,A00414,M0024,2025-06-13 02:37:12,Purchase,5106.97,UPI,Success,INR
T001882,A00227,M0030,2024-10-20 20:38:20,Purchase,934.88,Card,Success,INR
T001883,A00361,M0002,2024-07-13 18:15:14,Purchase,683.05,Card,Success,INR
T001884,A00406,M0083,2025-10-24 13:41:54,Transfer,3733.97,NetBanking,Success,INR
T001885,A00117,M0025,2025-04-24 11:39:25,Purchase,516.95,Card,Success,INR
T001886,A00043,M0050,2024-05-02 23:24:28,Withdrawal,880.37,Card,Success,INR
T001887,A00368,M0014,2025-02-03 18:52:37,Withdrawal,1814.45,UPI,Success,INR
T001888,A00115,M0006,2025-11-29 12:08:35,Transfer,1983.5,Wallet,Success,INR
T001889,A00283,M0076,2025-03-27 14:50:50,Bill_Payment,534.92,UPI,Success,INR
T001890,A00037,M0084,2025-10-22 23:54:22,Purchase,1386.61,Card,Success,INR
T001891,A00302,M0087,2024-04-13 17:11:42,Purchase,844.03,UPI,Success,INR
T001892,A00113,M0030,2025-04-06 07:51:57,Transfer,241.18,UPI,Success,INR
T001893,A00035,M0030,2025-12-18 18:32:33,Transfer,724.17,UPI,Success,INR
T001894,A00132,M0038,2025-12-10 09:47:22,Transfer,251.93,Wallet,Success,INR
T001895,A00336,M0058,2025-01-30 00:15:29,Purchase,605.76,UPI,Success,INR
T001896,A00336,M0094,2024-12-02 03:46:20,Transfer,371.88,UPI,Success,INR
T001897,A00410,M0041,2025-08-21 05:45:42,Bill_Payment,2200.51,NetBanking,Failed,INR
T001898,A00377,M0094,2024-05-21 04:57:13,Purchase,1437.02,UPI,Success,INR
T001899,A00228,M0057,2024-11-12 19:49:07,Refund,4379.81,NetBanking,Success,INR
T001900,A00147,M0036,2025-12-11 20:35:55,Purchase,478.38,Wallet,Success,INR
T001901,A00122,M0064,2025-07-11 03:45:27,Purchase,1225.31,NetBanking,Success,INR
T001902,A00081,M0098,2025-06-10 16:08:59,Purchase,406.39,UPI,Success,INR
T001903,A00173,M0016,2025-07-09 19:19:45,Transfer,621.15,UPI,Success,INR
T001904,A00154,M0088,2025-02-04 11:24:17,Transfer,765.46,UPI,Success,INR
T001905,A00150,M0078,2025-11-11 18:43:59,Transfer,6478.75,UPI,Success,INR
T001906,A00375,M0090,2024-11-05 12:17:41,Transfer,1521.57,UPI,Success,INR
T001907,A00058,M0072,2025-05-09 19:41:52,Purchase,977.51,Wallet,Success,INR
T001908,A00063,M0014,2025-07-09 00:00:42,Purchase,2896.07,Card,Success,INR
T001909,A00156,M0031,2025-09-01 06:19:29,Purchase,2009.61,UPI,Success,INR
T001910,A00449,M0066,2024-04-18 18:38:33,Refund,1042.65,UPI,Success,INR
T001911,A00428,M0068,2025-01-06 21:38:38,Purchase,2013.59,Card,Success,INR
T001912,A00356,M0065,2025-09-07 06:14:09,Bill_Payment,832.82,UPI,Success,INR
T001913,A00427,M0055,2024-07-24 10:44:13,Purchase,16108.07,Wallet,Success,INR
T001914,A00421,M0084,2024-02-12 08:00:59,Purchase,3287.92,UPI,Success,INR
T001915,A00322,M0078,2024-09-01 02:22:56,Purchase,760.57,Wallet,Success,INR
T001916,A00401,M0040,2024-10-13 12:44:34,Purchase,2171.81,Card,Success,INR
T001917,A00168,M0025,2024-12-20 21:26:39,Refund,1797.23,ATM,Success,INR
T001918,A00166,M0025,2025-04-20 10:05:45,Transfer,1414.88,UPI,Success,INR
T001919,A00085,M0003,2024-03-23 19:39:40,Bill_Payment,1742.9,UPI,Success,INR
T001920,A00445,M0069,2024-04-19 19:17:08,Bill_Payment,527.85,Card,Success,INR
T001921,A00137,M0026,2024-07-08 01:12:01,Transfer,741.33,Wallet,Success,INR
T001922,A00189,M0040,2024-09-07 01:36:16,Transfer,4879.62,NetBanking,Success,INR
T001923,A00400,M0038,2025-12-24 04:28:39,Transfer,1317.67,Card,Success,INR
T001924,A00379,M0038,2024-10-17 08:29:29,Transfer,583.93,UPI,Success,INR
T001925,A00002,M0068,2025-10-06 10:43:16,Purchase,966.65,UPI,Success,INR
T001926,A00106,M0007,2024-07-19 14:42:47,Purchase,678.06,UPI,Success,INR
T001927,A00364,M0094,2024-11-21 09:11:03,Transfer,2460.09,Card,Success,INR
T001928,A00072,M0030,2025-05-25 06:12:20,Purchase,661.99,UPI,Success,INR
T001929,A00427,M0019,2025-02-12 21:02:03,Transfer,1141.07,UPI,Success,INR
T001930,A00126,M0035,2025-08-29 15:23:50,Bill_Payment,604.1,Card,Success,INR
T001931,A00170,M0033,2025-05-22 01:51:08,Transfer,7999.36,Wallet,Success,INR
T001932,A00205,M0033,2025-08-23 22:28:00,Transfer,1931.97,Card,Success,INR
T001933,A00313,M0078,2024-03-12 02:16:35,Purchase,1864.29,Card,Failed,INR
T001934,A00337,M0038,2024-09-03 22:48:17,Withdrawal,2055.03,ATM,Success,INR
T001935,A00195,M0010,2025-10-02 16:06:35,Purchase,768.81,UPI,Success,INR
T001936,A00158,M0057,2025-12-24 10:37:30,Refund,4311.93,UPI,Success,INR
T001937,A00141,M0028,2025-08-30 04:27:56,Refund,1031.83,NetBanking,Success,INR
T001938,A00275,M0078,2025-08-09 04:16:16,Bill_Payment,5407.41,UPI,Failed,INR
T001939,A00007,M0100,2025-07-19 15:30:39,Purchase,818.67,UPI,Success,INR
T001940,A00393,M0038,2024-12-09 17:58:43,Purchase,2087.94,UPI,Success,INR
T001941,A00054,M0016,2024-02-23 12:04:02,Bill_Payment,1274.28,Card,Success,INR
T001942,A00104,M0021,2025-12-30 01:29:52,Bill_Payment,1395.32,UPI,Success,INR
T001943,A00342,M0092,2025-06-11 07:31:46,Bill_Payment,243.96,UPI,Success,INR
T001944,A00338,M0097,2025-09-02 22:10:45,Transfer,452.65,UPI,Success,INR
T001945,A00061,M0006,2025-06-15 06:53:29,Transfer,4268.25,UPI,Failed,INR
T001946,A00087,M0041,2025-07-11 00:11:33,Purchase,343.8,Wallet,Failed,INR
T001947,A00258,M0015,2024-07-11 16:37:01,Bill_Payment,2447.51,ATM,Success,INR
T001948,A00178,M0003,2024-02-27 20:35:59,Withdrawal,11384.2,NetBanking,Success,INR
T001949,A00242,M0043,2025-03-12 20:45:10,Purchase,1803.91,ATM,Success,INR
T001950,A00203,M0047,2024-04-20 03:09:12,Purchase,7435.89,UPI,Success,INR
T001951,A00031,M0099,2024-05-08 14:29:56,Transfer,2044.49,NetBanking,Success,INR
T001952,A00289,M0014,2025-12-06 19:44:26,Transfer,1389.32,UPI,Success,INR
T001953,A00080,M0066,2024-11-21 01:23:12,Purchase,1536.37,NetBanking,Success,INR
T001954,A00011,M0029,2024-01-08 14:44:36,Purchase,934.83,UPI,Success,INR
T001955,A00417,M0004,2024-01-29 06:29:14,Purchase,909.32,NetBanking,Success,INR
T001956,A00254,M0026,2024-04-21 00:55:12,Purchase,683.59,UPI,Success,INR
T001957,A00384,M0012,2025-11-03 12:43:53,Bill_Payment,1605.0,UPI,Failed,INR
T001958,A00391,M0002,2024-05-10 01:11:58,Withdrawal,7945.39,NetBanking,Success,INR
T001959,A00384,M0017,2024-07-06 18:20:03,Withdrawal,3952.19,NetBanking,Success,INR
T001960,A00287,M0035,2025-11-05 07:33:12,Withdrawal,1318.68,Card,Success,INR
T001961,A00176,M0010,2025-12-09 10:24:49,Purchase,1906.05,Card,Success,INR
T001962,A00126,M0086,2025-04-19 11:11:49,Withdrawal,1015.51,UPI,Success,INR
T001963,A00047,M0043,2024-12-29 07:51:13,Refund,3941.49,Card,Success,INR
T001964,A00206,M0021,2024-07-22 13:12:33,Transfer,252.38,UPI,Success,INR
T001965,A00437,M0015,2024-07-30 08:11:13,Purchase,6232.51,NetBanking,Success,INR
T001966,A00107,M0035,2025-09-12 17:03:30,Withdrawal,671.34,Card,Success,INR
T001967,A00275,M0085,2024-10-02 03:47:59,Bill_Payment,776.16,Wallet,Success,INR
T001968,A00337,M0085,2024-03-13 12:35:10,Purchase,364.87,Card,Success,INR
T001969,A00123,M0085,2025-11-09 23:10:06,Purchase,1260.52,UPI,Success,INR
T001970,A00134,M0060,2024-08-30 16:51:23,Bill_Payment,594.2,Card,Success,INR
T001971,A00107,M0044,2024-04-11 07:13:12,Bill_Payment,3124.84,UPI,Failed,INR
T001972,A00305,M0096,2025-11-15 08:10:33,Transfer,2013.48,UPI,Success,INR
T001973,A00329,M0005,2024-06-19 21:16:14,Purchase,587.4,NetBanking,Success,INR
T001974,A00050,M0073,2025-10-14 07:12:13,Purchase,498.07,UPI,Success,INR
T001975,A00337,M0018,2024-07-06 12:30:20,Transfer,615.37,Card,Success,INR
T001976,A00095,M0021,2025-03-16 08:07:16,Bill_Payment,468.21,UPI,Success,INR
T001977,A00268,M0072,2024-03-26 16:18:55,Purchase,852.7,UPI,Success,INR
T001978,A00023,M0098,2025-04-20 02:42:50,Purchase,514.58,Card,Success,INR
T001979,A00054,M0074,2024-02-21 19:14:45,Bill_Payment,3138.32,Wallet,Success,INR
T001980,A00374,M0051,2024-04-20 09:47:51,Purchase,700.28,Card,Success,INR
T001981,A00254,M0041,2024-02-12 20:23:11,Withdrawal,1841.12,UPI,Success,INR
T001982,A00235,M0024,2024-07-29 06:30:39,Purchase,1854.79,UPI,Success,INR
T001983,A00059,M0024,2024-07-18 03:05:01,Bill_Payment,206.89,Wallet,Success,INR
T001984,A00164,M0096,2025-09-18 22:51:59,Refund,2084.12,NetBanking,Success,INR
T001985,A00259,M0097,2024-01-26 12:28:37,Purchase,235.99,ATM,Success,INR
T001986,A00314,M0038,2024-10-25 23:10:59,Bill_Payment,517.78,UPI,Success,INR
T001987,A00216,M0044,2024-03-17 22:22:42,Refund,1999.45,Wallet,Success,INR
T001988,A00183,M0057,2024-05-16 11:26:36,Refund,1227.03,NetBanking,Success,INR
T001989,A00057,M0059,2024-01-20 06:32:49,Purchase,807.22,Wallet,Success,INR
T001990,A00145,M0034,2025-03-15 11:38:07,Transfer,220.37,UPI,Success,INR
T001991,A00423,M0075,2024-07-29 05:48:13,Purchase,2612.79,NetBanking,Pending,INR
T001992,A00090,M0095,2025-07-04 15:21:44,Purchase,1620.82,Card,Success,INR
T001993,A00311,M0082,2025-03-10 08:59:59,Transfer,507.34,Card,Success,INR
T001994,A00045,M0023,2024-07-25 07:00:36,Purchase,461.56,Card,Success,INR
T001995,A00257,M0086,2025-03-14 23:51:10,Withdrawal,2763.34,NetBanking,Success,INR
T001996,A00021,M0043,2025-10-27 13:45:31,Transfer,1437.07,ATM,Success,INR
T001997,A00021,M0082,2024-02-11 22:22:50,Bill_Payment,322.38,NetBanking,Success,INR
T001998,A00052,M0040,2025-02-14 02:37:22,Bill_Payment,568.3,Card,Success,INR
T001999,A00338,M0047,2025-06-06 15:40:37,Purchase,6384.08,Card,Success,INR
T002000,A00171,M0041,2025-09-01 16:45:42,Transfer,2702.72,Card,Success,INR
T002001,A00436,M0047,2025-03-02 21:42:59,Withdrawal,1097.2,UPI,Success,INR
T002002,A00067,M0020,2024-10-01 09:44:29,Purchase,1118.94,UPI,Success,INR
T002003,A00113,M0077,2025-03-23 20:20:46,Purchase,154.8,NetBanking,Failed,INR
T002004,A00300,M0065,2025-01-03 10:42:40,Bill_Payment,3554.47,UPI,Success,INR
T002005,A00160,M0068,2024-08-07 16:07:50,Purchase,730.5,NetBanking,Success,INR
T002006,A00266,M0024,2025-07-30 11:47:07,Bill_Payment,529.64,NetBanking,Success,INR
T002007,A00320,M0100,2024-08-19 16:48:16,Bill_Payment,2153.77,Card,Success,INR
T002008,A00232,M0036,2024-11-23 17:55:57,Purchase,622.06,Wallet,Success,INR
T002009,A00325,M0045,2025-03-18 20:12:32,Bill_Payment,212.58,Card,Success,INR
T002010,A00068,M0002,2024-02-21 21:27:28,Purchase,1585.77,UPI,Success,INR
T002011,A00028,M0028,2025-01-10 19:34:01,Bill_Payment,280.36,UPI,Success,INR
T002012,A00437,M0026,2024-09-19 13:28:54,Bill_Payment,1040.11,Wallet,Success,INR
T002013,A00116,M0023,2024-09-23 07:45:30,Purchase,1459.5,ATM,Success,INR
T002014,A00051,M0079,2024-12-24 02:01:28,Transfer,854.01,UPI,Success,INR
T002015,A00181,M0036,2024-11-12 22:32:02,Transfer,857.46,UPI,Failed,INR
T002016,A00260,M0091,2024-11-19 17:05:18,Purchase,4428.57,UPI,Success,INR
T002017,A00079,M0006,2025-10-27 09:00:00,Refund,4486.23,Card,Success,INR
T002018,A00273,M0035,2025-10-13 00:26:07,Purchase,480.21,Card,Failed,INR
T002019,A00108,M0038,2025-07-16 13:17:58,Transfer,642.08,Card,Success,INR
T002020,A00074,M0035,2025-09-20 13:34:10,Purchase,674.6,NetBanking,Success,INR
T002021,A00175,M0100,2025-02-24 00:18:14,Transfer,1066.04,NetBanking,Success,INR
T002022,A00184,M0074,2024-02-15 03:05:35,Bill_Payment,1018.63,UPI,Failed,INR
T002023,A00023,M0094,2025-08-22 21:57:24,Transfer,5142.91,UPI,Success,INR
T002024,A00274,M0053,2025-12-20 12:31:53,Withdrawal,927.99,NetBanking,Success,INR
T002025,A00129,M0038,2024-09-25 16:19:51,Withdrawal,433.88,Card,Failed,INR
T002026,A00291,M0093,2025-08-23 02:41:24,Purchase,645.99,UPI,Success,INR
T002027,A00320,M0059,2025-01-15 19:55:27,Purchase,1534.63,UPI,Success,INR
T002028,A00186,M0043,2024-04-27 23:09:38,Purchase,870.08,NetBanking,Success,INR
T002029,A00059,M0004,2025-07-19 16:15:52,Purchase,1454.25,UPI,Success,INR
T002030,A00001,M0005,2024-04-25 02:14:06,Purchase,880.28,Card,Success,INR
T002031,A00131,M0068,2025-09-21 01:22:14,Bill_Payment,2105.52,Card,Success,INR
T002032,A00067,M0100,2024-09-16 16:32:36,Refund,1012.89,UPI,Success,INR
T002033,A00293,M0045,2024-03-15 13:00:06,Purchase,366.95,Card,Success,INR
T002034,A00285,M0080,2025-04-24 00:22:34,Purchase,802.58,UPI,Success,INR
T002035,A00089,M0025,2024-10-31 14:44:06,Purchase,8024.59,UPI,Success,INR
T002036,A00417,M0078,2024-01-07 18:04:24,Bill_Payment,3336.25,UPI,Success,INR
T002037,A00100,M0011,2024-12-31 15:53:04,Transfer,385.48,Card,Pending,INR
T002038,A00189,M0029,2025-09-25 00:49:23,Transfer,5434.67,NetBanking,Success,INR
T002039,A00378,M0034,2025-06-06 07:37:04,Transfer,1240.65,UPI,Success,INR
T002040,A00346,M0086,2024-12-13 22:13:59,Withdrawal,706.59,NetBanking,Success,INR
T002041,A00388,M0014,2025-03-13 00:50:42,Purchase,851.14,UPI,Success,INR
T002042,A00241,M0024,2024-08-02 01:58:59,Purchase,1154.17,Card,Success,INR
T002043,A00270,M0059,2025-03-04 03:07:06,Purchase,2909.27,Card,Success,INR
T002044,A00219,M0039,2025-05-12 22:18:18,Purchase,1301.18,Card,Success,INR
T002045,A00417,M0026,2025-06-23 23:14:12,Bill_Payment,1480.39,UPI,Success,INR
T002046,A00406,M0043,2025-01-01 10:35:08,Purchase,3262.33,UPI,Success,INR
T002047,A00176,M0036,2024-11-08 19:37:27,Purchase,765.72,Card,Failed,INR
T002048,A00387,M0039,2025-06-21 19:03:37,Bill_Payment,1439.7,UPI,Success,INR
T002049,A00341,M0061,2024-02-23 08:16:55,Purchase,1627.81,Wallet,Success,INR
T002050,A00233,M0016,2025-06-24 02:10:02,Purchase,1238.0,UPI,Success,INR
T002051,A00151,M0059,2025-04-11 11:43:50,Bill_Payment,1718.32,UPI,Success,INR
T002052,A00277,M0096,2024-06-12 17:36:12,Withdrawal,588.7,UPI,Success,INR
T002053,A00229,M0006,2024-11-29 15:00:20,Purchase,2649.16,Card,Success,INR
T002054,A00171,M0098,2025-06-30 23:10:49,Withdrawal,666.16,NetBanking,Success,INR
T002055,A00223,M0056,2024-12-13 04:51:05,Withdrawal,1651.09,Card,Success,INR
T002056,A00213,M0008,2024-09-29 02:13:14,Purchase,1325.24,UPI,Success,INR
T002057,A00282,M0094,2025-12-20 00:58:51,Transfer,591.14,NetBanking,Success,INR
T002058,A00041,M0027,2025-02-17 02:35:43,Transfer,4723.07,UPI,Success,INR
T002059,A00122,M0071,2025-05-14 16:24:26,Refund,5140.51,Card,Success,INR
T002060,A00227,M0027,2024-04-02 01:43:49,Refund,478.78,NetBanking,Success,INR
T002061,A00294,M0089,2025-11-15 22:48:44,Purchase,2251.53,UPI,Success,INR
T002062,A00088,M0046,2024-03-19 12:26:29,Transfer,982.12,UPI,Success,INR
T002063,A00267,M0041,2025-09-13 12:14:29,Purchase,597.98,UPI,Success,INR
T002064,A00029,M0079,2024-08-04 02:38:44,Purchase,1527.91,NetBanking,Success,INR
T002065,A00247,M0025,2024-12-23 17:31:43,Purchase,2322.53,NetBanking,Success,INR
T002066,A00316,M0086,2025-09-09 02:15:03,Transfer,1267.72,UPI,Success,INR
T002067,A00449,M0018,2025-05-21 16:16:21,Transfer,790.65,UPI,Pending,INR
T002068,A00244,M0012,2025-07-12 23:18:58,Purchase,3628.16,Card,Success,INR
T002069,A00061,M0087,2024-06-29 15:03:23,Bill_Payment,3747.55,UPI,Success,INR
T002070,A00147,M0051,2025-07-29 04:11:30,Withdrawal,593.12,UPI,Success,INR
T002071,A00174,M0039,2024-09-02 04:25:15,Withdrawal,1190.11,Card,Success,INR
T002072,A00433,M0089,2024-08-31 11:31:17,Purchase,264.79,NetBanking,Success,INR
T002073,A00278,M0010,2025-05-20 15:49:47,Withdrawal,2325.77,UPI,Success,INR
T002074,A00334,M0094,2025-02-25 14:47:18,Bill_Payment,3621.89,UPI,Success,INR
T002075,A00369,M0074,2024-11-15 04:10:29,Purchase,1557.11,NetBanking,Success,INR
T002076,A00441,M0098,2024-03-27 14:52:00,Purchase,431.88,UPI,Success,INR
T002077,A00379,M0077,2024-08-04 19:27:33,Refund,4692.72,Card,Success,INR
T002078,A00142,M0054,2025-05-04 14:17:44,Transfer,6818.36,Card,Failed,INR
T002079,A00044,M0029,2025-06-02 06:06:01,Transfer,743.46,UPI,Success,INR
T002080,A00144,M0041,2024-10-04 07:27:15,Purchase,1637.48,Card,Success,INR
T002081,A00353,M0009,2025-12-22 07:42:05,Transfer,2287.02,Card,Pending,INR
T002082,A00333,M0063,2024-06-17 07:02:37,Purchase,2227.51,Card,Success,INR
T002083,A00396,M0077,2024-11-25 00:20:44,Purchase,1145.25,Card,Success,INR
T002084,A00055,M0037,2025-10-11 18:52:32,Purchase,5530.79,NetBanking,Success,INR
T002085,A00307,M0014,2025-03-16 13:21:01,Purchase,268.07,Card,Pending,INR
T002086,A00358,M0073,2025-01-25 01:48:10,Withdrawal,271.17,UPI,Success,INR
T002087,A00423,M0072,2025-05-10 21:26:59,Refund,1081.26,UPI,Success,INR
T002088,A00417,M0039,2025-01-15 01:37:19,Purchase,5266.95,UPI,Success,INR
T002089,A00161,M0040,2024-11-01 06:56:32,Transfer,3114.19,Wallet,Success,INR
T002090,A00285,M0054,2025-11-03 12:28:58,Purchase,286.0,Wallet,Success,INR
T002091,A00325,M0003,2025-05-27 15:37:29,Purchase,14173.15,UPI,Failed,INR
T002092,A00198,M0055,2024-07-06 12:25:35,Refund,1806.07,Card,Success,INR
T002093,A00159,M0033,2025-05-30 14:05:34,Purchase,388.78,UPI,Failed,INR
T002094,A00080,M0096,2025-10-05 13:04:40,Purchase,1009.38,Wallet,Success,INR
T002095,A00031,M0071,2025-03-02 20:41:00,Purchase,2618.69,UPI,Success,INR
T002096,A00112,M0019,2025-05-16 22:37:37,Transfer,3385.4,Card,Success,INR
T002097,A00046,M0034,2025-12-30 06:44:20,Purchase,1033.41,UPI,Success,INR
T002098,A00353,M0078,2024-09-16 16:33:27,Purchase,1754.52,UPI,Pending,INR
T002099,A00205,M0050,2025-05-27 17:10:52,Bill_Payment,980.14,UPI,Failed,INR
T002100,A00052,M0047,2024-03-11 07:53:00,Purchase,1033.53,Card,Success,INR
T002101,A00138,M0046,2025-04-22 23:25:47,Purchase,2105.5,UPI,Success,INR
T002102,A00074,M0056,2024-06-26 19:47:37,Purchase,4010.39,UPI,Success,INR
T002103,A00041,M0057,2025-04-01 11:26:31,Purchase,393.97,UPI,Success,INR
T002104,A00077,M0083,2024-07-07 01:22:10,Transfer,889.35,Card,Success,INR
T002105,A00387,M0051,2024-10-17 01:12:33,Transfer,637.95,Wallet,Success,INR
T002106,A00187,M0054,2025-06-03 02:10:32,Withdrawal,442.66,NetBanking,Success,INR
T002107,A00370,M0090,2024-10-18 13:45:54,Purchase,422.78,NetBanking,Success,INR
T002108,A00052,M0081,2025-09-26 15:00:17,Purchase,1121.54,UPI,Success,INR
T002109,A00418,M0028,2024-10-09 15:54:58,Purchase,417.67,NetBanking,Success,INR
T002110,A00433,M0019,2025-06-27 14:16:29,Purchase,405.12,Card,Success,INR
T002111,A00412,M0027,2025-01-11 20:21:46,Purchase,933.17,UPI,Success,INR
T002112,A00087,M0048,2025-10-19 07:05:25,Purchase,454.18,UPI,Success,INR
T002113,A00109,M0019,2024-06-04 22:48:12,Purchase,1733.22,UPI,Success,INR
T002114,A00397,M0097,2025-05-22 22:23:50,Transfer,712.49,UPI,Success,INR
T002115,A00225,M0051,2025-02-16 20:24:31,Purchase,374.25,UPI,Success,INR
T002116,A00248,M0007,2025-06-11 18:56:51,Purchase,8894.14,UPI,Success,INR
T002117,A00069,M0029,2024-12-20 08:41:20,Purchase,160.86,UPI,Success,INR
T002118,A00120,M0043,2025-07-12 03:07:20,Purchase,2370.07,Card,Success,INR
T002119,A00067,M0069,2024-07-05 18:04:52,Transfer,1497.41,Card,Success,INR
T002120,A00061,M0094,2024-01-31 19:19:01,Purchase,708.91,Wallet,Success,INR
T002121,A00444,M0058,2024-09-16 17:27:31,Purchase,484.47,UPI,Success,INR
T002122,A00327,M0008,2025-02-24 01:49:04,Purchase,5195.65,UPI,Success,INR
T002123,A00408,M0042,2025-06-12 16:06:21,Purchase,7416.82,Wallet,Success,INR
T002124,A00191,M0076,2025-07-04 04:48:52,Withdrawal,842.58,UPI,Success,INR
T002125,A00189,M0042,2024-10-30 07:27:16,Refund,739.21,NetBanking,Success,INR
T002126,A00151,M0013,2024-02-08 03:59:48,Purchase,3028.65,Card,Success,INR
T002127,A00286,M0026,2025-05-03 00:28:14,Transfer,878.84,Card,Success,INR
T002128,A00444,M0018,2025-10-05 13:41:34,Purchase,1854.02,UPI,Success,INR
T002129,A00402,M0042,2025-06-25 10:46:09,Purchase,1812.05,Wallet,Success,INR
T002130,A00096,M0051,2025-10-31 10:57:00,Purchase,1134.1,UPI,Success,INR
T002131,A00312,M0084,2024-10-04 10:30:55,Bill_Payment,1272.31,UPI,Success,INR
T002132,A00309,M0016,2024-07-21 00:24:20,Purchase,1529.41,Card,Success,INR
T002133,A00263,M0003,2024-03-06 13:14:06,Refund,411.69,Card,Success,INR
T002134,A00097,M0091,2024-04-17 11:27:32,Purchase,594.81,Wallet,Success,INR
T002135,A00113,M0079,2024-09-24 02:43:55,Purchase,1343.7,UPI,Success,INR
T002136,A00125,M0098,2024-08-09 03:01:50,Withdrawal,728.62,Card,Success,INR
T002137,A00436,M0045,2025-06-13 22:59:17,Bill_Payment,13354.62,Card,Success,INR
T002138,A00132,M0022,2024-03-30 02:21:03,Bill_Payment,1235.61,UPI,Pending,INR
T002139,A00418,M0023,2025-11-23 03:42:16,Withdrawal,229.44,NetBanking,Failed,INR
T002140,A00417,M0059,2024-09-11 07:22:14,Purchase,87.13,UPI,Success,INR
T002141,A00121,M0062,2025-03-30 00:39:29,Purchase,2296.07,Card,Success,INR
T002142,A00197,M0068,2024-09-09 07:03:01,Purchase,1245.31,ATM,Success,INR
T002143,A00294,M0054,2024-09-13 23:38:14,Purchase,4010.26,Card,Success,INR
T002144,A00122,M0057,2025-01-17 07:03:27,Refund,614.25,NetBanking,Success,INR
T002145,A00282,M0023,2025-03-17 17:22:32,Withdrawal,983.85,NetBanking,Success,INR
T002146,A00385,M0060,2025-08-21 09:58:59,Bill_Payment,1409.93,Card,Success,INR
T002147,A00260,M0073,2024-03-30 18:46:16,Purchase,953.79,Wallet,Success,INR
T002148,A00039,M0088,2025-01-24 07:16:10,Transfer,885.39,UPI,Success,INR
T002149,A00054,M0085,2025-08-04 19:58:28,Bill_Payment,2107.04,NetBanking,Success,INR
T002150,A00161,M0055,2024-02-13 06:12:49,Purchase,517.8,UPI,Success,INR
T002151,A00289,M0080,2025-12-12 20:18:18,Purchase,1775.99,NetBanking,Success,INR
T002152,A00200,M0063,2025-10-25 12:22:24,Withdrawal,5685.4,Card,Success,INR
T002153,A00276,M0056,2025-08-20 01:38:20,Transfer,4864.04,Wallet,Success,INR
T002154,A00016,M0055,2024-01-19 11:18:53,Refund,215.88,Wallet,Failed,INR
T002155,A00405,M0025,2024-04-10 00:09:49,Purchase,705.7,Card,Success,INR
T002156,A00173,M0026,2025-08-29 16:40:44,Purchase,1424.41,Card,Success,INR
T002157,A00248,M0049,2024-12-22 18:08:31,Purchase,3463.74,NetBanking,Success,INR
T002158,A00383,M0063,2025-06-25 16:05:26,Purchase,1324.66,UPI,Success,INR
T002159,A00218,M0045,2024-02-02 19:36:39,Transfer,3469.59,UPI,Failed,INR
T002160,A00087,M0073,2024-08-16 23:45:53,Purchase,600.38,UPI,Success,INR
T002161,A00082,M0079,2025-06-07 23:18:30,Bill_Payment,1475.6,Card,Success,INR
T002162,A00062,M0039,2025-09-21 13:36:48,Bill_Payment,1509.4,UPI,Success,INR
T002163,A00287,M0097,2024-06-03 18:33:14,Purchase,3576.03,UPI,Success,INR
T002164,A00042,M0065,2025-02-26 21:58:54,Purchase,2484.19,UPI,Success,INR
T002165,A00012,M0069,2024-09-02 00:47:46,Transfer,2040.6,UPI,Success,INR
T002166,A00321,M0056,2025-02-08 14:41:30,Withdrawal,2355.24,UPI,Success,INR
T002167,A00234,M0009,2025-06-24 11:31:44,Purchase,369.21,UPI,Success,INR
T002168,A00329,M0070,2024-06-09 14:49:34,Purchase,939.82,UPI,Success,INR
T002169,A00131,M0028,2025-12-02 08:10:04,Transfer,443.89,Card,Success,INR
T002170,A00115,M0045,2024-04-26 18:07:03,Transfer,609.23,UPI,Success,INR
T002171,A00218,M0026,2024-09-27 00:10:37,Purchase,937.89,Wallet,Success,INR
T002172,A00137,M0028,2025-11-22 04:23:48,Withdrawal,143.92,Card,Pending,INR
T002173,A00106,M0040,2025-05-01 14:52:24,Refund,968.83,UPI,Success,INR
T002174,A00179,M0015,2024-06-20 12:31:37,Purchase,542.11,UPI,Success,INR
T002175,A00016,M0006,2024-09-30 08:53:42,Transfer,423.9,NetBanking,Success,INR
T002176,A00242,M0027,2024-09-15 08:56:42,Purchase,1195.44,UPI,Success,INR
T002177,A00334,M0038,2024-05-14 07:58:24,Purchase,772.89,Wallet,Success,INR
T002178,A00381,M0068,2025-11-13 06:34:01,Purchase,1491.22,UPI,Failed,INR
T002179,A00387,M0075,2025-12-22 10:24:39,Purchase,611.59,Card,Success,INR
T002180,A00226,M0085,2025-02-25 21:52:51,Bill_Payment,936.32,ATM,Success,INR
T002181,A00242,M0064,2025-02-24 06:07:07,Transfer,10024.79,Card,Success,INR
T002182,A00408,M0030,2024-07-04 11:55:12,Purchase,1921.36,Wallet,Success,INR
T002183,A00141,M0082,2024-12-29 19:51:14,Purchase,512.11,Wallet,Success,INR
T002184,A00386,M0099,2025-08-29 11:51:32,Transfer,3345.89,Wallet,Success,INR
T002185,A00199,M0003,2025-01-12 08:56:49,Purchase,4418.55,NetBanking,Success,INR
T002186,A00112,M0062,2025-06-06 15:59:23,Purchase,1879.6,UPI,Success,INR
T002187,A00127,M0012,2025-08-02 15:45:38,Transfer,542.53,UPI,Success,INR
T002188,A00021,M0091,2025-12-22 10:20:42,Bill_Payment,2778.54,UPI,Success,INR
T002189,A00147,M0030,2024-07-14 02:45:41,Purchase,652.24,ATM,Success,INR
T002190,A00089,M0085,2024-04-07 01:57:53,Transfer,3698.79,UPI,Success,INR
T002191,A00303,M0038,2025-08-27 10:30:27,Purchase,882.87,UPI,Success,INR
T002192,A00406,M0085,2024-01-22 12:50:25,Transfer,852.72,NetBanking,Success,INR
T002193,A00203,M0060,2025-03-25 10:18:16,Transfer,1757.51,UPI,Success,INR
T002194,A00417,M0038,2024-06-20 14:02:26,Bill_Payment,3901.98,Card,Success,INR
T002195,A00416,M0015,2025-01-17 18:27:37,Transfer,9240.92,Wallet,Success,INR
T002196,A00448,M0018,2024-05-13 18:58:29,Purchase,1123.62,Card,Success,INR
T002197,A00085,M0052,2025-03-01 19:26:38,Purchase,758.46,Card,Success,INR
T002198,A00167,M0029,2024-01-25 08:24:28,Purchase,523.95,Card,Success,INR
T002199,A00384,M0060,2025-05-17 23:42:34,Transfer,288.97,Card,Success,INR
T002200,A00072,M0021,2024-07-03 11:41:18,Bill_Payment,443.44,UPI,Success,INR
T002201,A00298,M0017,2024-03-25 00:31:05,Transfer,1355.7,Card,Success,INR
T002202,A00009,M0018,2025-07-20 08:01:27,Withdrawal,2833.27,UPI,Success,INR
T002203,A00281,M0057,2024-05-23 13:51:16,Purchase,486.21,Card,Success,INR
T002204,A00258,M0037,2025-11-09 09:17:59,Purchase,2227.02,Card,Success,INR
T002205,A00275,M0060,2025-02-15 11:14:38,Purchase,504.86,UPI,Success,INR
T002206,A00238,M0038,2024-08-11 07:20:01,Purchase,563.23,Card,Success,INR
T002207,A00020,M0012,2024-08-07 07:55:02,Purchase,418.81,Card,Success,INR
T002208,A00233,M0075,2024-06-27 03:43:14,Withdrawal,3636.06,UPI,Failed,INR
T002209,A00221,M0084,2025-09-22 02:34:22,Purchase,4655.31,UPI,Success,INR
T002210,A00326,M0073,2025-03-08 01:14:47,Transfer,568.95,NetBanking,Pending,INR
T002211,A00017,M0001,2024-09-21 07:35:41,Withdrawal,529.42,NetBanking,Success,INR
T002212,A00380,M0058,2025-03-04 03:46:10,Purchase,1920.45,Card,Failed,INR
T002213,A00089,M0003,2025-10-23 15:54:28,Withdrawal,5193.84,NetBanking,Success,INR
T002214,A00196,M0063,2025-02-19 08:13:25,Purchase,4686.9,Card,Success,INR
T002215,A00350,M0021,2025-03-28 19:53:22,Purchase,775.45,Wallet,Success,INR
T002216,A00084,M0023,2025-12-27 07:25:23,Purchase,929.65,UPI,Success,INR
T002217,A00387,M0009,2024-07-15 19:11:48,Purchase,361.99,Wallet,Pending,INR
T002218,A00087,M0083,2025-07-07 21:43:26,Withdrawal,767.62,Card,Success,INR
T002219,A00307,M0055,2024-02-22 16:41:38,Bill_Payment,1196.28,Card,Success,INR
T002220,A00338,M0019,2025-04-24 13:31:47,Purchase,325.45,Card,Success,INR
T002221,A00154,M0062,2025-03-18 13:37:08,Purchase,671.5,UPI,Success,INR
T002222,A00440,M0087,2024-11-25 15:48:41,Purchase,1339.42,NetBanking,Success,INR
T002223,A00228,M0091,2024-09-07 16:52:40,Transfer,279.23,UPI,Success,INR
T002224,A00448,M0091,2024-05-02 02:50:49,Purchase,1672.63,UPI,Success,INR
T002225,A00264,M0039,2025-01-21 18:50:47,Transfer,2747.25,Card,Success,INR
T002226,A00223,M0100,2024-12-04 12:10:39,Withdrawal,1831.75,UPI,Failed,INR
T002227,A00421,M0076,2024-12-13 11:01:13,Purchase,701.27,UPI,Success,INR
T002228,A00121,M0027,2024-01-29 01:00:42,Refund,3148.86,Wallet,Success,INR
T002229,A00411,M0046,2024-02-04 01:45:38,Purchase,3822.66,Wallet,Success,INR
T002230,A00173,M0034,2025-06-01 14:22:41,Refund,1459.73,Card,Success,INR
T002231,A00004,M0033,2025-01-30 02:40:22,Purchase,1254.05,NetBanking,Success,INR
T002232,A00342,M0092,2025-09-14 13:27:03,Purchase,627.83,ATM,Success,INR
T002233,A00128,M0095,2024-10-20 11:54:33,Withdrawal,760.51,Card,Success,INR
T002234,A00110,M0096,2025-08-11 13:12:45,Withdrawal,2878.31,Wallet,Success,INR
T002235,A00355,M0050,2024-12-14 02:10:06,Bill_Payment,5793.25,UPI,Success,INR
T002236,A00037,M0020,2024-05-26 00:12:37,Purchase,754.85,NetBanking,Pending,INR
T002237,A00071,M0040,2024-03-07 05:57:50,Bill_Payment,939.95,UPI,Success,INR
T002238,A00289,M0099,2025-06-03 01:43:40,Purchase,612.46,NetBanking,Success,INR
T002239,A00031,M0095,2024-05-01 15:12:34,Purchase,744.17,NetBanking,Success,INR
T002240,A00439,M0058,2024-12-05 22:10:52,Purchase,353.47,UPI,Success,INR
T002241,A00381,M0031,2024-06-23 06:15:05,Withdrawal,1613.64,Card,Failed,INR
T002242,A00268,M0038,2025-11-21 07:51:28,Transfer,350.27,Wallet,Success,INR
T002243,A00011,M0086,2025-08-19 20:41:32,Purchase,669.53,Wallet,Failed,INR
T002244,A00344,M0045,2025-03-26 05:18:29,Purchase,1037.93,UPI,Failed,INR
T002245,A00328,M0041,2025-07-10 00:58:17,Purchase,336.08,NetBanking,Success,INR
T002246,A00032,M0009,2024-05-15 15:55:26,Purchase,546.49,UPI,Success,INR
T002247,A00057,M0009,2024-01-16 02:44:24,Purchase,398.29,NetBanking,Success,INR
T002248,A00166,M0063,2024-11-28 20:38:30,Transfer,2950.26,UPI,Success,INR
T002249,A00188,M0079,2024-07-13 05:50:17,Transfer,3952.91,UPI,Success,INR
T002250,A00342,M0077,2025-05-10 00:30:21,Bill_Payment,538.95,UPI,Failed,INR
T002251,A00019,M0022,2024-01-09 13:58:57,Purchase,13186.95,UPI,Success,INR
T002252,A00116,M0016,2024-11-29 12:38:05,Purchase,473.13,NetBanking,Success,INR
T002253,A00184,M0032,2024-11-28 23:12:37,Transfer,749.24,UPI,Success,INR
T002254,A00270,M0066,2024-11-22 15:39:48,Transfer,1708.93,NetBanking,Success,INR
T002255,A00033,M0090,2024-01-15 02:52:52,Transfer,1860.43,ATM,Success,INR
T002256,A00010,M0014,2025-09-05 19:48:53,Bill_Payment,822.94,NetBanking,Success,INR
T002257,A00080,M0038,2024-08-13 04:31:23,Transfer,2936.05,Card,Success,INR
T002258,A00192,M0098,2025-02-28 11:20:57,Purchase,3225.5,Card,Success,INR
T002259,A00320,M0008,2025-02-11 14:22:52,Purchase,1089.08,UPI,Success,INR
T002260,A00190,M0100,2024-04-22 16:34:30,Withdrawal,958.06,UPI,Success,INR
T002261,A00068,M0021,2025-03-03 20:18:53,Withdrawal,633.03,Wallet,Success,INR
T002262,A00348,M0056,2024-01-01 08:41:01,Purchase,430.0,UPI,Success,INR
T002263,A00125,M0046,2024-09-22 15:52:34,Purchase,533.57,Wallet,Failed,INR
T002264,A00427,M0043,2025-05-05 01:41:47,Transfer,1790.19,UPI,Success,INR
T002265,A00336,M0092,2024-07-26 09:52:41,Transfer,1097.33,UPI,Success,INR
T002266,A00059,M0046,2025-09-13 21:17:54,Purchase,880.26,UPI,Success,INR
T002267,A00436,M0048,2025-12-12 09:47:48,Purchase,655.95,NetBanking,Success,INR
T002268,A00097,M0070,2025-01-03 08:46:48,Purchase,668.84,Card,Success,INR
T002269,A00275,M0084,2024-11-01 03:38:58,Bill_Payment,1052.97,UPI,Success,INR
T002270,A00149,M0031,2024-01-12 10:28:13,Purchase,980.73,Card,Success,INR
T002271,A00278,M0033,2024-12-10 23:03:20,Withdrawal,1095.61,Wallet,Success,INR
T002272,A00265,M0044,2025-04-09 05:54:08,Transfer,734.98,Card,Success,INR
T002273,A00009,M0071,2025-11-30 05:10:32,Purchase,599.6,UPI,Success,INR
T002274,A00283,M0008,2025-10-27 13:12:27,Transfer,1104.98,UPI,Success,INR
T002275,A00273,M0073,2025-05-08 03:21:40,Purchase,1968.09,NetBanking,Pending,INR
T002276,A00428,M0002,2025-01-02 13:18:50,Transfer,693.86,Card,Failed,INR
T002277,A00301,M0017,2025-02-23 18:34:21,Transfer,127.92,Wallet,Success,INR
T002278,A00008,M0052,2024-06-19 21:21:45,Purchase,320.31,Card,Success,INR
T002279,A00208,M0045,2024-05-13 14:43:45,Purchase,2883.69,UPI,Success,INR
T002280,A00402,M0037,2025-03-02 21:04:36,Withdrawal,2682.12,UPI,Success,INR
T002281,A00125,M0042,2024-01-25 21:55:44,Purchase,1962.71,Card,Success,INR
T002282,A00123,M0044,2025-06-13 14:07:20,Transfer,1739.58,UPI,Success,INR
T002283,A00033,M0081,2024-07-08 05:22:49,Purchase,2740.61,ATM,Success,INR
T002284,A00001,M0038,2024-05-20 05:07:40,Bill_Payment,805.25,UPI,Success,INR
T002285,A00204,M0099,2025-07-08 00:24:21,Transfer,1242.68,Card,Success,INR
T002286,A00006,M0094,2025-10-19 11:46:02,Transfer,547.53,UPI,Success,INR
T002287,A00297,M0006,2024-11-10 07:56:50,Purchase,936.55,UPI,Success,INR
T002288,A00439,M0068,2025-03-19 05:49:55,Purchase,6042.86,Card,Success,INR
T002289,A00005,M0051,2024-11-14 23:31:56,Purchase,521.15,Card,Success,INR
T002290,A00443,M0035,2025-03-16 02:08:37,Purchase,384.27,UPI,Success,INR
T002291,A00080,M0058,2024-04-01 21:54:27,Transfer,921.25,UPI,Success,INR
T002292,A00274,M0057,2024-06-27 22:04:32,Transfer,765.18,Card,Failed,INR
T002293,A00177,M0073,2024-02-25 17:47:02,Purchase,1393.23,NetBanking,Success,INR
T002294,A00338,M0006,2024-06-03 14:54:28,Transfer,2238.55,UPI,Success,INR
T002295,A00321,M0013,2025-11-02 14:20:45,Purchase,782.84,Card,Success,INR
T002296,A00339,M0059,2024-04-20 08:12:30,Purchase,7303.44,UPI,Success,INR
T002297,A00438,M0086,2024-05-16 23:55:51,Bill_Payment,3319.69,Card,Failed,INR
T002298,A00445,M0092,2024-08-19 00:59:36,Transfer,551.6,Card,Pending,INR
T002299,A00136,M0030,2025-04-12 11:21:08,Transfer,1021.29,UPI,Success,INR
T002300,A00387,M0100,2025-04-25 12:53:00,Purchase,1764.39,Card,Success,INR
T002301,A00025,M0002,2024-03-08 01:35:28,Purchase,520.08,UPI,Failed,INR
T002302,A00325,M0058,2024-09-05 09:06:40,Purchase,171.02,UPI,Success,INR
T002303,A00183,M0036,2024-11-18 03:01:26,Bill_Payment,6225.7,Card,Failed,INR
T002304,A00168,M0072,2025-06-01 22:06:54,Transfer,404.92,Card,Success,INR
T002305,A00338,M0045,2025-03-07 19:25:09,Purchase,2361.81,NetBanking,Success,INR
T002306,A00178,M0009,2025-05-01 13:07:16,Bill_Payment,2059.85,UPI,Success,INR
T002307,A00373,M0065,2025-08-28 12:43:25,Purchase,526.23,NetBanking,Success,INR
T002308,A00095,M0077,2025-03-04 09:02:12,Withdrawal,6399.11,UPI,Success,INR
T002309,A00033,M0050,2024-09-25 07:58:08,Purchase,1162.27,UPI,Success,INR
T002310,A00111,M0079,2025-12-09 03:04:23,Purchase,1241.4,Card,Success,INR
T002311,A00146,M0032,2025-06-20 06:24:49,Purchase,274.67,Card,Success,INR
T002312,A00381,M0098,2024-05-27 15:32:22,Purchase,163.89,ATM,Success,INR
T002313,A00441,M0043,2024-04-27 14:23:49,Withdrawal,881.55,Card,Success,INR
T002314,A00231,M0095,2025-01-01 14:02:33,Withdrawal,3524.65,UPI,Success,INR
T002315,A00272,M0078,2024-03-06 09:19:45,Transfer,205.28,Wallet,Success,INR
T002316,A00336,M0054,2025-01-04 19:55:39,Bill_Payment,1249.9,UPI,Success,INR
T002317,A00038,M0047,2024-06-23 16:23:24,Purchase,1180.21,UPI,Success,INR
T002318,A00425,M0014,2025-08-10 00:40:38,Bill_Payment,3350.7,Card,Success,INR
T002319,A00135,M0048,2025-05-09 06:26:52,Bill_Payment,2737.59,Wallet,Success,INR
T002320,A00334,M0055,2024-04-23 13:59:22,Purchase,1244.21,NetBanking,Success,INR
T002321,A00235,M0029,2024-04-20 20:02:57,Purchase,1008.07,Card,Success,INR
T002322,A00437,M0047,2025-03-14 04:43:03,Withdrawal,573.71,NetBanking,Success,INR
T002323,A00319,M0063,2025-12-15 03:53:46,Purchase,391.16,Card,Success,INR
T002324,A00368,M0019,2024-05-26 14:09:58,Withdrawal,624.06,NetBanking,Success,INR
T002325,A00345,M0091,2024-02-04 15:29:04,Purchase,404.99,UPI,Success,INR
T002326,A00160,M0009,2024-11-04 15:50:13,Transfer,997.65,UPI,Success,INR
T002327,A00038,M0037,2025-06-21 14:10:39,Transfer,1062.88,UPI,Success,INR
T002328,A00150,M0092,2024-01-14 13:50:31,Purchase,856.44,Wallet,Success,INR
T002329,A00400,M0052,2025-01-08 23:39:32,Purchase,1210.05,NetBanking,Success,INR
T002330,A00308,M0057,2025-07-10 09:36:43,Purchase,725.4,Card,Success,INR
T002331,A00029,M0088,2025-03-03 21:35:58,Purchase,2339.04,UPI,Pending,INR
T002332,A00144,M0028,2025-12-28 18:48:33,Bill_Payment,1347.28,UPI,Success,INR
T002333,A00076,M0036,2024-08-20 03:38:25,Purchase,709.37,NetBanking,Success,INR
T002334,A00145,M0064,2025-12-05 18:39:42,Withdrawal,383.8,UPI,Failed,INR
T002335,A00229,M0018,2025-07-16 14:29:07,Purchase,1019.0,NetBanking,Success,INR
T002336,A00064,M0089,2025-12-26 20:56:40,Transfer,3062.64,UPI,Success,INR
T002337,A00347,M0035,2025-10-24 12:53:54,Bill_Payment,1864.04,Card,Success,INR
T002338,A00345,M0068,2025-03-15 07:21:55,Purchase,2169.72,Card,Success,INR
T002339,A00269,M0078,2025-05-16 16:06:41,Bill_Payment,2104.1,NetBanking,Success,INR
T002340,A00328,M0039,2024-10-01 16:13:17,Transfer,3275.07,UPI,Success,INR
T002341,A00184,M0090,2024-03-16 17:03:35,Purchase,2382.49,Card,Success,INR
T002342,A00261,M0008,2025-03-14 04:42:40,Bill_Payment,1254.09,Card,Failed,INR
T002343,A00268,M0088,2025-11-29 22:43:58,Purchase,760.24,Wallet,Success,INR
T002344,A00169,M0080,2024-10-15 12:42:58,Purchase,2412.4,Card,Success,INR
T002345,A00259,M0084,2025-06-23 08:35:41,Transfer,124.31,UPI,Success,INR
T002346,A00227,M0015,2025-11-22 11:22:35,Withdrawal,3431.16,Card,Failed,INR
T002347,A00033,M0007,2024-09-09 21:49:25,Withdrawal,2040.62,Card,Pending,INR
T002348,A00377,M0017,2024-05-05 15:48:28,Purchase,4792.18,NetBanking,Success,INR
T002349,A00214,M0086,2024-06-25 17:47:47,Refund,400.36,UPI,Success,INR
T002350,A00050,M0086,2024-02-06 15:28:16,Withdrawal,3120.74,UPI,Success,INR
T002351,A00440,M0064,2025-02-13 05:07:09,Bill_Payment,1992.62,Wallet,Success,INR
T002352,A00393,M0012,2025-09-02 21:17:56,Purchase,634.78,Wallet,Success,INR
T002353,A00210,M0082,2025-09-01 04:07:27,Transfer,969.99,UPI,Failed,INR
T002354,A00434,M0056,2024-05-06 13:06:31,Bill_Payment,910.83,UPI,Success,INR
T002355,A00029,M0046,2025-04-27 09:30:56,Purchase,789.6,UPI,Success,INR
T002356,A00039,M0047,2024-06-16 07:59:34,Refund,325.78,UPI,Success,INR
T002357,A00347,M0079,2025-08-14 02:32:07,Purchase,3155.5,UPI,Success,INR
T002358,A00100,M0016,2024-10-20 07:50:05,Purchase,467.92,UPI,Success,INR
T002359,A00173,M0069,2025-09-29 22:32:43,Bill_Payment,426.33,NetBanking,Success,INR
T002360,A00017,M0002,2024-12-08 16:19:24,Refund,3226.81,UPI,Success,INR
T002361,A00056,M0092,2024-11-05 10:44:24,Purchase,310.31,Card,Success,INR
T002362,A00226,M0054,2025-10-23 15:46:35,Purchase,835.16,Card,Success,INR
T002363,A00046,M0027,2025-06-11 08:58:53,Withdrawal,448.16,Card,Success,INR
T002364,A00067,M0031,2025-06-23 10:01:19,Bill_Payment,4784.12,Card,Success,INR
T002365,A00197,M0041,2025-02-22 23:23:45,Transfer,3069.84,Card,Success,INR
T002366,A00142,M0036,2025-03-19 06:44:19,Transfer,523.48,NetBanking,Success,INR
T002367,A00323,M0047,2025-11-15 07:22:51,Withdrawal,447.05,NetBanking,Success,INR
T002368,A00023,M0043,2025-07-11 14:11:59,Purchase,2187.5,UPI,Success,INR
T002369,A00094,M0065,2024-08-23 02:13:29,Refund,1619.73,UPI,Success,INR
T002370,A00242,M0050,2025-03-14 17:10:29,Purchase,797.38,NetBanking,Success,INR
T002371,A00237,M0093,2024-08-01 10:37:10,Transfer,733.7,Card,Success,INR
T002372,A00445,M0001,2024-03-25 15:34:09,Purchase,888.48,ATM,Success,INR
T002373,A00407,M0072,2024-03-25 10:08:18,Purchase,2469.42,UPI,Success,INR
T002374,A00411,M0057,2025-05-03 08:00:20,Withdrawal,4508.13,UPI,Success,INR
T002375,A00054,M0016,2024-03-05 11:11:55,Refund,5655.87,Card,Success,INR
T002376,A00138,M0028,2025-10-07 09:06:35,Transfer,566.23,UPI,Success,INR
T002377,A00333,M0086,2025-10-24 23:43:31,Withdrawal,1155.42,Card,Success,INR
T002378,A00272,M0082,2025-09-18 10:53:11,Purchase,3674.46,NetBanking,Success,INR
T002379,A00041,M0022,2024-03-04 15:07:33,Bill_Payment,500.94,Card,Failed,INR
T002380,A00098,M0041,2024-12-08 03:27:33,Purchase,593.55,UPI,Success,INR
T002381,A00183,M0076,2024-12-17 13:58:45,Purchase,2246.62,NetBanking,Success,INR
T002382,A00128,M0019,2024-06-06 13:44:50,Purchase,719.23,Card,Success,INR
T002383,A00229,M0089,2025-08-11 20:46:36,Transfer,290.65,Card,Success,INR
T002384,A00317,M0050,2025-05-05 13:53:13,Refund,521.01,Card,Success,INR
T002385,A00086,M0059,2025-10-19 12:41:46,Transfer,2673.84,Card,Success,INR
T002386,A00256,M0069,2025-04-07 11:53:37,Purchase,1372.14,Card,Success,INR
T002387,A00209,M0034,2024-08-12 17:55:44,Purchase,268.8,Card,Success,INR
T002388,A00215,M0039,2024-11-08 15:28:30,Transfer,633.94,NetBanking,Success,INR
T002389,A00374,M0074,2025-09-06 14:06:39,Purchase,5655.88,UPI,Success,INR
T002390,A00100,M0007,2025-04-10 16:56:04,Purchase,1030.15,Card,Success,INR
T002391,A00049,M0052,2024-03-28 14:54:38,Transfer,880.9,Card,Success,INR
T002392,A00201,M0060,2024-10-29 19:45:50,Refund,1104.77,UPI,Success,INR
T002393,A00436,M0052,2025-11-10 16:47:18,Purchase,1318.99,NetBanking,Success,INR
T002394,A00258,M0079,2025-03-10 21:27:03,Purchase,771.45,UPI,Success,INR
T002395,A00376,M0024,2025-11-12 17:12:06,Bill_Payment,3664.64,UPI,Pending,INR
T002396,A00178,M0026,2024-05-14 01:03:21,Withdrawal,717.76,Card,Success,INR
T002397,A00245,M0090,2024-02-19 11:24:08,Bill_Payment,2682.19,UPI,Success,INR
T002398,A00123,M0090,2025-03-07 11:09:04,Purchase,5654.46,NetBanking,Success,INR
T002399,A00342,M0010,2024-12-05 02:49:08,Purchase,1540.64,Card,Success,INR
T002400,A00171,M0017,2024-12-12 23:00:19,Refund,427.14,UPI,Success,INR
T002401,A00333,M0078,2025-10-07 05:31:01,Purchase,1299.09,ATM,Success,INR
T002402,A00136,M0002,2024-12-12 17:08:37,Transfer,660.24,UPI,Success,INR
T002403,A00059,M0077,2025-10-10 06:14:40,Purchase,2460.87,Card,Success,INR
T002404,A00193,M0027,2024-09-01 05:10:37,Transfer,1321.5,NetBanking,Pending,INR
T002405,A00268,M0073,2024-04-18 12:23:41,Bill_Payment,985.21,Card,Success,INR
T002406,A00260,M0071,2025-06-16 16:45:04,Transfer,442.51,ATM,Success,INR
T002407,A00373,M0048,2024-03-30 13:10:31,Bill_Payment,205.44,NetBanking,Success,INR
T002408,A00095,M0074,2024-10-22 15:36:12,Purchase,528.27,Wallet,Success,INR
T002409,A00125,M0009,2024-04-21 07:03:57,Refund,1970.3,UPI,Success,INR
T002410,A00041,M0086,2025-08-11 02:15:49,Purchase,3179.63,Card,Success,INR
T002411,A00379,M0023,2024-06-25 04:04:31,Purchase,829.57,NetBanking,Success,INR
T002412,A00254,M0071,2024-12-08 06:25:19,Purchase,468.61,Wallet,Success,INR
T002413,A00007,M0073,2025-10-21 12:48:37,Withdrawal,1300.83,Wallet,Success,INR
T002414,A00216,M0027,2024-04-10 04:31:19,Bill_Payment,2037.85,Wallet,Success,INR
T002415,A00069,M0088,2025-09-20 19:07:15,Purchase,2207.18,NetBanking,Success,INR
T002416,A00069,M0093,2025-08-26 01:20:03,Transfer,1306.47,UPI,Success,INR
T002417,A00081,M0081,2025-02-04 23:01:37,Bill_Payment,7067.42,UPI,Success,INR
T002418,A00030,M0084,2024-01-28 16:53:25,Bill_Payment,3435.76,UPI,Success,INR
T002419,A00073,M0071,2025-06-20 05:03:21,Transfer,364.85,UPI,Success,INR
T002420,A00262,M0043,2024-02-27 07:57:14,Bill_Payment,292.74,UPI,Success,INR
T002421,A00089,M0007,2025-05-12 04:06:00,Transfer,396.51,UPI,Success,INR
T002422,A00403,M0092,2024-10-23 03:00:26,Purchase,3138.58,UPI,Success,INR
T002423,A00208,M0083,2024-05-13 12:42:55,Purchase,235.49,ATM,Success,INR
T002424,A00213,M0063,2024-11-26 20:44:36,Refund,1655.41,UPI,Success,INR
T002425,A00322,M0084,2024-09-05 01:53:18,Purchase,941.05,UPI,Success,INR
T002426,A00266,M0044,2025-07-03 18:21:43,Purchase,357.7,NetBanking,Success,INR
T002427,A00400,M0039,2024-03-15 21:26:00,Bill_Payment,1371.91,NetBanking,Success,INR
T002428,A00293,M0040,2025-10-15 21:35:51,Purchase,935.61,UPI,Success,INR
T002429,A00207,M0007,2024-06-16 20:25:02,Bill_Payment,2267.07,UPI,Success,INR
T002430,A00333,M0070,2025-05-17 14:16:50,Bill_Payment,253.59,UPI,Success,INR
T002431,A00077,M0025,2024-12-20 11:21:28,Refund,490.68,UPI,Success,INR
T002432,A00288,M0059,2024-08-12 13:37:27,Purchase,499.6,UPI,Success,INR
T002433,A00047,M0013,2025-10-25 12:45:55,Purchase,1989.19,Card,Success,INR
T002434,A00110,M0086,2025-06-14 00:33:02,Bill_Payment,885.48,NetBanking,Success,INR
T002435,A00200,M0081,2024-05-25 09:24:24,Purchase,3173.91,Card,Success,INR
T002436,A00427,M0086,2024-08-28 21:58:38,Transfer,765.93,UPI,Failed,INR
T002437,A00210,M0098,2024-12-09 23:44:50,Withdrawal,1337.54,UPI,Success,INR
T002438,A00376,M0062,2024-02-04 10:54:25,Purchase,4170.6,UPI,Success,INR
T002439,A00420,M0008,2025-12-02 12:51:53,Bill_Payment,222.37,UPI,Success,INR
T002440,A00154,M0045,2024-01-01 12:19:10,Transfer,1125.63,Card,Success,INR
T002441,A00010,M0018,2024-06-01 04:16:18,Purchase,1065.91,Wallet,Success,INR
T002442,A00415,M0088,2025-03-04 19:23:35,Purchase,539.66,UPI,Success,INR
T002443,A00353,M0060,2025-05-22 07:45:24,Purchase,946.27,ATM,Success,INR
T002444,A00157,M0060,2024-05-05 22:56:33,Purchase,1452.38,Wallet,Success,INR
T002445,A00261,M0002,2025-05-05 02:01:52,Withdrawal,560.25,UPI,Success,INR
T002446,A00077,M0066,2025-04-26 08:25:53,Purchase,1152.71,UPI,Success,INR
T002447,A00257,M0091,2024-12-10 04:29:52,Purchase,438.01,UPI,Success,INR
T002448,A00131,M0014,2024-08-08 04:50:50,Bill_Payment,912.44,Card,Success,INR
T002449,A00067,M0048,2025-12-23 01:30:32,Transfer,2529.64,UPI,Success,INR
T002450,A00228,M0056,2024-01-25 15:53:45,Purchase,2638.44,UPI,Success,INR
T002451,A00163,M0012,2025-06-11 21:51:51,Refund,3151.05,Wallet,Success,INR
T002452,A00015,M0096,2024-06-30 18:13:24,Purchase,1000.77,UPI,Success,INR
T002453,A00232,M0092,2025-05-13 02:51:35,Bill_Payment,817.25,UPI,Success,INR
T002454,A00195,M0055,2025-10-02 01:52:54,Withdrawal,2130.61,NetBanking,Success,INR
T002455,A00349,M0028,2024-02-11 03:23:10,Withdrawal,3134.39,Wallet,Success,INR
T002456,A00030,M0089,2025-04-25 08:41:26,Withdrawal,1182.16,UPI,Success,INR
T002457,A00359,M0004,2025-03-14 21:12:05,Transfer,4276.75,UPI,Success,INR
T002458,A00338,M0090,2025-02-05 20:07:07,Bill_Payment,2078.76,NetBanking,Success,INR
T002459,A00331,M0036,2025-06-29 17:46:54,Bill_Payment,655.95,NetBanking,Success,INR
T002460,A00427,M0050,2024-12-10 21:04:12,Purchase,731.45,ATM,Success,INR
T002461,A00316,M0003,2024-02-14 15:20:56,Purchase,1057.4,UPI,Success,INR
T002462,A00296,M0001,2025-10-07 16:17:10,Bill_Payment,266.82,NetBanking,Success,INR
T002463,A00449,M0017,2024-01-21 17:26:11,Transfer,666.41,UPI,Success,INR
T002464,A00413,M0071,2025-09-25 14:21:55,Bill_Payment,3061.72,Wallet,Pending,INR
T002465,A00330,M0062,2024-03-10 02:04:26,Transfer,3679.82,UPI,Success,INR
T002466,A00220,M0048,2024-02-17 04:53:57,Transfer,1418.6,UPI,Success,INR
T002467,A00377,M0062,2025-05-05 19:05:45,Purchase,1650.66,UPI,Success,INR
T002468,A00147,M0069,2025-07-04 10:05:17,Purchase,829.71,UPI,Success,INR
T002469,A00259,M0019,2024-10-13 13:49:26,Transfer,616.38,UPI,Success,INR
T002470,A00292,M0034,2024-01-10 00:51:18,Transfer,1832.21,UPI,Pending,INR
T002471,A00299,M0099,2025-06-25 07:34:59,Transfer,738.17,UPI,Failed,INR
T002472,A00143,M0049,2024-09-30 00:59:03,Withdrawal,5020.58,UPI,Success,INR
T002473,A00425,M0080,2025-08-22 14:10:52,Transfer,1584.04,NetBanking,Success,INR
T002474,A00235,M0047,2025-01-15 06:07:44,Bill_Payment,1637.2,UPI,Failed,INR
T002475,A00115,M0091,2024-11-24 20:04:47,Purchase,422.6,NetBanking,Success,INR
T002476,A00365,M0050,2025-04-23 22:20:42,Transfer,136.08,NetBanking,Success,INR
T002477,A00090,M0089,2024-01-15 23:13:52,Purchase,1636.99,UPI,Success,INR
T002478,A00208,M0026,2025-05-30 04:00:25,Transfer,701.2,UPI,Success,INR
T002479,A00164,M0056,2024-07-09 14:18:01,Purchase,2658.65,NetBanking,Success,INR
T002480,A00084,M0078,2024-06-16 21:29:07,Purchase,482.28,UPI,Success,INR
T002481,A00077,M0014,2025-06-04 23:05:14,Purchase,679.88,UPI,Success,INR
T002482,A00161,M0078,2025-09-12 20:05:17,Purchase,3003.44,UPI,Success,INR
T002483,A00005,M0025,2024-05-16 14:02:10,Purchase,1624.76,UPI,Success,INR
T002484,A00078,M0100,2024-06-02 22:31:39,Refund,445.33,UPI,Success,INR
T002485,A00091,M0004,2025-01-22 07:11:28,Purchase,1130.72,ATM,Success,INR
T002486,A00087,M0079,2024-07-27 07:38:11,Withdrawal,6083.63,Wallet,Success,INR
T002487,A00270,M0032,2024-09-28 08:59:12,Transfer,1247.96,Wallet,Success,INR
T002488,A00104,M0082,2024-05-22 06:01:16,Purchase,959.84,UPI,Success,INR
T002489,A00339,M0078,2025-09-02 18:17:16,Purchase,2454.58,ATM,Failed,INR
T002490,A00175,M0065,2024-03-09 10:24:23,Purchase,1505.75,Card,Success,INR
T002491,A00054,M0061,2024-09-03 13:36:30,Withdrawal,4021.06,NetBanking,Success,INR
T002492,A00388,M0020,2024-09-17 17:40:27,Purchase,2163.73,Card,Success,INR
T002493,A00211,M0074,2024-03-19 05:37:01,Purchase,2479.69,UPI,Success,INR
T002494,A00095,M0010,2025-10-19 23:50:37,Purchase,4201.0,Wallet,Success,INR
T002495,A00223,M0088,2025-09-14 20:14:03,Transfer,837.86,Card,Success,INR
T002496,A00009,M0034,2025-08-27 14:15:13,Withdrawal,639.77,ATM,Success,INR
T002497,A00053,M0061,2025-06-08 08:07:31,Purchase,326.63,UPI,Success,INR
T002498,A00077,M0092,2025-09-12 12:56:26,Transfer,907.09,ATM,Success,INR
T002499,A00206,M0027,2024-11-25 20:40:18,Purchase,337.73,UPI,Success,INR
T002500,A00316,M0040,2024-07-07 14:58:04,Purchase,1523.76,UPI,Success,INR
T002501,A00302,M0065,2024-04-04 14:37:00,Purchase,631.35,Card,Success,INR
T002502,A00310,M0033,2025-09-08 02:47:20,Transfer,2607.38,Card,Success,INR
T002503,A00330,M0068,2024-01-08 19:54:37,Transfer,2210.14,NetBanking,Success,INR
T002504,A00112,M0071,2024-03-07 12:44:38,Withdrawal,772.29,Card,Success,INR
T002505,A00351,M0009,2025-05-10 01:39:29,Transfer,2640.34,UPI,Success,INR
T002506,A00165,M0016,2024-07-09 03:39:22,Purchase,1254.27,Card,Success,INR
T002507,A00279,M0005,2024-12-31 18:10:35,Purchase,222.71,UPI,Success,INR
T002508,A00027,M0098,2025-06-04 20:44:27,Purchase,450.44,Card,Success,INR
T002509,A00070,M0023,2024-04-26 01:23:57,Withdrawal,571.49,UPI,Success,INR
T002510,A00218,M0043,2024-09-23 16:48:46,Purchase,1106.79,UPI,Success,INR
T002511,A00450,M0089,2025-09-02 04:04:53,Bill_Payment,745.35,ATM,Success,INR
T002512,A00365,M0057,2025-04-29 16:24:50,Transfer,681.24,UPI,Success,INR
T002513,A00189,M0051,2025-05-23 00:40:51,Purchase,1849.87,Card,Success,INR
T002514,A00333,M0013,2024-10-24 18:12:40,Transfer,2226.59,UPI,Failed,INR
T002515,A00435,M0024,2024-06-12 01:39:22,Purchase,628.48,UPI,Success,INR
T002516,A00306,M0011,2025-01-10 04:34:04,Transfer,510.42,Card,Success,INR
T002517,A00124,M0052,2025-10-14 11:14:03,Transfer,3421.32,UPI,Success,INR
T002518,A00019,M0017,2024-09-24 04:35:06,Purchase,12752.36,Card,Success,INR
T002519,A00257,M0037,2025-07-02 10:39:44,Bill_Payment,469.79,Wallet,Success,INR
T002520,A00296,M0013,2024-03-14 06:44:08,Withdrawal,2445.55,NetBanking,Success,INR
T002521,A00416,M0062,2025-05-22 12:49:22,Purchase,967.66,Wallet,Success,INR
T002522,A00022,M0091,2024-03-13 11:51:30,Purchase,2015.02,Card,Success,INR
T002523,A00368,M0084,2024-11-03 19:20:25,Purchase,465.14,Card,Success,INR
T002524,A00450,M0097,2024-07-17 18:53:28,Bill_Payment,355.47,Card,Success,INR
T002525,A00040,M0096,2024-05-09 16:45:09,Purchase,399.23,NetBanking,Success,INR
T002526,A00038,M0008,2025-07-25 12:00:37,Purchase,660.02,Card,Success,INR
T002527,A00048,M0056,2025-09-06 09:55:32,Purchase,887.81,UPI,Success,INR
T002528,A00183,M0093,2025-05-01 02:15:04,Purchase,2567.31,UPI,Success,INR
T002529,A00075,M0083,2024-05-30 23:07:10,Withdrawal,517.95,UPI,Success,INR
T002530,A00209,M0070,2025-10-30 09:43:00,Withdrawal,617.67,UPI,Success,INR
T002531,A00183,M0044,2024-07-24 20:49:50,Transfer,7132.85,UPI,Success,INR
T002532,A00435,M0060,2024-06-27 10:59:20,Transfer,1150.6,Card,Failed,INR
T002533,A00107,M0041,2024-07-15 02:39:14,Transfer,1417.69,UPI,Success,INR
T002534,A00188,M0021,2024-03-29 12:46:27,Purchase,2144.74,Card,Success,INR
T002535,A00264,M0086,2025-03-09 08:36:25,Purchase,684.4,NetBanking,Success,INR
T002536,A00086,M0042,2024-07-01 13:22:47,Purchase,1078.68,UPI,Success,INR
T002537,A00324,M0074,2024-07-27 11:13:48,Withdrawal,820.4,UPI,Success,INR
T002538,A00331,M0074,2025-05-07 18:40:38,Bill_Payment,1017.66,UPI,Success,INR
T002539,A00137,M0029,2024-05-09 17:25:23,Purchase,2342.37,Card,Pending,INR
T002540,A00346,M0080,2025-10-26 04:43:58,Purchase,2012.63,Card,Success,INR
T002541,A00386,M0065,2024-01-13 06:10:19,Purchase,140.6,Card,Success,INR
T002542,A00336,M0017,2025-09-25 01:11:11,Bill_Payment,2692.14,UPI,Success,INR
T002543,A00095,M0030,2024-04-15 07:36:37,Bill_Payment,803.4,Card,Success,INR
T002544,A00326,M0026,2025-01-09 20:41:31,Purchase,1564.5,NetBanking,Success,INR
T002545,A00245,M0053,2025-08-04 08:13:22,Withdrawal,759.9,UPI,Success,INR
T002546,A00090,M0019,2025-12-07 15:07:51,Withdrawal,1046.68,NetBanking,Pending,INR
T002547,A00059,M0053,2025-11-28 17:15:50,Purchase,3582.3,Card,Success,INR
T002548,A00403,M0085,2024-04-08 12:17:07,Purchase,1483.96,UPI,Success,INR
T002549,A00028,M0017,2025-08-16 06:25:16,Transfer,3421.23,Card,Success,INR
T002550,A00072,M0046,2025-08-09 01:51:14,Purchase,1047.46,UPI,Success,INR
T002551,A00270,M0085,2024-07-10 04:51:09,Purchase,953.92,UPI,Success,INR
T002552,A00024,M0053,2024-11-20 01:30:46,Purchase,1108.72,UPI,Success,INR
T002553,A00112,M0064,2025-12-26 05:46:00,Transfer,349.84,UPI,Success,INR
T002554,A00300,M0045,2025-04-11 00:32:43,Bill_Payment,97.33,UPI,Success,INR
T002555,A00056,M0049,2025-01-01 21:06:42,Transfer,543.12,NetBanking,Success,INR
T002556,A00223,M0019,2024-11-13 07:34:22,Purchase,2764.21,Wallet,Success,INR
T002557,A00120,M0071,2024-05-23 01:26:17,Purchase,3938.22,Card,Success,INR
T002558,A00179,M0081,2025-01-18 03:06:00,Transfer,180.89,UPI,Success,INR
T002559,A00288,M0065,2024-08-03 02:05:43,Purchase,3491.23,ATM,Success,INR
T002560,A00434,M0037,2024-12-26 22:49:22,Transfer,643.49,UPI,Success,INR
T002561,A00425,M0070,2024-11-19 10:54:38,Purchase,303.76,UPI,Success,INR
T002562,A00450,M0026,2024-01-15 08:13:27,Withdrawal,2844.96,Card,Success,INR
T002563,A00281,M0002,2024-08-04 23:50:35,Bill_Payment,695.83,Card,Success,INR
T002564,A00372,M0059,2025-05-06 04:47:01,Bill_Payment,11544.7,UPI,Success,INR
T002565,A00189,M0096,2025-06-30 00:55:23,Purchase,598.29,Card,Success,INR
T002566,A00066,M0005,2024-07-01 14:28:25,Transfer,855.15,UPI,Success,INR
T002567,A00298,M0037,2024-09-26 21:09:11,Purchase,455.39,Card,Success,INR
T002568,A00449,M0031,2025-04-11 18:36:08,Withdrawal,1255.02,Card,Success,INR
T002569,A00420,M0076,2025-09-03 06:27:18,Purchase,2247.02,NetBanking,Success,INR
T002570,A00249,M0099,2025-06-02 17:43:50,Withdrawal,231.08,Wallet,Failed,INR
T002571,A00076,M0094,2025-06-25 20:32:47,Purchase,1978.75,Card,Success,INR
T002572,A00137,M0048,2025-04-11 02:18:50,Bill_Payment,759.15,UPI,Success,INR
T002573,A00164,M0006,2024-10-31 12:15:53,Withdrawal,505.32,Card,Success,INR
T002574,A00233,M0015,2024-05-23 02:23:31,Purchase,310.72,UPI,Success,INR
T002575,A00255,M0015,2024-04-20 03:51:12,Bill_Payment,2645.89,ATM,Success,INR
T002576,A00294,M0061,2024-08-19 13:44:15,Purchase,1419.44,NetBanking,Success,INR
T002577,A00417,M0016,2025-11-21 09:42:10,Refund,649.45,UPI,Success,INR
T002578,A00170,M0020,2025-08-06 20:00:22,Withdrawal,2211.69,NetBanking,Success,INR
T002579,A00317,M0077,2025-12-22 17:25:14,Refund,1766.66,UPI,Success,INR
T002580,A00174,M0044,2025-08-14 13:31:56,Purchase,2394.82,UPI,Success,INR
T002581,A00345,M0042,2025-05-14 18:31:44,Purchase,4800.81,NetBanking,Failed,INR
T002582,A00445,M0046,2025-08-17 00:06:55,Withdrawal,1333.77,UPI,Success,INR
T002583,A00018,M0095,2025-07-07 21:14:01,Bill_Payment,6242.51,Wallet,Success,INR
T002584,A00070,M0034,2024-09-29 19:39:39,Purchase,3963.26,UPI,Success,INR
T002585,A00338,M0064,2025-12-03 22:47:49,Purchase,2219.63,NetBanking,Failed,INR
T002586,A00116,M0029,2024-06-21 19:50:35,Purchase,239.34,Card,Success,INR
T002587,A00080,M0003,2024-01-07 02:44:48,Bill_Payment,1210.53,Wallet,Success,INR
T002588,A00015,M0009,2024-06-03 12:34:59,Withdrawal,1368.8,UPI,Success,INR
T002589,A00176,M0075,2025-06-05 16:19:25,Purchase,1331.44,Card,Success,INR
T002590,A00269,M0075,2025-06-29 17:25:14,Purchase,993.44,NetBanking,Success,INR
T002591,A00119,M0025,2025-07-01 04:25:35,Transfer,1961.46,Card,Success,INR
T002592,A00299,M0086,2025-06-01 20:16:42,Purchase,2211.09,UPI,Success,INR
T002593,A00188,M0042,2024-08-02 22:23:51,Withdrawal,243.48,Card,Pending,INR
T002594,A00057,M0046,2024-05-13 21:18:49,Purchase,3712.11,ATM,Success,INR
T002595,A00199,M0073,2024-10-11 00:22:00,Transfer,290.38,NetBanking,Success,INR
T002596,A00017,M0084,2024-05-05 12:47:12,Bill_Payment,761.04,Card,Success,INR
T002597,A00434,M0059,2025-03-14 21:36:03,Transfer,493.33,NetBanking,Success,INR
T002598,A00288,M0021,2025-11-16 04:58:27,Purchase,572.73,UPI,Success,INR
T002599,A00406,M0074,2024-05-31 10:33:22,Withdrawal,2915.74,ATM,Success,INR
T002600,A00055,M0022,2024-11-26 12:27:18,Purchase,1223.48,Card,Success,INR
T002601,A00441,M0029,2025-06-21 10:48:32,Bill_Payment,2027.05,UPI,Success,INR
T002602,A00269,M0063,2025-01-17 00:09:12,Purchase,1936.84,UPI,Success,INR
T002603,A00303,M0073,2024-04-24 05:35:40,Bill_Payment,195.68,UPI,Success,INR
T002604,A00087,M0061,2025-04-26 23:46:31,Purchase,663.83,Card,Success,INR
T002605,A00318,M0064,2024-10-10 13:32:17,Purchase,2151.06,NetBanking,Success,INR
T002606,A00438,M0069,2024-03-15 09:16:07,Purchase,1980.6,Wallet,Success,INR
T002607,A00029,M0040,2024-06-14 22:23:54,Refund,225.65,Wallet,Success,INR
T002608,A00022,M0075,2024-07-07 06:41:01,Refund,2771.17,UPI,Success,INR
T002609,A00321,M0001,2024-03-18 22:18:56,Purchase,1909.22,Card,Success,INR
T002610,A00285,M0065,2025-08-24 11:42:04,Purchase,461.04,Card,Success,INR
T002611,A00048,M0062,2025-11-18 12:40:38,Purchase,1584.09,UPI,Success,INR
T002612,A00005,M0054,2024-01-21 00:33:02,Purchase,892.3,Card,Success,INR
T002613,A00250,M0060,2025-07-19 09:56:05,Withdrawal,1707.47,UPI,Success,INR
T002614,A00163,M0046,2024-07-02 22:56:46,Purchase,216.98,UPI,Success,INR
T002615,A00202,M0005,2024-08-09 15:11:21,Withdrawal,798.44,UPI,Success,INR
T002616,A00101,M0022,2024-11-23 17:33:52,Withdrawal,3173.67,NetBanking,Success,INR
T002617,A00071,M0090,2024-06-27 17:19:09,Transfer,1781.01,Card,Success,INR
T002618,A00430,M0053,2024-04-21 17:37:54,Bill_Payment,2236.07,NetBanking,Success,INR
T002619,A00163,M0070,2025-12-26 08:11:53,Purchase,888.75,Card,Success,INR
T002620,A00173,M0032,2024-02-28 06:16:32,Purchase,1822.4,UPI,Pending,INR
T002621,A00141,M0011,2024-11-22 06:33:38,Withdrawal,946.93,UPI,Success,INR
T002622,A00138,M0010,2025-09-12 14:20:32,Purchase,477.06,UPI,Success,INR
T002623,A00066,M0039,2025-10-30 04:16:49,Purchase,873.98,UPI,Success,INR
T002624,A00198,M0098,2024-07-09 02:38:49,Bill_Payment,4058.77,Wallet,Success,INR
T002625,A00328,M0031,2024-07-18 06:42:34,Transfer,3038.41,Card,Success,INR
T002626,A00228,M0012,2024-11-07 09:08:02,Purchase,449.0,UPI,Success,INR
T002627,A00281,M0080,2025-12-08 12:28:37,Withdrawal,753.25,UPI,Success,INR
T002628,A00172,M0038,2024-02-04 22:54:48,Purchase,477.32,Card,Success,INR
T002629,A00316,M0067,2025-01-13 04:21:41,Refund,1288.93,Card,Success,INR
T002630,A00431,M0066,2025-01-21 20:54:41,Purchase,2690.67,Card,Success,INR
T002631,A00040,M0052,2024-08-24 18:57:05,Transfer,6826.82,UPI,Success,INR
T002632,A00007,M0005,2025-09-07 14:34:52,Withdrawal,303.47,Card,Success,INR
T002633,A00174,M0011,2025-06-02 00:49:48,Purchase,2374.43,UPI,Success,INR
T002634,A00151,M0025,2024-10-09 09:58:39,Withdrawal,1089.07,NetBanking,Success,INR
T002635,A00211,M0035,2024-01-01 13:27:06,Bill_Payment,788.06,UPI,Success,INR
T002636,A00302,M0035,2025-04-08 14:29:27,Withdrawal,472.59,UPI,Success,INR
T002637,A00086,M0022,2024-08-17 02:30:13,Purchase,5441.85,Card,Success,INR
T002638,A00397,M0037,2024-06-20 10:51:53,Transfer,253.16,UPI,Success,INR
T002639,A00253,M0086,2024-03-27 00:59:34,Bill_Payment,705.72,Card,Success,INR
T002640,A00021,M0055,2025-07-06 02:10:38,Purchase,1526.25,UPI,Success,INR
T002641,A00257,M0075,2024-05-02 08:42:48,Transfer,1649.06,UPI,Pending,INR
T002642,A00379,M0096,2024-10-24 08:57:08,Purchase,3368.15,Wallet,Success,INR
T002643,A00403,M0099,2025-11-20 13:48:31,Purchase,496.4,UPI,Success,INR
T002644,A00381,M0095,2025-07-28 12:48:17,Purchase,1923.59,UPI,Success,INR
T002645,A00444,M0072,2025-04-28 15:29:33,Refund,1036.25,UPI,Success,INR
T002646,A00033,M0064,2024-06-13 07:57:19,Transfer,1137.05,Wallet,Success,INR
T002647,A00260,M0020,2025-11-29 04:07:03,Purchase,725.15,Card,Success,INR
T002648,A00234,M0098,2025-01-17 06:31:50,Bill_Payment,1268.61,ATM,Success,INR
T002649,A00003,M0004,2024-07-27 10:38:53,Transfer,964.73,NetBanking,Success,INR
T002650,A00347,M0018,2025-03-07 01:13:55,Withdrawal,795.82,NetBanking,Success,INR
T002651,A00308,M0051,2025-01-23 10:40:18,Purchase,683.56,Card,Success,INR
T002652,A00227,M0068,2025-07-13 16:05:55,Bill_Payment,1533.4,NetBanking,Success,INR
T002653,A00284,M0020,2024-08-11 16:31:47,Transfer,331.03,UPI,Success,INR
T002654,A00070,M0009,2024-01-03 14:10:33,Withdrawal,922.31,NetBanking,Success,INR
T002655,A00439,M0080,2025-01-06 23:54:49,Purchase,549.53,NetBanking,Success,INR
T002656,A00313,M0026,2025-11-17 20:16:12,Purchase,981.79,Card,Success,INR
T002657,A00364,M0025,2025-03-21 13:06:59,Purchase,993.09,UPI,Success,INR
T002658,A00254,M0068,2025-09-02 09:34:37,Bill_Payment,2392.68,Card,Success,INR
T002659,A00144,M0041,2024-04-25 11:52:01,Purchase,1984.48,Card,Pending,INR
T002660,A00024,M0059,2024-09-26 18:40:28,Withdrawal,1425.98,Card,Success,INR
T002661,A00425,M0045,2025-03-22 04:18:43,Purchase,1281.08,ATM,Success,INR
T002662,A00234,M0041,2025-01-02 08:58:46,Purchase,923.55,Card,Failed,INR
T002663,A00333,M0038,2024-09-09 11:43:25,Purchase,908.31,UPI,Success,INR
T002664,A00175,M0019,2024-11-12 00:02:05,Withdrawal,227.45,Card,Success,INR
T002665,A00332,M0014,2025-02-18 18:32:15,Withdrawal,2122.55,NetBanking,Success,INR
T002666,A00325,M0021,2024-04-04 04:32:55,Refund,1393.92,Wallet,Success,INR
T002667,A00357,M0015,2024-01-24 00:45:11,Bill_Payment,3230.32,Card,Success,INR
T002668,A00159,M0003,2025-09-19 09:00:37,Purchase,665.74,UPI,Success,INR
T002669,A00348,M0037,2025-10-24 07:47:02,Bill_Payment,3409.54,UPI,Success,INR
T002670,A00348,M0046,2024-02-19 02:33:02,Purchase,922.75,UPI,Success,INR
T002671,A00286,M0016,2025-05-16 19:52:11,Bill_Payment,654.69,UPI,Success,INR
T002672,A00018,M0014,2025-12-18 11:22:30,Purchase,4406.78,NetBanking,Success,INR
T002673,A00044,M0009,2025-05-12 03:35:20,Bill_Payment,1521.58,UPI,Success,INR
T002674,A00155,M0007,2024-11-30 06:09:04,Purchase,4934.01,UPI,Success,INR
T002675,A00355,M0014,2024-03-19 23:26:58,Purchase,1278.5,NetBanking,Success,INR
T002676,A00410,M0006,2025-08-04 00:42:45,Purchase,2268.06,UPI,Success,INR
T002677,A00377,M0085,2024-01-27 14:59:02,Purchase,2767.87,UPI,Failed,INR
T002678,A00231,M0015,2024-09-27 19:36:00,Purchase,851.3,Card,Success,INR
T002679,A00371,M0052,2025-07-15 06:51:31,Bill_Payment,1497.36,UPI,Pending,INR
T002680,A00316,M0072,2024-09-03 09:23:19,Withdrawal,1259.91,Card,Success,INR
T002681,A00402,M0034,2025-08-13 18:32:57,Purchase,2319.46,NetBanking,Success,INR
T002682,A00225,M0001,2025-01-21 09:35:10,Purchase,420.39,Wallet,Success,INR
T002683,A00217,M0096,2025-12-02 21:29:26,Purchase,1883.75,UPI,Success,INR
T002684,A00056,M0069,2025-07-12 08:02:55,Bill_Payment,2510.96,UPI,Success,INR
T002685,A00031,M0094,2024-12-26 14:47:22,Purchase,593.13,Card,Success,INR
T002686,A00357,M0086,2025-05-02 12:55:46,Transfer,496.06,UPI,Success,INR
T002687,A00059,M0020,2024-12-17 06:27:47,Purchase,246.55,Card,Success,INR
T002688,A00380,M0080,2025-12-01 21:38:31,Purchase,7119.7,UPI,Success,INR
T002689,A00386,M0007,2024-09-12 19:25:39,Purchase,567.64,Card,Success,INR
T002690,A00353,M0007,2024-08-09 01:21:37,Purchase,3929.07,Wallet,Success,INR
T002691,A00423,M0050,2024-01-01 00:02:43,Purchase,909.43,ATM,Pending,INR
T002692,A00445,M0002,2025-06-29 14:35:40,Purchase,2946.54,NetBanking,Success,INR
T002693,A00235,M0047,2025-03-21 23:01:55,Purchase,1849.82,UPI,Success,INR
T002694,A00107,M0014,2024-03-19 08:20:30,Transfer,7273.07,Card,Success,INR
T002695,A00191,M0031,2024-08-23 15:21:53,Purchase,4028.85,Card,Success,INR
T002696,A00018,M0050,2024-11-29 08:17:50,Purchase,1328.48,Wallet,Success,INR
T002697,A00401,M0061,2024-12-14 08:11:22,Purchase,1449.32,Wallet,Success,INR
T002698,A00226,M0041,2024-04-07 08:37:38,Bill_Payment,2020.72,ATM,Success,INR
T002699,A00167,M0014,2024-03-22 15:54:15,Transfer,12248.69,Wallet,Success,INR
T002700,A00071,M0005,2025-05-16 18:02:10,Withdrawal,1165.56,Card,Success,INR
T002701,A00362,M0075,2025-04-21 14:01:40,Purchase,342.61,NetBanking,Success,INR
T002702,A00054,M0005,2025-12-04 07:19:39,Purchase,1366.82,ATM,Success,INR
T002703,A00245,M0064,2025-07-03 18:49:47,Purchase,616.09,Card,Success,INR
T002704,A00350,M0029,2024-01-14 06:34:34,Transfer,1326.3,NetBanking,Success,INR
T002705,A00076,M0075,2025-01-26 01:49:50,Transfer,3090.34,Wallet,Success,INR
T002706,A00035,M0005,2024-12-12 08:43:52,Bill_Payment,1726.19,Card,Success,INR
T002707,A00267,M0096,2024-11-05 11:13:46,Bill_Payment,642.98,UPI,Success,INR
T002708,A00317,M0036,2025-01-20 13:46:24,Purchase,913.6,UPI,Success,INR
T002709,A00300,M0079,2024-07-27 10:33:35,Purchase,420.06,UPI,Success,INR
T002710,A00121,M0019,2024-12-22 20:20:51,Purchase,3456.7,Card,Success,INR
T002711,A00324,M0064,2025-08-23 19:15:53,Purchase,2295.15,Card,Success,INR
T002712,A00025,M0022,2025-07-21 23:03:10,Bill_Payment,411.78,Card,Success,INR
T002713,A00432,M0034,2024-04-03 01:16:40,Purchase,10603.28,Card,Success,INR
T002714,A00160,M0056,2024-04-02 06:51:30,Refund,902.11,ATM,Success,INR
T002715,A00084,M0017,2024-12-05 09:22:42,Transfer,1430.78,UPI,Success,INR
T002716,A00114,M0076,2025-08-19 10:24:59,Purchase,809.35,Wallet,Pending,INR
T002717,A00223,M0089,2025-03-20 02:07:50,Purchase,1600.52,UPI,Success,INR
T002718,A00388,M0056,2024-01-22 04:49:01,Transfer,1193.5,Card,Success,INR
T002719,A00166,M0017,2024-10-17 20:30:23,Purchase,311.73,Card,Success,INR
T002720,A00191,M0074,2025-04-29 23:21:14,Purchase,3153.15,NetBanking,Success,INR
T002721,A00175,M0092,2024-11-01 04:43:35,Purchase,520.44,Card,Success,INR
T002722,A00001,M0082,2025-09-25 18:05:26,Purchase,2503.39,UPI,Success,INR
T002723,A00387,M0018,2024-05-07 15:19:57,Transfer,890.09,UPI,Success,INR
T002724,A00229,M0045,2025-09-16 13:50:49,Purchase,1160.95,UPI,Success,INR
T002725,A00086,M0096,2024-09-29 04:24:12,Withdrawal,1692.4,UPI,Success,INR
T002726,A00062,M0078,2025-03-17 15:22:41,Withdrawal,1240.84,Card,Success,INR
T002727,A00320,M0056,2025-05-17 05:54:18,Purchase,2141.88,Card,Success,INR
T002728,A00401,M0080,2024-05-09 17:19:15,Transfer,579.76,NetBanking,Success,INR
T002729,A00382,M0050,2024-05-11 11:31:48,Purchase,2788.33,Wallet,Success,INR
T002730,A00206,M0058,2025-08-19 18:49:44,Withdrawal,433.77,Card,Success,INR
T002731,A00105,M0018,2025-04-26 19:55:28,Purchase,482.24,UPI,Success,INR
T002732,A00318,M0080,2025-01-24 07:36:50,Purchase,1846.62,NetBanking,Success,INR
T002733,A00291,M0081,2025-08-15 02:44:55,Purchase,2820.28,Card,Success,INR
T002734,A00250,M0007,2024-11-20 19:59:02,Withdrawal,1415.79,Card,Success,INR
T002735,A00013,M0076,2024-03-09 09:25:24,Purchase,4200.58,Card,Success,INR
T002736,A00163,M0098,2025-10-21 19:40:31,Purchase,517.89,Card,Success,INR
T002737,A00043,M0010,2025-03-23 03:24:24,Purchase,384.22,Wallet,Success,INR
T002738,A00386,M0069,2025-06-11 07:47:18,Purchase,2331.87,ATM,Success,INR
T002739,A00440,M0085,2025-09-08 02:32:16,Withdrawal,1224.23,Wallet,Success,INR
T002740,A00111,M0003,2024-06-13 03:40:13,Transfer,2265.47,NetBanking,Success,INR
T002741,A00205,M0083,2025-05-02 21:33:28,Bill_Payment,434.75,Wallet,Success,INR
T002742,A00384,M0044,2025-12-13 07:37:11,Purchase,735.91,UPI,Success,INR
T002743,A00256,M0099,2025-12-09 11:44:50,Purchase,5263.27,NetBanking,Success,INR
T002744,A00307,M0070,2025-03-01 18:45:39,Withdrawal,915.15,UPI,Success,INR
T002745,A00438,M0014,2025-11-27 23:45:35,Transfer,3959.42,NetBanking,Success,INR
T002746,A00144,M0004,2024-09-21 11:52:27,Purchase,2206.4,UPI,Success,INR
T002747,A00146,M0018,2025-09-03 21:06:14,Transfer,848.17,UPI,Success,INR
T002748,A00391,M0093,2024-12-07 22:09:23,Withdrawal,3907.22,UPI,Success,INR
T002749,A00301,M0099,2025-12-26 19:13:28,Purchase,1471.03,UPI,Pending,INR
T002750,A00164,M0052,2024-10-04 20:16:34,Withdrawal,1110.07,UPI,Success,INR
T002751,A00169,M0038,2025-11-04 23:21:15,Purchase,1020.58,UPI,Failed,INR
T002752,A00298,M0080,2025-03-14 19:10:15,Bill_Payment,1627.74,NetBanking,Failed,INR
T002753,A00233,M0020,2024-06-05 04:08:07,Transfer,397.23,Wallet,Success,INR
T002754,A00391,M0088,2025-02-25 00:00:51,Purchase,2462.95,NetBanking,Success,INR
T002755,A00271,M0099,2024-09-07 18:48:15,Purchase,1631.53,NetBanking,Success,INR
T002756,A00060,M0044,2025-08-31 19:25:26,Refund,655.86,NetBanking,Success,INR
T002757,A00296,M0051,2025-06-13 23:46:11,Withdrawal,350.15,Wallet,Success,INR
T002758,A00235,M0019,2024-11-22 07:54:51,Purchase,875.15,Card,Failed,INR
T002759,A00165,M0068,2024-04-06 04:28:00,Transfer,1373.55,Card,Success,INR
T002760,A00194,M0097,2025-05-27 09:41:20,Transfer,1261.9,Wallet,Failed,INR
T002761,A00234,M0066,2024-08-03 16:39:25,Purchase,1254.93,UPI,Success,INR
T002762,A00368,M0013,2024-05-11 13:09:21,Purchase,2011.07,UPI,Success,INR
T002763,A00183,M0062,2024-09-16 22:27:55,Transfer,389.31,NetBanking,Success,INR
T002764,A00333,M0061,2024-05-04 18:34:50,Purchase,1033.94,UPI,Success,INR
T002765,A00232,M0030,2024-03-22 19:45:56,Purchase,1433.76,Card,Failed,INR
T002766,A00361,M0098,2024-10-09 19:14:50,Withdrawal,1660.1,UPI,Success,INR
T002767,A00107,M0030,2025-11-13 04:36:33,Transfer,2462.55,NetBanking,Success,INR
T002768,A00378,M0051,2024-02-28 04:29:27,Purchase,913.11,ATM,Success,INR
T002769,A00223,M0088,2025-06-27 09:10:05,Purchase,1150.53,UPI,Success,INR
T002770,A00080,M0048,2024-06-09 18:11:11,Transfer,562.62,UPI,Success,INR
T002771,A00234,M0033,2024-10-10 14:05:28,Transfer,1555.29,UPI,Success,INR
T002772,A00381,M0074,2024-04-15 02:24:51,Transfer,500.99,Card,Success,INR
T002773,A00184,M0082,2024-04-14 02:42:36,Purchase,1837.85,UPI,Success,INR
T002774,A00428,M0019,2025-03-14 10:05:08,Transfer,3174.89,Card,Success,INR
T002775,A00185,M0071,2024-08-15 17:47:59,Bill_Payment,1671.47,UPI,Success,INR
T002776,A00134,M0057,2025-11-30 18:12:04,Purchase,3480.63,UPI,Success,INR
T002777,A00220,M0019,2025-08-04 16:47:46,Purchase,729.14,UPI,Success,INR
T002778,A00288,M0088,2024-11-13 02:35:27,Withdrawal,372.84,Card,Success,INR
T002779,A00364,M0079,2025-04-08 07:55:20,Purchase,948.04,UPI,Success,INR
T002780,A00202,M0041,2025-08-21 12:01:48,Purchase,631.04,Card,Success,INR
T002781,A00370,M0042,2025-04-16 04:35:33,Purchase,703.39,UPI,Success,INR
T002782,A00146,M0087,2024-02-25 12:21:28,Purchase,148.47,UPI,Pending,INR
T002783,A00324,M0052,2025-09-16 18:39:20,Purchase,1284.42,UPI,Success,INR
T002784,A00127,M0004,2024-01-13 11:13:49,Purchase,1118.07,Card,Success,INR
T002785,A00135,M0004,2025-03-15 14:22:06,Bill_Payment,2342.01,Card,Success,INR
T002786,A00114,M0005,2024-01-18 23:59:08,Transfer,1804.05,Wallet,Pending,INR
T002787,A00264,M0041,2025-11-24 20:17:45,Transfer,936.54,UPI,Success,INR
T002788,A00064,M0087,2024-04-22 05:44:13,Purchase,2493.81,UPI,Success,INR
T002789,A00135,M0061,2024-08-16 15:48:41,Transfer,2435.67,UPI,Failed,INR
T002790,A00041,M0075,2024-06-19 03:47:34,Purchase,707.48,UPI,Failed,INR
T002791,A00296,M0055,2024-10-21 00:35:08,Withdrawal,1308.31,UPI,Success,INR
T002792,A00003,M0075,2024-07-07 19:18:03,Bill_Payment,4270.33,UPI,Success,INR
T002793,A00401,M0013,2025-03-01 02:11:39,Transfer,1471.27,UPI,Success,INR
T002794,A00194,M0014,2024-03-19 03:42:52,Transfer,523.24,Card,Success,INR
T002795,A00110,M0060,2025-10-19 10:28:02,Withdrawal,399.32,NetBanking,Success,INR
T002796,A00221,M0072,2024-06-30 18:49:59,Transfer,291.73,UPI,Success,INR
T002797,A00370,M0025,2025-05-13 10:09:43,Purchase,173.65,Card,Success,INR
T002798,A00368,M0082,2025-12-08 08:08:15,Purchase,709.34,NetBanking,Success,INR
T002799,A00436,M0044,2024-03-11 18:21:53,Bill_Payment,937.2,UPI,Success,INR
T002800,A00406,M0082,2024-09-04 22:22:45,Purchase,455.46,NetBanking,Success,INR
T002801,A00004,M0010,2024-05-25 13:46:14,Bill_Payment,592.4,ATM,Success,INR
T002802,A00244,M0071,2025-09-09 18:02:14,Purchase,464.68,Wallet,Success,INR
T002803,A00390,M0050,2024-10-22 08:21:06,Purchase,264.56,Card,Success,INR
T002804,A00166,M0044,2025-08-04 23:05:49,Transfer,941.16,Card,Success,INR
T002805,A00026,M0014,2025-04-14 23:38:16,Purchase,2001.84,NetBanking,Success,INR
T002806,A00395,M0015,2025-05-20 02:29:05,Withdrawal,693.0,UPI,Success,INR
T002807,A00017,M0016,2024-07-11 08:10:18,Transfer,3048.76,NetBanking,Success,INR
T002808,A00216,M0002,2024-03-08 22:56:47,Transfer,1258.68,UPI,Failed,INR
T002809,A00092,M0030,2025-05-08 13:51:14,Transfer,2449.67,NetBanking,Success,INR
T002810,A00031,M0030,2024-02-21 04:45:30,Purchase,1128.37,UPI,Success,INR
T002811,A00205,M0082,2024-12-28 23:57:37,Purchase,2006.33,UPI,Success,INR
T002812,A00419,M0031,2025-04-18 18:57:28,Purchase,308.02,Card,Success,INR
T002813,A00400,M0077,2025-06-04 22:57:07,Purchase,2340.72,Card,Success,INR
T002814,A00207,M0020,2025-03-06 22:36:33,Bill_Payment,1103.07,UPI,Failed,INR
T002815,A00107,M0049,2024-10-24 11:29:54,Transfer,2945.79,Card,Success,INR
T002816,A00146,M0035,2025-03-10 13:47:15,Withdrawal,873.91,UPI,Success,INR
T002817,A00367,M0023,2025-11-26 22:48:09,Transfer,5258.11,Card,Success,INR
T002818,A00101,M0097,2025-11-21 04:50:04,Purchase,1772.84,UPI,Success,INR
T002819,A00368,M0099,2024-07-16 20:10:29,Transfer,485.54,UPI,Success,INR
T002820,A00318,M0100,2024-05-07 03:39:16,Withdrawal,3026.96,UPI,Success,INR
T002821,A00368,M0061,2025-06-15 15:26:58,Purchase,423.24,UPI,Pending,INR
T002822,A00241,M0084,2025-02-14 13:53:19,Bill_Payment,402.46,Card,Success,INR
T002823,A00411,M0055,2024-03-05 03:49:45,Transfer,3497.8,UPI,Success,INR
T002824,A00247,M0067,2025-11-24 13:25:59,Purchase,1483.13,NetBanking,Failed,INR
T002825,A00163,M0008,2024-08-28 04:04:54,Transfer,1170.46,UPI,Success,INR
T002826,A00372,M0040,2025-01-03 10:01:54,Purchase,696.76,UPI,Success,INR
T002827,A00173,M0059,2025-06-19 19:19:09,Purchase,2318.16,Card,Failed,INR
T002828,A00035,M0032,2025-01-18 15:53:50,Withdrawal,858.71,UPI,Success,INR
T002829,A00284,M0093,2025-03-06 09:06:39,Bill_Payment,1314.84,UPI,Success,INR
T002830,A00359,M0007,2024-03-23 03:05:56,Withdrawal,397.61,UPI,Success,INR
T002831,A00381,M0002,2025-11-27 02:51:44,Bill_Payment,1041.17,UPI,Success,INR
T002832,A00358,M0085,2025-09-02 11:17:25,Bill_Payment,1283.99,Card,Success,INR
T002833,A00393,M0006,2025-07-27 10:48:58,Bill_Payment,1773.81,Card,Success,INR
T002834,A00399,M0092,2024-10-12 15:49:42,Purchase,1486.24,UPI,Pending,INR
T002835,A00021,M0036,2025-06-17 21:33:34,Purchase,812.25,Card,Success,INR
T002836,A00308,M0032,2025-04-03 00:38:35,Purchase,1416.93,ATM,Success,INR
T002837,A00163,M0045,2024-07-30 03:27:00,Transfer,2650.86,Wallet,Success,INR
T002838,A00097,M0042,2024-05-05 05:05:12,Bill_Payment,288.39,UPI,Success,INR
T002839,A00307,M0053,2025-02-16 05:56:35,Purchase,944.89,UPI,Success,INR
T002840,A00339,M0009,2025-05-13 11:11:41,Transfer,1323.26,Card,Success,INR
T002841,A00055,M0075,2025-02-28 13:02:52,Transfer,478.17,UPI,Failed,INR
T002842,A00333,M0087,2025-07-07 17:34:54,Purchase,2531.95,UPI,Success,INR
T002843,A00127,M0075,2025-09-01 22:27:33,Purchase,1880.98,UPI,Failed,INR
T002844,A00428,M0049,2025-06-26 13:23:45,Purchase,2692.73,UPI,Success,INR
T002845,A00193,M0002,2024-06-06 22:55:04,Purchase,7659.67,Card,Failed,INR
T002846,A00243,M0067,2024-04-21 06:20:54,Transfer,1476.05,Card,Success,INR
T002847,A00349,M0011,2025-02-05 19:39:40,Transfer,849.92,UPI,Success,INR
T002848,A00088,M0050,2024-05-01 08:35:29,Transfer,2552.22,Card,Success,INR
T002849,A00336,M0035,2024-09-29 15:51:43,Purchase,646.02,Card,Success,INR
T002850,A00409,M0015,2024-10-20 17:40:20,Transfer,1665.21,Card,Success,INR
T002851,A00215,M0075,2025-02-01 23:22:04,Purchase,2788.18,ATM,Success,INR
T002852,A00092,M0031,2025-04-15 12:23:10,Bill_Payment,2319.19,ATM,Success,INR
T002853,A00303,M0092,2024-07-25 20:09:14,Purchase,3891.74,Card,Failed,INR
T002854,A00235,M0062,2024-04-19 02:57:01,Bill_Payment,857.57,NetBanking,Success,INR
T002855,A00184,M0028,2025-03-15 00:16:13,Withdrawal,2075.9,UPI,Success,INR
T002856,A00038,M0096,2024-10-04 16:19:46,Withdrawal,1192.17,Card,Success,INR
T002857,A00139,M0025,2025-07-21 10:18:17,Purchase,1377.35,Card,Failed,INR
T002858,A00195,M0084,2025-07-22 09:30:45,Purchase,1377.41,Card,Success,INR
T002859,A00015,M0092,2025-04-26 18:06:51,Purchase,1781.16,UPI,Success,INR
T002860,A00257,M0025,2024-04-23 15:14:01,Purchase,1064.14,UPI,Success,INR
T002861,A00135,M0075,2025-04-21 07:02:26,Bill_Payment,305.39,UPI,Success,INR
T002862,A00001,M0083,2025-12-10 19:59:40,Purchase,1259.91,Card,Success,INR
T002863,A00049,M0092,2024-11-16 13:39:13,Refund,1518.66,ATM,Success,INR
T002864,A00096,M0001,2024-06-27 21:22:22,Withdrawal,1056.08,UPI,Success,INR
T002865,A00201,M0059,2024-08-06 01:39:32,Purchase,1622.84,Wallet,Success,INR
T002866,A00413,M0069,2025-06-11 13:21:03,Transfer,981.29,UPI,Success,INR
T002867,A00026,M0074,2025-05-06 18:11:28,Purchase,859.17,Wallet,Success,INR
T002868,A00343,M0042,2024-03-01 15:50:55,Purchase,3835.21,NetBanking,Success,INR
T002869,A00429,M0034,2024-02-23 17:52:46,Purchase,8361.02,UPI,Success,INR
T002870,A00235,M0100,2025-11-10 03:02:11,Bill_Payment,2420.31,UPI,Success,INR
T002871,A00349,M0066,2025-06-21 02:08:22,Transfer,653.86,UPI,Success,INR
T002872,A00244,M0018,2024-03-05 23:33:54,Transfer,1342.79,ATM,Success,INR
T002873,A00358,M0077,2025-09-03 05:59:00,Purchase,1255.19,UPI,Success,INR
T002874,A00327,M0005,2025-08-08 15:57:30,Transfer,2005.5,Card,Success,INR
T002875,A00396,M0020,2025-12-04 18:07:32,Purchase,1298.99,UPI,Success,INR
T002876,A00351,M0066,2024-06-19 13:01:44,Purchase,1907.49,Wallet,Success,INR
T002877,A00416,M0075,2024-09-29 14:32:00,Purchase,5483.77,UPI,Success,INR
T002878,A00374,M0062,2025-11-29 08:36:40,Purchase,208.72,UPI,Success,INR
T002879,A00404,M0094,2025-06-18 00:43:19,Transfer,695.31,UPI,Success,INR
T002880,A00375,M0096,2025-01-25 23:31:59,Purchase,2600.54,Card,Success,INR
T002881,A00051,M0032,2025-11-23 15:36:05,Refund,1053.85,UPI,Success,INR
T002882,A00081,M0058,2024-11-22 16:20:55,Purchase,1869.63,Card,Success,INR
T002883,A00036,M0050,2024-04-17 00:00:18,Transfer,924.43,UPI,Success,INR
T002884,A00067,M0038,2024-06-10 00:14:18,Purchase,4465.57,Card,Success,INR
T002885,A00129,M0055,2025-03-27 07:13:12,Purchase,3118.63,Card,Success,INR
T002886,A00370,M0028,2024-07-24 09:03:00,Bill_Payment,1434.86,UPI,Success,INR
T002887,A00155,M0074,2025-08-12 19:41:56,Bill_Payment,4948.27,UPI,Failed,INR
T002888,A00245,M0086,2024-01-16 09:56:40,Transfer,1449.1,NetBanking,Success,INR
T002889,A00111,M0081,2024-11-22 16:19:30,Bill_Payment,1163.99,UPI,Success,INR
T002890,A00168,M0022,2025-08-30 15:15:41,Bill_Payment,4118.11,UPI,Success,INR
T002891,A00142,M0043,2025-10-20 23:27:31,Transfer,311.29,Card,Failed,INR
T002892,A00356,M0083,2024-01-02 10:24:47,Bill_Payment,1275.46,UPI,Success,INR
T002893,A00197,M0081,2024-01-10 03:35:43,Purchase,1506.95,Card,Success,INR
T002894,A00109,M0088,2025-03-09 17:04:17,Transfer,897.53,UPI,Success,INR
T002895,A00376,M0036,2024-05-04 05:13:56,Withdrawal,560.62,UPI,Success,INR
T002896,A00079,M0096,2024-03-21 03:09:54,Purchase,1027.92,NetBanking,Success,INR
T002897,A00390,M0052,2025-04-29 20:02:38,Bill_Payment,281.66,UPI,Success,INR
T002898,A00161,M0036,2025-10-13 07:01:20,Purchase,4438.5,UPI,Success,INR
T002899,A00439,M0028,2024-05-29 21:28:38,Bill_Payment,4642.8,NetBanking,Success,INR
T002900,A00019,M0078,2024-12-05 00:19:19,Purchase,1171.43,UPI,Success,INR
T002901,A00127,M0058,2024-05-08 19:29:22,Purchase,828.92,Card,Success,INR
T002902,A00205,M0036,2025-03-13 06:30:40,Purchase,290.22,Wallet,Pending,INR
T002903,A00029,M0070,2025-05-15 21:26:06,Bill_Payment,608.86,Card,Success,INR
T002904,A00445,M0009,2024-02-27 14:38:32,Purchase,4165.56,UPI,Success,INR
T002905,A00207,M0021,2024-07-16 13:14:16,Transfer,1104.67,Card,Success,INR
T002906,A00280,M0064,2024-07-29 01:49:49,Transfer,690.63,UPI,Success,INR
T002907,A00151,M0076,2024-02-14 13:24:01,Purchase,1143.51,UPI,Success,INR
T002908,A00240,M0061,2024-04-06 06:27:13,Refund,674.89,NetBanking,Success,INR
T002909,A00266,M0094,2024-10-05 09:43:31,Purchase,265.37,UPI,Success,INR
T002910,A00182,M0095,2025-06-18 02:16:17,Transfer,832.31,UPI,Success,INR
T002911,A00105,M0040,2025-02-13 09:35:28,Purchase,428.13,UPI,Success,INR
T002912,A00425,M0056,2025-04-05 17:02:31,Purchase,1611.96,ATM,Success,INR
T002913,A00433,M0004,2025-01-25 15:47:11,Purchase,2528.66,UPI,Success,INR
T002914,A00401,M0031,2024-02-13 14:23:47,Withdrawal,577.74,UPI,Success,INR
T002915,A00440,M0027,2024-01-27 06:31:48,Bill_Payment,1306.62,Card,Success,INR
T002916,A00236,M0058,2024-04-06 15:15:33,Purchase,1081.33,Card,Success,INR
T002917,A00173,M0025,2025-07-01 22:21:41,Purchase,564.93,UPI,Success,INR
T002918,A00158,M0069,2025-09-12 19:06:12,Refund,141.2,Wallet,Success,INR
T002919,A00172,M0070,2025-07-20 04:20:11,Purchase,436.08,UPI,Success,INR
T002920,A00311,M0005,2025-12-04 06:11:22,Transfer,545.39,UPI,Success,INR
T002921,A00403,M0091,2024-08-06 11:23:23,Transfer,1247.59,UPI,Success,INR
T002922,A00157,M0008,2024-07-03 22:36:05,Purchase,1364.95,Card,Failed,INR
T002923,A00258,M0009,2024-03-09 20:36:56,Transfer,3352.24,UPI,Success,INR
T002924,A00164,M0015,2024-05-09 03:09:00,Bill_Payment,432.66,NetBanking,Success,INR
T002925,A00147,M0100,2025-07-20 20:44:44,Purchase,524.34,ATM,Success,INR
T002926,A00391,M0007,2025-08-31 23:03:55,Withdrawal,613.8,UPI,Success,INR
T002927,A00154,M0096,2025-08-21 05:02:45,Transfer,923.86,ATM,Success,INR
T002928,A00367,M0072,2025-09-22 05:04:20,Purchase,1336.23,UPI,Success,INR
T002929,A00038,M0015,2025-12-20 15:08:35,Purchase,1615.11,UPI,Success,INR
T002930,A00131,M0037,2024-11-29 08:28:00,Withdrawal,201.52,NetBanking,Success,INR
T002931,A00358,M0083,2024-06-02 14:35:27,Purchase,3214.73,Card,Success,INR
T002932,A00255,M0039,2025-06-30 16:36:29,Purchase,1673.37,NetBanking,Success,INR
T002933,A00208,M0006,2024-03-19 14:25:02,Bill_Payment,2427.07,Card,Success,INR
T002934,A00450,M0083,2025-08-01 08:56:31,Withdrawal,127.74,Wallet,Success,INR
T002935,A00095,M0057,2025-02-16 16:31:28,Refund,2318.57,NetBanking,Success,INR
T002936,A00348,M0092,2025-06-29 20:51:22,Purchase,447.84,UPI,Failed,INR
T002937,A00327,M0081,2025-08-31 10:00:44,Bill_Payment,730.95,Wallet,Success,INR
T002938,A00171,M0019,2024-06-17 13:46:40,Transfer,3986.25,ATM,Success,INR
T002939,A00250,M0063,2025-11-11 13:32:56,Refund,1981.95,UPI,Failed,INR
T002940,A00190,M0031,2025-10-24 03:33:56,Bill_Payment,596.44,Card,Success,INR
T002941,A00199,M0075,2025-08-05 20:42:05,Refund,2245.25,NetBanking,Success,INR
T002942,A00221,M0079,2025-05-29 14:37:28,Refund,1517.36,NetBanking,Success,INR
T002943,A00024,M0010,2024-11-09 03:49:00,Purchase,760.04,UPI,Success,INR
T002944,A00244,M0087,2024-02-01 03:38:22,Withdrawal,1682.79,Card,Failed,INR
T002945,A00423,M0067,2024-10-13 22:28:13,Purchase,780.27,ATM,Success,INR
T002946,A00324,M0062,2025-08-16 14:15:34,Withdrawal,1553.44,UPI,Success,INR
T002947,A00128,M0003,2024-02-12 08:24:15,Refund,1535.72,NetBanking,Success,INR
T002948,A00093,M0018,2025-09-08 07:00:21,Purchase,1725.19,Card,Success,INR
T002949,A00300,M0025,2024-01-01 17:34:25,Transfer,6197.51,UPI,Success,INR
T002950,A00133,M0020,2025-07-26 00:11:59,Withdrawal,2567.61,UPI,Success,INR
T002951,A00055,M0058,2024-09-26 23:10:42,Purchase,2697.23,NetBanking,Failed,INR
T002952,A00158,M0093,2024-06-28 06:25:40,Purchase,682.52,UPI,Success,INR
T002953,A00029,M0086,2025-06-01 15:29:39,Purchase,279.88,UPI,Success,INR
T002954,A00410,M0050,2024-04-12 00:17:49,Purchase,926.19,Card,Success,INR
T002955,A00211,M0079,2024-01-10 15:11:54,Transfer,707.87,Card,Success,INR
T002956,A00154,M0010,2025-08-05 20:21:25,Transfer,1881.17,UPI,Success,INR
T002957,A00293,M0021,2024-03-30 03:35:35,Purchase,917.92,Card,Success,INR
T002958,A00222,M0029,2024-08-13 12:13:55,Refund,3617.73,Card,Success,INR
T002959,A00115,M0096,2025-10-31 07:45:37,Transfer,229.23,UPI,Success,INR
T002960,A00437,M0010,2024-05-05 05:09:00,Transfer,852.86,Card,Success,INR
T002961,A00158,M0013,2024-07-27 20:24:40,Purchase,1533.81,Card,Success,INR
T002962,A00259,M0047,2024-04-06 13:31:42,Transfer,455.78,UPI,Success,INR
T002963,A00251,M0023,2024-03-14 21:44:43,Purchase,2476.38,Wallet,Success,INR
T002964,A00122,M0050,2025-09-18 21:07:21,Withdrawal,2404.59,Card,Success,INR
T002965,A00299,M0087,2024-07-09 21:27:13,Transfer,743.88,UPI,Success,INR
T002966,A00263,M0095,2025-11-12 10:15:07,Purchase,11896.52,UPI,Success,INR
T002967,A00381,M0004,2025-12-16 04:13:41,Bill_Payment,401.0,Card,Success,INR
T002968,A00049,M0067,2024-02-25 15:13:01,Transfer,326.44,UPI,Success,INR
T002969,A00377,M0085,2025-12-20 01:58:07,Purchase,715.65,UPI,Success,INR
T002970,A00329,M0053,2025-07-06 06:19:49,Refund,1301.49,UPI,Success,INR
T002971,A00297,M0002,2024-02-01 15:33:43,Purchase,256.74,Card,Success,INR
T002972,A00362,M0068,2025-06-10 09:16:40,Withdrawal,1914.72,UPI,Success,INR
T002973,A00077,M0065,2025-07-27 00:36:39,Transfer,10039.32,Wallet,Success,INR
T002974,A00438,M0079,2025-10-28 13:08:36,Purchase,313.03,Card,Success,INR
T002975,A00127,M0057,2024-10-10 14:27:42,Refund,1308.68,NetBanking,Success,INR
T002976,A00197,M0097,2025-12-21 19:53:29,Purchase,2597.12,Card,Success,INR
T002977,A00221,M0070,2025-05-08 04:39:04,Purchase,2184.44,Card,Success,INR
T002978,A00091,M0007,2024-07-05 21:08:15,Bill_Payment,7650.8,NetBanking,Success,INR
T002979,A00411,M0019,2025-05-12 15:25:17,Transfer,718.78,Card,Success,INR
T002980,A00008,M0044,2025-03-17 13:34:25,Withdrawal,6551.09,UPI,Success,INR
T002981,A00032,M0063,2024-05-09 20:32:17,Bill_Payment,1038.74,UPI,Success,INR
T002982,A00320,M0065,2025-09-30 21:26:35,Purchase,692.84,NetBanking,Success,INR
T002983,A00394,M0039,2024-10-18 03:51:34,Purchase,5950.45,Card,Success,INR
T002984,A00269,M0083,2024-04-23 08:06:00,Purchase,787.65,UPI,Success,INR
T002985,A00191,M0026,2024-07-17 14:44:55,Bill_Payment,2875.67,UPI,Pending,INR
T002986,A00349,M0044,2024-01-13 08:07:52,Purchase,703.87,Card,Success,INR
T002987,A00163,M0012,2024-09-27 15:00:21,Purchase,348.4,UPI,Success,INR
T002988,A00061,M0022,2025-08-23 09:20:45,Purchase,349.28,ATM,Success,INR
T002989,A00438,M0077,2024-08-02 05:52:59,Purchase,2069.47,Card,Success,INR
T002990,A00264,M0092,2025-03-19 02:58:11,Transfer,420.93,UPI,Success,INR
T002991,A00285,M0014,2025-05-26 22:40:46,Refund,907.71,UPI,Success,INR
T002992,A00095,M0086,2025-03-22 12:35:11,Purchase,611.18,UPI,Success,INR
T002993,A00041,M0030,2025-12-15 10:50:38,Purchase,497.24,UPI,Success,INR
T002994,A00414,M0044,2024-03-14 06:56:07,Withdrawal,554.92,Wallet,Success,INR
T002995,A00149,M0084,2025-06-20 07:54:38,Purchase,1321.52,Wallet,Success,INR
T002996,A00204,M0091,2024-04-10 15:29:35,Bill_Payment,75.18,ATM,Success,INR
T002997,A00267,M0038,2024-06-24 19:37:04,Transfer,2344.13,NetBanking,Success,INR
T002998,A00002,M0059,2025-03-02 11:12:12,Purchase,341.91,Card,Success,INR
T002999,A00178,M0042,2024-04-26 01:57:46,Refund,383.49,Wallet,Success,INR
T003000,A00425,M0052,2024-06-14 10:55:13,Purchase,298.99,Wallet,Success,INR
T003001,A00194,M0063,2024-02-10 18:50:57,Purchase,1397.24,Wallet,Success,INR
T003002,A00387,M0061,2025-03-04 12:45:00,Purchase,4094.95,Wallet,Success,INR
T003003,A00336,M0034,2024-12-09 11:24:58,Refund,970.61,Card,Success,INR
T003004,A00435,M0039,2025-02-27 02:18:14,Withdrawal,1624.89,UPI,Success,INR
T003005,A00196,M0041,2024-12-31 17:23:00,Purchase,1781.05,UPI,Failed,INR
T003006,A00343,M0037,2024-04-29 10:35:01,Bill_Payment,2136.83,Card,Success,INR
T003007,A00249,M0065,2025-08-31 06:57:39,Transfer,444.43,Card,Success,INR
T003008,A00212,M0079,2025-10-18 11:17:06,Purchase,4601.38,NetBanking,Success,INR
T003009,A00153,M0032,2025-12-28 05:45:03,Withdrawal,811.95,NetBanking,Success,INR
T003010,A00158,M0008,2024-08-16 17:03:37,Withdrawal,1412.27,Card,Success,INR
T003011,A00362,M0097,2024-05-09 16:27:08,Transfer,958.17,UPI,Success,INR
T003012,A00139,M0018,2024-12-17 00:53:25,Purchase,734.41,UPI,Success,INR
T003013,A00221,M0045,2024-11-13 09:42:09,Purchase,2554.5,UPI,Success,INR
T003014,A00273,M0093,2025-10-10 23:09:44,Withdrawal,1942.24,UPI,Success,INR
T003015,A00154,M0096,2024-12-02 09:16:51,Bill_Payment,153.31,Card,Success,INR
T003016,A00249,M0033,2024-09-29 22:22:02,Transfer,1599.17,UPI,Success,INR
T003017,A00279,M0005,2024-04-26 03:13:48,Bill_Payment,7243.52,UPI,Success,INR
T003018,A00440,M0082,2025-01-02 19:28:09,Withdrawal,1296.16,UPI,Success,INR
T003019,A00436,M0074,2024-04-03 01:48:38,Bill_Payment,692.46,NetBanking,Success,INR
T003020,A00304,M0036,2024-06-16 10:41:31,Purchase,776.57,UPI,Success,INR
T003021,A00276,M0097,2025-12-15 02:12:26,Purchase,661.34,NetBanking,Success,INR
T003022,A00002,M0023,2024-12-06 00:10:10,Purchase,389.9,UPI,Success,INR
T003023,A00088,M0040,2025-10-22 19:23:58,Purchase,928.7,UPI,Success,INR
T003024,A00287,M0005,2025-11-25 09:31:51,Withdrawal,924.92,Card,Success,INR
T003025,A00411,M0034,2024-05-31 11:37:56,Bill_Payment,1882.11,ATM,Success,INR
T003026,A00130,M0024,2025-08-08 22:16:32,Purchase,685.23,Card,Success,INR
T003027,A00078,M0017,2024-09-30 13:58:53,Bill_Payment,6699.8,Card,Success,INR
T003028,A00260,M0095,2025-07-07 14:14:58,Transfer,471.99,NetBanking,Success,INR
T003029,A00241,M0071,2025-05-10 23:23:12,Transfer,1252.05,NetBanking,Success,INR
T003030,A00141,M0081,2025-12-24 11:36:51,Transfer,559.58,UPI,Success,INR
T003031,A00228,M0092,2024-04-10 19:27:52,Purchase,675.33,NetBanking,Success,INR
T003032,A00163,M0022,2025-07-10 11:56:14,Purchase,852.77,Wallet,Success,INR
T003033,A00236,M0015,2024-03-22 05:30:56,Transfer,1317.42,NetBanking,Success,INR
T003034,A00128,M0015,2025-06-12 12:27:10,Bill_Payment,2258.85,NetBanking,Pending,INR
T003035,A00200,M0025,2024-03-13 22:46:23,Transfer,721.2,Card,Success,INR
T003036,A00450,M0053,2024-01-14 12:43:43,Purchase,285.1,UPI,Success,INR
T003037,A00390,M0021,2025-03-08 20:39:57,Purchase,3761.88,Card,Success,INR
T003038,A00031,M0066,2024-06-05 23:50:14,Refund,455.12,Card,Success,INR
T003039,A00138,M0091,2024-05-11 18:37:58,Transfer,878.45,Wallet,Success,INR
T003040,A00021,M0032,2024-12-03 18:52:31,Bill_Payment,1152.43,ATM,Success,INR
T003041,A00234,M0021,2025-02-07 03:35:05,Transfer,1000.27,NetBanking,Success,INR
T003042,A00202,M0068,2025-01-10 06:00:01,Transfer,307.74,ATM,Success,INR
T003043,A00279,M0044,2025-07-12 11:22:35,Withdrawal,2382.36,UPI,Success,INR
T003044,A00131,M0083,2024-04-16 20:02:59,Purchase,86.8,Wallet,Success,INR
T003045,A00416,M0066,2025-09-11 13:27:15,Transfer,2648.67,UPI,Success,INR
T003046,A00148,M0090,2024-09-21 06:40:44,Transfer,3104.89,UPI,Success,INR
T003047,A00029,M0098,2024-07-23 03:07:26,Transfer,2472.24,Card,Success,INR
T003048,A00361,M0014,2024-03-19 00:40:58,Bill_Payment,833.96,Card,Success,INR
T003049,A00308,M0015,2024-06-03 16:15:07,Purchase,1232.09,Wallet,Success,INR
T003050,A00371,M0020,2024-09-03 01:40:28,Transfer,600.43,Card,Success,INR
T003051,A00430,M0034,2025-06-14 14:25:01,Purchase,1166.55,Wallet,Success,INR
T003052,A00162,M0036,2025-06-21 01:45:06,Purchase,1931.86,UPI,Success,INR
T003053,A00357,M0083,2025-12-29 07:41:18,Transfer,409.31,NetBanking,Failed,INR
T003054,A00340,M0009,2024-06-02 03:26:03,Purchase,971.79,NetBanking,Success,INR
T003055,A00061,M0071,2024-06-02 03:54:26,Transfer,713.74,NetBanking,Success,INR
T003056,A00125,M0030,2025-11-16 17:43:24,Purchase,3151.33,UPI,Success,INR
T003057,A00071,M0077,2024-04-01 13:29:04,Purchase,470.15,NetBanking,Failed,INR
T003058,A00326,M0091,2025-03-08 00:03:09,Purchase,1926.66,Card,Failed,INR
T003059,A00395,M0063,2024-12-03 03:15:52,Purchase,1045.77,NetBanking,Success,INR
T003060,A00364,M0035,2025-04-24 02:04:42,Bill_Payment,980.6,Card,Success,INR
T003061,A00243,M0013,2025-11-23 04:37:59,Transfer,1979.25,UPI,Success,INR
T003062,A00249,M0079,2024-05-10 00:13:19,Bill_Payment,776.2,UPI,Success,INR
T003063,A00221,M0046,2025-03-25 02:45:34,Purchase,1203.44,UPI,Success,INR
T003064,A00447,M0056,2024-09-29 15:59:18,Withdrawal,2980.94,Wallet,Success,INR
T003065,A00021,M0009,2025-08-10 16:27:03,Transfer,544.97,Card,Success,INR
T003066,A00387,M0087,2024-06-25 23:30:20,Purchase,1399.51,NetBanking,Success,INR
T003067,A00082,M0036,2025-11-26 11:32:36,Withdrawal,2424.09,Card,Success,INR
T003068,A00344,M0003,2025-10-04 02:45:09,Withdrawal,1669.44,ATM,Success,INR
T003069,A00367,M0098,2024-02-18 12:05:58,Purchase,3474.01,UPI,Success,INR
T003070,A00010,M0019,2025-07-20 22:03:02,Transfer,984.51,UPI,Success,INR
T003071,A00411,M0028,2025-10-27 07:46:53,Purchase,2006.78,NetBanking,Success,INR
T003072,A00012,M0023,2024-12-20 06:21:15,Purchase,2958.52,NetBanking,Success,INR
T003073,A00263,M0007,2025-12-12 03:10:08,Purchase,239.27,Card,Success,INR
T003074,A00145,M0076,2024-11-03 09:53:27,Bill_Payment,760.44,UPI,Success,INR
T003075,A00449,M0014,2025-09-21 17:08:04,Purchase,1542.5,UPI,Success,INR
T003076,A00192,M0046,2024-02-15 10:04:41,Purchase,2511.25,Card,Failed,INR
T003077,A00250,M0015,2024-10-28 07:35:26,Transfer,1365.38,Card,Success,INR
T003078,A00114,M0067,2025-02-11 03:46:41,Withdrawal,3854.43,Card,Success,INR
T003079,A00026,M0015,2024-07-07 00:18:55,Withdrawal,678.07,UPI,Failed,INR
T003080,A00271,M0051,2024-05-08 06:19:01,Purchase,360.9,Card,Success,INR
T003081,A00033,M0088,2025-07-14 03:18:33,Transfer,2242.21,UPI,Success,INR
T003082,A00062,M0008,2025-06-20 02:48:21,Purchase,990.59,Card,Pending,INR
T003083,A00229,M0069,2024-09-22 05:10:31,Transfer,515.94,NetBanking,Success,INR
T003084,A00303,M0062,2024-04-27 20:01:24,Transfer,5102.96,UPI,Pending,INR
T003085,A00095,M0051,2025-04-08 10:14:30,Withdrawal,2147.79,UPI,Success,INR
T003086,A00035,M0063,2024-05-23 13:36:25,Bill_Payment,1970.48,UPI,Success,INR
T003087,A00193,M0068,2025-03-17 07:33:35,Transfer,4600.63,ATM,Success,INR
T003088,A00076,M0078,2024-07-18 17:15:10,Transfer,774.04,Card,Success,INR
T003089,A00379,M0016,2024-06-05 05:20:15,Purchase,3913.17,Card,Success,INR
T003090,A00249,M0084,2025-05-01 03:53:44,Purchase,1598.24,Card,Success,INR
T003091,A00083,M0024,2024-05-13 21:22:29,Refund,645.04,ATM,Success,INR
T003092,A00025,M0006,2024-05-27 22:44:15,Purchase,1089.75,Card,Pending,INR
T003093,A00057,M0057,2024-12-01 23:36:22,Transfer,1297.15,UPI,Success,INR
T003094,A00032,M0031,2024-03-11 12:38:03,Withdrawal,2985.27,UPI,Success,INR
T003095,A00319,M0006,2024-08-20 21:42:37,Purchase,325.38,NetBanking,Success,INR
T003096,A00012,M0099,2024-11-29 02:55:11,Bill_Payment,227.32,UPI,Success,INR
T003097,A00319,M0079,2025-10-27 05:32:03,Withdrawal,539.8,UPI,Success,INR
T003098,A00333,M0029,2024-03-30 02:55:58,Withdrawal,1031.78,ATM,Failed,INR
T003099,A00092,M0067,2024-11-29 00:08:46,Purchase,2085.97,Wallet,Success,INR
T003100,A00001,M0075,2024-07-17 00:29:13,Transfer,726.29,Wallet,Success,INR
T003101,A00435,M0003,2024-06-09 07:17:28,Purchase,1596.28,UPI,Success,INR
T003102,A00326,M0028,2025-06-21 04:04:16,Transfer,4641.65,UPI,Success,INR
T003103,A00136,M0074,2024-04-30 06:27:46,Withdrawal,237.62,UPI,Success,INR
T003104,A00196,M0097,2024-10-27 17:55:55,Purchase,970.26,NetBanking,Success,INR
T003105,A00133,M0048,2025-12-24 17:29:55,Transfer,9677.12,NetBanking,Success,INR
T003106,A00086,M0080,2025-07-28 21:02:36,Purchase,578.45,NetBanking,Success,INR
T003107,A00295,M0010,2025-03-11 23:12:54,Bill_Payment,525.74,Wallet,Success,INR
T003108,A00279,M0033,2024-03-08 21:44:37,Transfer,1752.78,NetBanking,Failed,INR
T003109,A00324,M0100,2025-04-03 19:32:57,Purchase,680.76,UPI,Success,INR
T003110,A00180,M0067,2025-05-28 18:10:02,Purchase,2887.67,UPI,Success,INR
T003111,A00004,M0069,2025-02-01 15:02:56,Bill_Payment,10173.85,UPI,Success,INR
T003112,A00126,M0012,2025-09-11 11:35:33,Purchase,1172.93,UPI,Success,INR
T003113,A00175,M0057,2024-10-12 04:00:18,Purchase,12886.43,UPI,Success,INR
T003114,A00251,M0044,2025-07-14 10:19:45,Purchase,729.5,NetBanking,Success,INR
T003115,A00021,M0013,2024-05-19 11:35:45,Purchase,943.06,UPI,Success,INR
T003116,A00440,M0024,2025-12-30 14:56:27,Bill_Payment,462.26,NetBanking,Success,INR
T003117,A00105,M0044,2025-07-09 22:15:23,Withdrawal,731.35,NetBanking,Success,INR
T003118,A00066,M0057,2025-08-12 14:27:15,Purchase,884.63,UPI,Success,INR
T003119,A00443,M0096,2025-12-28 18:19:44,Purchase,1591.75,UPI,Success,INR
T003120,A00263,M0016,2025-09-01 14:34:22,Purchase,357.29,UPI,Success,INR
T003121,A00049,M0096,2024-10-08 10:22:33,Refund,688.29,UPI,Success,INR
T003122,A00016,M0100,2025-10-22 20:27:24,Transfer,704.18,Card,Success,INR
T003123,A00145,M0021,2025-07-31 13:25:02,Withdrawal,2450.85,Card,Success,INR
T003124,A00340,M0076,2025-04-01 21:22:59,Withdrawal,1218.02,Card,Success,INR
T003125,A00250,M0051,2024-03-27 06:13:55,Bill_Payment,1218.21,UPI,Success,INR
T003126,A00343,M0021,2024-03-19 16:02:08,Bill_Payment,1181.96,Card,Success,INR
T003127,A00354,M0060,2024-07-23 00:20:38,Purchase,228.11,Card,Success,INR
T003128,A00075,M0051,2024-12-02 22:27:37,Refund,4658.99,UPI,Success,INR
T003129,A00290,M0021,2024-09-10 22:40:10,Bill_Payment,477.02,UPI,Success,INR
T003130,A00417,M0006,2024-10-30 03:37:29,Purchase,2443.21,Wallet,Success,INR
T003131,A00282,M0073,2025-01-14 15:53:13,Bill_Payment,895.47,UPI,Success,INR
T003132,A00066,M0065,2024-05-09 09:53:04,Withdrawal,632.51,NetBanking,Success,INR
T003133,A00125,M0076,2025-08-18 18:30:34,Withdrawal,2805.49,UPI,Success,INR
T003134,A00319,M0058,2024-10-02 04:04:39,Purchase,374.54,UPI,Success,INR
T003135,A00087,M0078,2025-11-29 09:35:05,Transfer,404.17,Card,Success,INR
T003136,A00041,M0006,2025-07-11 14:15:41,Purchase,1263.61,Wallet,Success,INR
T003137,A00186,M0065,2024-07-01 13:59:34,Bill_Payment,1297.93,NetBanking,Success,INR
T003138,A00354,M0086,2024-09-24 13:03:18,Refund,2292.85,UPI,Success,INR
T003139,A00380,M0034,2024-11-17 21:22:50,Transfer,2089.97,Wallet,Success,INR
T003140,A00335,M0056,2025-05-26 15:28:21,Transfer,1030.27,Card,Success,INR
T003141,A00266,M0075,2025-09-03 12:27:39,Withdrawal,1204.74,UPI,Success,INR
T003142,A00271,M0003,2024-03-18 09:12:58,Purchase,962.24,UPI,Success,INR
T003143,A00042,M0042,2024-12-04 07:39:35,Transfer,3928.68,Card,Success,INR
T003144,A00093,M0062,2025-11-04 05:22:09,Withdrawal,453.12,Card,Failed,INR
T003145,A00185,M0006,2025-07-09 15:54:14,Purchase,1128.32,UPI,Success,INR
T003146,A00215,M0006,2025-05-23 23:20:29,Purchase,2192.01,Wallet,Success,INR
T003147,A00017,M0063,2024-08-25 20:27:42,Withdrawal,2977.9,NetBanking,Pending,INR
T003148,A00444,M0020,2024-05-13 11:07:48,Purchase,601.27,NetBanking,Success,INR
T003149,A00265,M0021,2024-07-10 16:22:31,Bill_Payment,457.84,Card,Success,INR
T003150,A00114,M0002,2024-12-21 09:46:11,Purchase,358.78,Card,Success,INR
T003151,A00292,M0090,2024-10-04 02:17:42,Purchase,805.4,UPI,Success,INR
T003152,A00292,M0095,2024-01-18 12:01:10,Transfer,1378.52,Card,Success,INR
T003153,A00048,M0090,2025-06-07 05:46:25,Transfer,716.97,ATM,Success,INR
T003154,A00307,M0056,2024-06-28 10:57:49,Transfer,2057.57,Card,Success,INR
T003155,A00097,M0096,2024-05-02 19:07:11,Transfer,1033.8,UPI,Success,INR
T003156,A00375,M0010,2024-09-02 22:33:43,Transfer,1897.99,UPI,Failed,INR
T003157,A00095,M0087,2025-01-07 12:40:43,Transfer,1251.95,ATM,Success,INR
T003158,A00326,M0070,2024-02-20 18:47:37,Purchase,240.63,UPI,Success,INR
T003159,A00074,M0023,2024-03-11 00:59:42,Purchase,389.61,NetBanking,Success,INR
T003160,A00336,M0092,2025-04-24 08:24:40,Purchase,3106.97,Card,Success,INR
T003161,A00068,M0030,2025-07-13 11:49:49,Purchase,471.89,UPI,Failed,INR
T003162,A00246,M0078,2024-01-19 11:06:40,Purchase,2360.78,NetBanking,Success,INR
T003163,A00406,M0037,2024-03-24 00:18:05,Purchase,1228.59,UPI,Success,INR
T003164,A00077,M0055,2024-06-03 22:37:07,Refund,452.1,Card,Success,INR
T003165,A00208,M0096,2025-07-18 04:20:00,Purchase,2153.14,UPI,Success,INR
T003166,A00372,M0049,2025-09-10 16:36:41,Purchase,713.44,Card,Success,INR
T003167,A00254,M0034,2024-12-22 17:08:59,Bill_Payment,1256.9,UPI,Success,INR
T003168,A00221,M0044,2025-10-08 20:36:21,Purchase,907.9,UPI,Success,INR
T003169,A00262,M0022,2025-03-18 11:33:16,Purchase,96.18,NetBanking,Success,INR
T003170,A00410,M0031,2024-03-09 19:33:30,Purchase,2010.98,UPI,Success,INR
T003171,A00331,M0007,2025-06-06 22:01:43,Purchase,2187.39,UPI,Success,INR
T003172,A00344,M0021,2024-05-22 14:29:48,Purchase,702.99,Card,Success,INR
T003173,A00259,M0016,2024-07-10 07:27:05,Purchase,1954.96,Card,Success,INR
T003174,A00308,M0020,2025-01-21 03:01:53,Bill_Payment,500.41,UPI,Success,INR
T003175,A00074,M0043,2025-01-12 22:42:31,Purchase,509.68,Wallet,Success,INR
T003176,A00125,M0044,2025-08-03 23:24:29,Purchase,1360.56,NetBanking,Failed,INR
T003177,A00188,M0047,2025-06-18 03:58:52,Transfer,586.09,UPI,Pending,INR
T003178,A00254,M0019,2025-11-23 15:14:55,Purchase,976.27,Card,Success,INR
T003179,A00447,M0048,2024-10-19 01:13:52,Purchase,471.01,UPI,Success,INR
T003180,A00321,M0096,2024-01-09 07:22:50,Bill_Payment,345.12,UPI,Pending,INR
T003181,A00308,M0079,2024-09-27 01:41:43,Bill_Payment,1322.05,Wallet,Success,INR
T003182,A00235,M0069,2025-01-21 04:25:00,Withdrawal,1333.2,Card,Success,INR
T003183,A00250,M0011,2024-04-02 16:13:35,Purchase,1115.75,Wallet,Success,INR
T003184,A00332,M0079,2025-06-12 18:46:07,Refund,844.25,UPI,Success,INR
T003185,A00398,M0029,2024-06-02 17:25:13,Purchase,582.17,UPI,Success,INR
T003186,A00345,M0045,2025-02-08 23:06:09,Purchase,414.44,UPI,Success,INR
T003187,A00072,M0068,2024-05-28 16:17:19,Transfer,400.07,UPI,Success,INR
T003188,A00235,M0036,2024-09-23 23:44:36,Withdrawal,636.84,NetBanking,Success,INR
T003189,A00324,M0048,2025-02-25 02:29:48,Purchase,2749.44,Card,Success,INR
T003190,A00156,M0087,2025-09-09 21:48:08,Transfer,1350.06,Card,Failed,INR
T003191,A00394,M0015,2025-04-16 00:49:37,Bill_Payment,1516.6,Card,Success,INR
T003192,A00115,M0044,2025-06-30 15:10:41,Purchase,354.2,NetBanking,Success,INR
T003193,A00313,M0067,2025-09-22 00:21:08,Transfer,1296.14,Wallet,Success,INR
T003194,A00228,M0096,2025-06-09 15:07:11,Purchase,1485.28,UPI,Success,INR
T003195,A00322,M0074,2025-05-17 04:39:16,Purchase,4570.04,NetBanking,Success,INR
T003196,A00346,M0040,2024-01-14 05:46:04,Purchase,1078.25,Card,Success,INR
T003197,A00245,M0086,2025-10-13 16:38:32,Transfer,769.38,NetBanking,Failed,INR
T003198,A00306,M0014,2024-12-29 11:13:05,Purchase,550.18,Wallet,Success,INR
T003199,A00014,M0063,2024-04-28 04:10:32,Bill_Payment,1157.21,UPI,Success,INR
T003200,A00016,M0081,2024-08-25 12:41:42,Refund,920.2,Card,Success,INR
T003201,A00438,M0085,2025-06-29 03:18:05,Bill_Payment,3011.54,ATM,Success,INR
T003202,A00427,M0051,2024-06-17 02:43:16,Purchase,2469.57,Card,Success,INR
T003203,A00042,M0079,2025-06-05 09:07:43,Purchase,447.84,Wallet,Success,INR
T003204,A00110,M0058,2025-09-25 22:30:14,Purchase,1074.95,UPI,Success,INR
T003205,A00278,M0015,2025-10-18 08:55:17,Withdrawal,9924.2,Card,Success,INR
T003206,A00324,M0065,2025-05-30 05:45:53,Refund,293.18,Wallet,Failed,INR
T003207,A00019,M0088,2025-01-31 05:38:45,Withdrawal,926.96,UPI,Success,INR
T003208,A00066,M0055,2024-04-15 01:57:01,Transfer,2158.67,Card,Success,INR
T003209,A00167,M0076,2024-03-25 22:25:21,Purchase,885.51,UPI,Success,INR
T003210,A00073,M0010,2024-08-01 14:44:56,Bill_Payment,820.72,UPI,Success,INR
T003211,A00403,M0042,2024-04-30 19:50:04,Purchase,718.64,Card,Success,INR
T003212,A00400,M0095,2024-05-11 03:37:51,Purchase,420.95,NetBanking,Success,INR
T003213,A00310,M0011,2024-07-15 17:57:29,Bill_Payment,941.86,Wallet,Success,INR
T003214,A00409,M0016,2024-01-19 02:14:01,Transfer,2761.2,Card,Success,INR
T003215,A00112,M0073,2025-10-03 22:47:31,Purchase,349.1,NetBanking,Success,INR
T003216,A00274,M0078,2024-01-12 11:07:38,Purchase,1394.13,NetBanking,Success,INR
T003217,A00407,M0019,2024-03-21 13:24:23,Purchase,2896.03,NetBanking,Success,INR
T003218,A00373,M0031,2024-11-25 12:21:10,Transfer,1076.44,NetBanking,Success,INR
T003219,A00085,M0073,2025-01-26 07:50:23,Purchase,750.62,Card,Success,INR
T003220,A00139,M0100,2025-09-28 09:19:35,Bill_Payment,2012.03,Card,Success,INR
T003221,A00039,M0053,2024-11-02 12:43:19,Purchase,487.72,UPI,Success,INR
T003222,A00105,M0090,2024-09-23 06:01:01,Transfer,1603.12,NetBanking,Success,INR
T003223,A00324,M0008,2025-03-22 22:46:15,Purchase,943.99,UPI,Success,INR
T003224,A00281,M0024,2025-03-16 10:07:12,Purchase,1160.24,UPI,Success,INR
T003225,A00447,M0008,2025-10-13 08:39:07,Transfer,4958.6,Card,Success,INR
T003226,A00414,M0083,2024-01-02 08:05:14,Withdrawal,3104.38,ATM,Success,INR
T003227,A00429,M0048,2025-06-03 01:40:30,Purchase,4160.46,NetBanking,Success,INR
T003228,A00123,M0030,2025-10-12 13:10:29,Transfer,525.23,UPI,Success,INR
T003229,A00218,M0058,2025-09-27 13:15:43,Bill_Payment,437.22,NetBanking,Success,INR
T003230,A00377,M0086,2024-11-04 18:13:35,Purchase,1669.15,Wallet,Success,INR
T003231,A00061,M0055,2025-06-05 13:12:57,Purchase,1467.95,Card,Success,INR
T003232,A00100,M0073,2025-04-13 00:49:26,Purchase,185.15,Card,Pending,INR
T003233,A00307,M0062,2024-07-30 01:02:08,Transfer,1486.04,Card,Failed,INR
T003234,A00354,M0048,2024-04-21 10:21:44,Purchase,6922.84,UPI,Success,INR
T003235,A00393,M0004,2024-01-08 13:41:17,Purchase,6047.18,Wallet,Success,INR
T003236,A00204,M0037,2025-04-21 00:15:47,Transfer,584.22,NetBanking,Success,INR
T003237,A00258,M0008,2025-04-04 21:41:41,Refund,2079.59,NetBanking,Success,INR
T003238,A00005,M0001,2024-09-09 22:36:20,Purchase,492.69,Card,Success,INR
T003239,A00446,M0092,2025-06-09 18:22:10,Purchase,1005.95,ATM,Failed,INR
T003240,A00197,M0070,2025-03-13 05:56:54,Transfer,524.16,UPI,Success,INR
T003241,A00180,M0047,2025-10-22 22:47:40,Purchase,382.94,UPI,Success,INR
T003242,A00342,M0100,2024-08-23 05:23:59,Purchase,2428.34,UPI,Success,INR
T003243,A00133,M0075,2024-11-01 16:10:20,Transfer,1419.19,NetBanking,Success,INR
T003244,A00443,M0005,2025-04-22 12:59:45,Bill_Payment,1635.49,NetBanking,Failed,INR
T003245,A00324,M0050,2025-11-09 10:16:13,Bill_Payment,1938.62,Card,Success,INR
T003246,A00253,M0024,2024-01-20 20:21:58,Purchase,1309.66,Card,Success,INR
T003247,A00265,M0047,2024-08-03 18:56:36,Withdrawal,431.01,UPI,Success,INR
T003248,A00093,M0018,2024-05-14 01:41:29,Purchase,1325.24,UPI,Success,INR
T003249,A00150,M0084,2024-05-08 19:40:54,Purchase,901.37,UPI,Success,INR
T003250,A00411,M0028,2025-02-13 17:17:15,Bill_Payment,923.1,Card,Success,INR
T003251,A00138,M0077,2025-02-25 08:10:00,Bill_Payment,469.05,NetBanking,Success,INR
T003252,A00208,M0005,2024-10-20 04:16:45,Purchase,282.71,NetBanking,Failed,INR
T003253,A00125,M0030,2024-09-02 14:39:23,Purchase,658.19,UPI,Success,INR
T003254,A00234,M0001,2025-12-01 08:23:29,Purchase,1791.53,UPI,Success,INR
T003255,A00061,M0086,2025-07-09 20:26:38,Transfer,1030.23,Wallet,Success,INR
T003256,A00307,M0082,2024-03-26 04:50:24,Bill_Payment,5458.09,UPI,Success,INR
T003257,A00266,M0046,2025-07-09 05:42:36,Purchase,1033.83,UPI,Success,INR
T003258,A00134,M0069,2025-01-09 05:22:10,Purchase,1306.91,UPI,Success,INR
T003259,A00318,M0031,2025-03-21 22:34:26,Purchase,1113.16,Card,Success,INR
T003260,A00113,M0070,2025-01-12 00:53:56,Purchase,421.41,UPI,Success,INR
T003261,A00389,M0091,2025-01-24 19:13:36,Withdrawal,1075.66,UPI,Success,INR
T003262,A00378,M0056,2025-10-18 08:25:12,Bill_Payment,419.26,Card,Success,INR
T003263,A00191,M0089,2024-02-20 05:53:11,Purchase,1031.08,UPI,Success,INR
T003264,A00379,M0093,2024-08-29 23:10:57,Purchase,224.99,UPI,Success,INR
T003265,A00440,M0028,2024-10-20 10:10:40,Purchase,1030.17,NetBanking,Success,INR
T003266,A00187,M0016,2025-07-16 17:18:13,Purchase,1252.93,NetBanking,Success,INR
T003267,A00319,M0054,2024-09-22 10:11:28,Purchase,1336.9,UPI,Failed,INR
T003268,A00367,M0053,2024-04-29 19:47:09,Transfer,301.54,UPI,Success,INR
T003269,A00089,M0012,2025-12-12 23:50:02,Purchase,1690.28,UPI,Success,INR
T003270,A00187,M0020,2024-09-04 06:42:02,Purchase,1984.49,Card,Success,INR
T003271,A00307,M0082,2024-03-10 11:27:04,Withdrawal,462.96,NetBanking,Success,INR
T003272,A00434,M0034,2024-02-26 01:45:31,Purchase,2661.99,UPI,Failed,INR
T003273,A00132,M0053,2025-01-16 11:44:22,Withdrawal,1299.62,Card,Failed,INR
T003274,A00360,M0064,2024-02-08 23:58:34,Transfer,1038.78,UPI,Success,INR
T003275,A00123,M0023,2025-03-18 16:33:12,Bill_Payment,1828.18,UPI,Success,INR
T003276,A00048,M0027,2024-01-18 09:25:26,Purchase,4718.81,UPI,Failed,INR
T003277,A00288,M0017,2024-12-17 23:58:07,Withdrawal,966.12,Wallet,Success,INR
T003278,A00376,M0048,2024-10-24 04:52:08,Purchase,703.03,Card,Success,INR
T003279,A00179,M0021,2024-10-09 00:01:08,Refund,7133.64,UPI,Success,INR
T003280,A00180,M0050,2025-08-08 19:14:13,Withdrawal,938.59,Wallet,Success,INR
T003281,A00099,M0040,2024-04-19 22:25:54,Purchase,1525.36,UPI,Success,INR
T003282,A00330,M0095,2024-06-28 12:12:48,Purchase,938.23,UPI,Failed,INR
T003283,A00034,M0003,2025-06-27 13:30:23,Bill_Payment,258.18,Wallet,Success,INR
T003284,A00420,M0017,2024-01-25 11:42:09,Bill_Payment,831.5,UPI,Success,INR
T003285,A00070,M0061,2024-02-26 17:02:01,Bill_Payment,2981.13,Wallet,Success,INR
T003286,A00171,M0050,2024-06-28 03:12:06,Bill_Payment,529.09,Card,Success,INR
T003287,A00366,M0090,2024-08-19 07:25:09,Bill_Payment,3592.01,ATM,Success,INR
T003288,A00272,M0087,2024-12-08 04:11:03,Transfer,2180.43,NetBanking,Success,INR
T003289,A00059,M0006,2025-04-21 01:18:43,Purchase,444.15,UPI,Success,INR
T003290,A00181,M0028,2025-07-29 01:10:13,Purchase,370.94,Wallet,Success,INR
T003291,A00019,M0072,2025-03-30 06:19:57,Transfer,361.78,UPI,Success,INR
T003292,A00226,M0055,2024-08-19 23:35:46,Purchase,759.15,Card,Success,INR
T003293,A00095,M0058,2024-10-15 12:33:37,Transfer,411.32,Card,Success,INR
T003294,A00369,M0045,2024-07-31 18:58:03,Purchase,3287.34,NetBanking,Success,INR
T003295,A00297,M0072,2024-09-14 06:34:15,Transfer,377.96,NetBanking,Success,INR
T003296,A00081,M0019,2025-06-13 21:39:50,Purchase,491.5,NetBanking,Success,INR
T003297,A00175,M0029,2025-11-17 03:29:47,Purchase,4302.55,NetBanking,Success,INR
T003298,A00222,M0023,2024-08-16 06:15:55,Purchase,865.16,NetBanking,Success,INR
T003299,A00103,M0032,2024-08-13 07:47:51,Purchase,1602.5,UPI,Success,INR
T003300,A00054,M0010,2025-08-18 05:37:19,Bill_Payment,1665.8,Wallet,Failed,INR
T003301,A00183,M0091,2025-03-10 13:39:11,Transfer,296.19,NetBanking,Success,INR
T003302,A00351,M0049,2025-02-05 00:36:43,Bill_Payment,2258.6,NetBanking,Success,INR
T003303,A00403,M0065,2025-09-13 03:47:15,Purchase,1904.46,ATM,Success,INR
T003304,A00318,M0029,2024-03-28 14:36:11,Purchase,1972.9,UPI,Success,INR
T003305,A00355,M0059,2025-08-06 00:19:04,Purchase,595.37,UPI,Success,INR
T003306,A00349,M0045,2025-06-25 09:04:59,Purchase,1419.78,NetBanking,Success,INR
T003307,A00443,M0067,2025-11-14 23:30:19,Purchase,938.57,UPI,Failed,INR
T003308,A00321,M0051,2024-11-04 03:23:33,Purchase,1192.52,Card,Success,INR
T003309,A00068,M0095,2024-12-08 04:42:24,Bill_Payment,544.85,Wallet,Failed,INR
T003310,A00028,M0011,2025-03-11 18:32:03,Bill_Payment,924.06,UPI,Failed,INR
T003311,A00274,M0086,2024-06-25 19:04:29,Bill_Payment,2641.79,Wallet,Success,INR
T003312,A00282,M0082,2024-05-18 19:09:07,Refund,193.76,ATM,Success,INR
T003313,A00360,M0099,2024-07-12 09:34:17,Transfer,788.9,UPI,Success,INR
T003314,A00403,M0006,2024-07-04 09:46:31,Transfer,1948.63,NetBanking,Success,INR
T003315,A00311,M0067,2024-08-05 20:04:24,Purchase,411.96,UPI,Success,INR
T003316,A00119,M0062,2024-06-12 16:05:24,Purchase,1572.34,NetBanking,Success,INR
T003317,A00380,M0005,2024-06-09 09:22:24,Withdrawal,1672.6,Card,Success,INR
T003318,A00441,M0009,2025-06-08 14:50:24,Bill_Payment,955.43,Wallet,Success,INR
T003319,A00134,M0028,2025-08-23 21:45:37,Withdrawal,1438.16,UPI,Success,INR
T003320,A00129,M0083,2024-02-11 21:08:04,Bill_Payment,4749.43,Card,Success,INR
T003321,A00008,M0092,2024-07-28 09:08:06,Purchase,598.77,NetBanking,Success,INR
T003322,A00051,M0091,2024-10-01 23:36:03,Purchase,314.49,UPI,Pending,INR
T003323,A00341,M0077,2024-10-05 00:16:12,Purchase,748.42,NetBanking,Success,INR
T003324,A00281,M0038,2024-09-07 01:50:21,Refund,448.07,ATM,Success,INR
T003325,A00175,M0043,2024-11-05 13:48:58,Bill_Payment,1550.79,Card,Pending,INR
T003326,A00183,M0021,2025-12-20 16:01:34,Transfer,727.81,NetBanking,Success,INR
T003327,A00192,M0091,2024-05-19 15:12:57,Purchase,1904.17,Card,Success,INR
T003328,A00249,M0062,2025-06-29 04:02:10,Purchase,1425.2,Card,Success,INR
T003329,A00235,M0046,2025-06-13 02:02:34,Purchase,591.89,UPI,Success,INR
T003330,A00083,M0070,2024-02-26 12:55:29,Bill_Payment,478.03,Card,Failed,INR
T003331,A00093,M0038,2024-04-21 14:21:54,Purchase,313.01,Card,Success,INR
T003332,A00373,M0049,2024-01-05 11:27:12,Purchase,2824.99,Card,Success,INR
T003333,A00394,M0075,2025-02-13 14:27:59,Purchase,1758.13,UPI,Success,INR
T003334,A00312,M0081,2025-02-17 03:29:10,Bill_Payment,757.69,UPI,Success,INR
T003335,A00268,M0039,2024-06-30 16:46:25,Transfer,1892.46,NetBanking,Success,INR
T003336,A00417,M0071,2024-01-13 17:58:56,Transfer,405.89,UPI,Success,INR
T003337,A00120,M0030,2024-12-04 08:24:28,Purchase,499.01,UPI,Success,INR
T003338,A00071,M0021,2024-09-15 01:11:30,Purchase,456.1,UPI,Success,INR
T003339,A00017,M0001,2024-03-30 15:17:14,Purchase,1406.62,Card,Success,INR
T003340,A00253,M0089,2025-09-07 08:22:18,Bill_Payment,636.4,ATM,Success,INR
T003341,A00445,M0032,2025-11-28 19:59:42,Bill_Payment,296.29,Wallet,Success,INR
T003342,A00122,M0008,2024-09-06 03:43:52,Transfer,1190.58,UPI,Success,INR
T003343,A00380,M0069,2024-09-11 18:37:38,Purchase,1836.7,UPI,Success,INR
T003344,A00010,M0030,2025-08-10 16:09:35,Bill_Payment,970.34,Wallet,Success,INR
T003345,A00287,M0008,2024-04-17 09:15:29,Transfer,3058.79,Wallet,Success,INR
T003346,A00316,M0019,2025-10-29 19:11:16,Purchase,2258.63,UPI,Success,INR
T003347,A00326,M0059,2025-08-16 03:25:28,Purchase,3001.33,NetBanking,Success,INR
T003348,A00273,M0055,2025-08-11 09:30:47,Transfer,2220.3,UPI,Success,INR
T003349,A00306,M0030,2025-04-29 01:51:17,Transfer,1355.98,Card,Success,INR
T003350,A00293,M0079,2024-09-14 17:10:10,Refund,358.0,UPI,Success,INR
T003351,A00210,M0036,2025-09-30 13:59:17,Bill_Payment,803.1,ATM,Failed,INR
T003352,A00446,M0055,2024-10-08 15:30:12,Purchase,691.47,NetBanking,Success,INR
T003353,A00218,M0044,2024-03-28 11:33:36,Withdrawal,492.92,UPI,Success,INR
T003354,A00241,M0027,2024-07-22 17:01:24,Purchase,653.71,Card,Success,INR
T003355,A00374,M0077,2024-01-16 13:49:01,Transfer,293.53,UPI,Success,INR
T003356,A00200,M0078,2024-05-30 14:51:18,Transfer,2429.76,UPI,Success,INR
T003357,A00216,M0054,2024-09-10 15:00:56,Transfer,422.83,UPI,Success,INR
T003358,A00205,M0048,2024-07-06 12:38:54,Bill_Payment,2280.04,Card,Success,INR
T003359,A00413,M0030,2024-11-24 21:57:36,Withdrawal,3619.41,UPI,Success,INR
T003360,A00416,M0039,2025-06-27 17:49:22,Bill_Payment,550.3,Card,Success,INR
T003361,A00216,M0013,2025-01-31 12:25:11,Purchase,665.77,Card,Success,INR
T003362,A00080,M0016,2025-05-31 06:20:05,Purchase,1717.61,Card,Success,INR
T003363,A00267,M0044,2025-04-03 05:35:43,Transfer,740.38,UPI,Success,INR
T003364,A00390,M0071,2024-11-25 21:03:48,Refund,533.88,UPI,Success,INR
T003365,A00379,M0027,2024-06-17 17:21:13,Purchase,1630.86,UPI,Success,INR
T003366,A00035,M0045,2025-11-23 04:26:57,Purchase,563.09,UPI,Success,INR
T003367,A00289,M0035,2024-12-31 17:33:22,Purchase,7509.86,Card,Success,INR
T003368,A00018,M0079,2024-06-26 11:30:23,Transfer,1818.09,Wallet,Success,INR
T003369,A00165,M0028,2025-10-16 11:35:13,Bill_Payment,2002.95,UPI,Success,INR
T003370,A00013,M0099,2024-12-27 20:38:30,Withdrawal,1011.5,Card,Success,INR
T003371,A00202,M0007,2025-09-30 00:36:45,Refund,5864.56,UPI,Success,INR
T003372,A00229,M0062,2024-02-09 14:47:46,Withdrawal,562.07,UPI,Success,INR
T003373,A00346,M0051,2025-02-19 03:25:42,Purchase,2174.6,Card,Success,INR
T003374,A00366,M0046,2024-12-20 19:19:23,Transfer,328.86,NetBanking,Success,INR
T003375,A00448,M0020,2024-09-11 17:33:10,Transfer,8640.86,Wallet,Success,INR
T003376,A00001,M0096,2024-05-22 22:44:23,Refund,2293.68,NetBanking,Success,INR
T003377,A00319,M0038,2025-12-10 05:53:20,Purchase,470.65,UPI,Success,INR
T003378,A00217,M0061,2025-07-30 01:59:48,Purchase,1760.13,Card,Success,INR
T003379,A00034,M0032,2024-01-11 00:46:48,Purchase,2853.99,NetBanking,Success,INR
T003380,A00359,M0026,2025-09-11 03:50:51,Transfer,490.47,Card,Success,INR
T003381,A00266,M0058,2024-01-26 22:28:10,Purchase,724.67,ATM,Success,INR
T003382,A00128,M0039,2025-02-24 18:02:08,Transfer,448.47,UPI,Pending,INR
T003383,A00212,M0020,2025-10-24 04:10:58,Bill_Payment,1687.42,NetBanking,Success,INR
T003384,A00263,M0082,2024-08-08 04:03:40,Purchase,1291.98,UPI,Success,INR
T003385,A00312,M0050,2025-05-10 14:39:15,Transfer,1128.08,Card,Success,INR
T003386,A00080,M0079,2024-08-24 17:29:55,Bill_Payment,531.14,Card,Success,INR
T003387,A00165,M0052,2024-08-24 10:11:21,Transfer,910.31,UPI,Success,INR
T003388,A00413,M0086,2024-08-06 17:55:09,Purchase,575.85,ATM,Success,INR
T003389,A00252,M0022,2025-05-01 23:08:59,Purchase,1696.34,UPI,Success,INR
T003390,A00012,M0053,2025-04-05 18:48:23,Transfer,425.14,UPI,Success,INR
T003391,A00401,M0085,2025-10-24 18:48:00,Purchase,534.3,Wallet,Success,INR
T003392,A00304,M0066,2025-09-26 18:48:23,Transfer,2284.22,UPI,Success,INR
T003393,A00212,M0043,2024-05-23 11:42:16,Refund,738.11,UPI,Failed,INR
T003394,A00282,M0082,2024-07-07 23:04:46,Transfer,5349.83,NetBanking,Success,INR
T003395,A00112,M0023,2024-09-11 10:05:43,Purchase,1308.27,NetBanking,Success,INR
T003396,A00211,M0077,2024-03-08 05:04:14,Purchase,214.45,ATM,Failed,INR
T003397,A00378,M0064,2025-09-07 17:01:13,Bill_Payment,332.99,NetBanking,Success,INR
T003398,A00239,M0009,2024-12-01 16:33:31,Bill_Payment,644.67,NetBanking,Success,INR
T003399,A00268,M0007,2025-11-01 16:40:02,Purchase,2139.71,Wallet,Success,INR
T003400,A00405,M0041,2025-02-12 23:48:03,Purchase,1952.83,Card,Success,INR
T003401,A00298,M0054,2024-10-26 03:35:26,Withdrawal,709.61,UPI,Success,INR
T003402,A00317,M0065,2025-08-24 17:51:04,Purchase,3324.69,NetBanking,Success,INR
T003403,A00058,M0002,2024-12-22 07:39:23,Purchase,1474.18,UPI,Success,INR
T003404,A00438,M0004,2024-09-12 08:31:28,Purchase,822.86,UPI,Success,INR
T003405,A00034,M0078,2024-12-18 09:28:50,Purchase,3152.0,NetBanking,Success,INR
T003406,A00263,M0032,2025-06-04 00:15:25,Purchase,530.24,ATM,Success,INR
T003407,A00365,M0100,2025-06-07 14:19:55,Purchase,1807.33,UPI,Success,INR
T003408,A00035,M0002,2025-11-24 04:32:01,Purchase,1981.2,UPI,Pending,INR
T003409,A00271,M0064,2024-10-10 02:59:29,Transfer,1913.31,Card,Success,INR
T003410,A00449,M0014,2024-11-07 10:12:28,Transfer,953.34,UPI,Failed,INR
T003411,A00227,M0020,2024-04-08 11:07:08,Purchase,2401.51,UPI,Success,INR
T003412,A00025,M0089,2024-07-15 04:29:11,Bill_Payment,5752.7,Card,Success,INR
T003413,A00234,M0049,2025-04-26 21:08:53,Purchase,953.59,UPI,Success,INR
T003414,A00059,M0008,2024-08-13 09:29:47,Purchase,1165.33,UPI,Success,INR
T003415,A00251,M0092,2025-09-06 12:10:35,Purchase,2521.5,Wallet,Success,INR
T003416,A00335,M0063,2025-09-09 00:00:59,Transfer,863.4,NetBanking,Success,INR
T003417,A00086,M0046,2024-12-30 23:48:37,Purchase,842.44,UPI,Success,INR
T003418,A00251,M0021,2025-01-02 07:33:55,Purchase,386.03,Card,Success,INR
T003419,A00390,M0087,2025-07-23 18:38:34,Transfer,232.36,UPI,Failed,INR
T003420,A00180,M0032,2025-08-12 12:36:06,Transfer,394.91,ATM,Success,INR
T003421,A00207,M0008,2024-03-15 22:39:43,Withdrawal,2383.82,UPI,Success,INR
T003422,A00344,M0095,2024-02-11 08:56:00,Withdrawal,434.88,Wallet,Success,INR
T003423,A00149,M0016,2025-02-25 01:27:57,Refund,1699.06,NetBanking,Success,INR
T003424,A00071,M0040,2024-06-29 00:29:40,Purchase,4174.71,Card,Pending,INR
T003425,A00121,M0027,2025-06-28 12:56:19,Purchase,1264.95,UPI,Success,INR
T003426,A00253,M0018,2024-03-11 16:52:30,Refund,495.64,Wallet,Success,INR
T003427,A00093,M0035,2025-07-21 15:48:22,Transfer,973.54,UPI,Success,INR
T003428,A00256,M0052,2024-04-14 22:16:38,Withdrawal,1543.56,UPI,Success,INR
T003429,A00254,M0015,2024-07-18 08:56:01,Purchase,1550.72,UPI,Success,INR
T003430,A00352,M0063,2024-04-10 12:21:39,Purchase,1218.47,Card,Pending,INR
T003431,A00288,M0053,2024-11-02 08:51:26,Purchase,1936.24,UPI,Success,INR
T003432,A00309,M0091,2025-08-08 02:26:40,Purchase,2696.3,ATM,Failed,INR
T003433,A00059,M0081,2025-11-13 13:44:20,Purchase,712.06,UPI,Success,INR
T003434,A00069,M0066,2025-01-11 19:42:55,Purchase,3882.61,NetBanking,Success,INR
T003435,A00446,M0031,2025-10-16 19:24:03,Transfer,1475.35,UPI,Success,INR
T003436,A00388,M0061,2025-11-08 00:39:24,Purchase,148.0,UPI,Success,INR
T003437,A00086,M0064,2025-02-02 04:36:08,Purchase,926.05,UPI,Success,INR
T003438,A00274,M0098,2024-08-08 10:34:52,Purchase,938.06,ATM,Success,INR
T003439,A00227,M0034,2025-08-17 19:43:39,Purchase,2899.02,UPI,Success,INR
T003440,A00081,M0055,2024-06-30 17:24:39,Purchase,649.93,NetBanking,Success,INR
T003441,A00114,M0059,2024-11-02 18:16:21,Purchase,1254.19,UPI,Success,INR
T003442,A00184,M0003,2025-06-05 02:20:30,Purchase,305.76,NetBanking,Success,INR
T003443,A00280,M0017,2025-01-30 20:28:39,Withdrawal,519.46,UPI,Success,INR
T003444,A00322,M0078,2024-01-04 10:44:52,Purchase,2246.84,UPI,Success,INR
T003445,A00397,M0078,2024-10-07 08:21:26,Withdrawal,365.32,Card,Success,INR
T003446,A00318,M0046,2024-08-02 13:47:51,Bill_Payment,2615.88,UPI,Success,INR
T003447,A00054,M0038,2025-09-01 03:51:41,Transfer,3059.37,Card,Success,INR
T003448,A00399,M0035,2025-02-23 01:05:07,Purchase,3351.73,UPI,Success,INR
T003449,A00197,M0001,2024-04-10 07:56:44,Purchase,4406.29,NetBanking,Success,INR
T003450,A00387,M0029,2025-06-04 10:31:09,Transfer,2203.2,UPI,Success,INR
T003451,A00293,M0004,2025-07-26 04:02:17,Refund,1608.26,UPI,Success,INR
T003452,A00293,M0061,2024-11-04 03:28:21,Refund,1915.38,NetBanking,Success,INR
T003453,A00387,M0097,2025-10-19 10:22:51,Purchase,1169.3,UPI,Success,INR
T003454,A00447,M0017,2025-05-24 10:13:41,Transfer,783.49,Card,Success,INR
T003455,A00291,M0028,2024-03-03 01:41:13,Bill_Payment,2193.16,Card,Success,INR
T003456,A00180,M0050,2025-09-24 16:56:45,Bill_Payment,1642.81,Wallet,Success,INR
T003457,A00380,M0090,2024-08-13 21:08:17,Purchase,2421.83,UPI,Success,INR
T003458,A00412,M0008,2024-04-14 05:01:41,Purchase,908.92,Card,Success,INR
T003459,A00222,M0034,2025-02-28 08:43:46,Purchase,983.86,UPI,Success,INR
T003460,A00274,M0059,2024-09-11 02:01:53,Transfer,1326.56,UPI,Success,INR
T003461,A00378,M0018,2025-03-04 08:32:53,Withdrawal,978.5,Card,Success,INR
T003462,A00244,M0095,2025-03-09 07:46:43,Refund,14152.42,UPI,Success,INR
T003463,A00420,M0059,2024-07-25 16:34:28,Bill_Payment,6254.19,Card,Success,INR
T003464,A00417,M0027,2024-01-28 19:47:30,Purchase,1100.88,Card,Success,INR
T003465,A00448,M0016,2025-11-12 11:44:54,Withdrawal,974.78,Card,Success,INR
T003466,A00154,M0010,2024-12-01 03:46:22,Purchase,1638.32,UPI,Pending,INR
T003467,A00304,M0076,2025-08-10 03:49:20,Transfer,745.09,UPI,Success,INR
T003468,A00424,M0022,2025-09-19 19:56:31,Transfer,733.88,UPI,Success,INR
T003469,A00273,M0016,2024-03-09 22:49:18,Purchase,1139.81,UPI,Success,INR
T003470,A00424,M0012,2025-05-27 09:59:43,Purchase,785.06,UPI,Success,INR
T003471,A00135,M0075,2024-06-15 11:11:49,Purchase,1293.87,UPI,Success,INR
T003472,A00313,M0084,2025-12-30 08:15:15,Purchase,1530.09,Card,Success,INR
T003473,A00008,M0051,2025-01-02 10:06:55,Bill_Payment,62.55,UPI,Success,INR
T003474,A00128,M0001,2024-09-07 14:19:41,Purchase,193.69,NetBanking,Pending,INR
T003475,A00373,M0027,2025-11-16 01:00:52,Purchase,511.36,ATM,Success,INR
T003476,A00056,M0067,2024-06-18 07:18:17,Purchase,1410.5,UPI,Success,INR
T003477,A00126,M0012,2024-03-30 03:53:48,Bill_Payment,548.05,UPI,Success,INR
T003478,A00159,M0030,2025-07-14 03:50:03,Purchase,8769.99,Card,Success,INR
T003479,A00059,M0009,2025-03-21 01:45:07,Purchase,2453.24,UPI,Success,INR
T003480,A00058,M0053,2024-10-20 08:42:05,Withdrawal,6389.76,NetBanking,Success,INR
T003481,A00140,M0061,2024-05-29 16:16:56,Purchase,2465.52,UPI,Success,INR
T003482,A00176,M0054,2024-05-11 16:48:03,Purchase,263.63,UPI,Success,INR
T003483,A00415,M0037,2025-03-08 08:46:14,Withdrawal,384.13,UPI,Success,INR
T003484,A00108,M0065,2024-02-28 23:33:18,Purchase,692.11,UPI,Success,INR
T003485,A00211,M0042,2024-07-17 18:37:51,Bill_Payment,373.76,UPI,Success,INR
T003486,A00447,M0049,2024-08-02 04:08:52,Transfer,2901.86,UPI,Success,INR
T003487,A00074,M0004,2025-07-14 04:22:29,Transfer,950.84,UPI,Failed,INR
T003488,A00167,M0064,2025-04-16 02:25:27,Purchase,1318.93,Card,Success,INR
T003489,A00404,M0079,2024-09-03 15:23:26,Bill_Payment,3785.4,UPI,Success,INR
T003490,A00357,M0051,2025-01-16 04:48:52,Transfer,6210.82,NetBanking,Success,INR
T003491,A00304,M0091,2024-08-26 03:00:34,Purchase,858.98,UPI,Success,INR
T003492,A00233,M0072,2025-01-01 05:38:45,Purchase,321.14,UPI,Success,INR
T003493,A00327,M0060,2024-06-16 02:33:33,Purchase,376.37,UPI,Success,INR
T003494,A00372,M0087,2025-07-13 00:23:23,Withdrawal,3085.49,NetBanking,Success,INR
T003495,A00182,M0079,2024-02-20 15:49:31,Bill_Payment,1392.76,Card,Success,INR
T003496,A00122,M0091,2025-09-01 15:00:30,Transfer,492.24,UPI,Success,INR
T003497,A00334,M0031,2025-12-28 20:17:22,Transfer,2073.84,UPI,Success,INR
T003498,A00203,M0072,2025-11-19 02:06:31,Purchase,416.3,ATM,Success,INR
T003499,A00029,M0094,2025-01-14 03:36:36,Transfer,222.48,NetBanking,Success,INR
T003500,A00202,M0058,2025-04-18 14:34:45,Refund,180.02,UPI,Success,INR
T003501,A00093,M0082,2024-03-20 13:17:10,Purchase,298.46,Card,Success,INR
T003502,A00329,M0004,2025-11-27 09:32:50,Purchase,3107.53,UPI,Success,INR
T003503,A00356,M0022,2025-01-01 15:59:32,Purchase,913.88,UPI,Success,INR
T003504,A00176,M0003,2025-04-05 21:56:48,Purchase,1063.78,NetBanking,Success,INR
T003505,A00330,M0079,2025-06-22 08:04:58,Transfer,1297.6,NetBanking,Success,INR
T003506,A00211,M0099,2025-03-27 17:06:01,Bill_Payment,441.67,UPI,Success,INR
T003507,A00184,M0047,2025-04-08 00:36:36,Purchase,712.16,NetBanking,Success,INR
T003508,A00095,M0038,2025-04-22 03:04:51,Purchase,776.6,Card,Success,INR
T003509,A00273,M0033,2025-02-23 22:22:56,Transfer,474.43,UPI,Success,INR
T003510,A00137,M0078,2025-12-07 18:07:34,Bill_Payment,708.21,UPI,Success,INR
T003511,A00237,M0048,2024-08-01 13:41:02,Purchase,982.9,Card,Success,INR
T003512,A00353,M0065,2025-01-03 01:40:23,Purchase,877.36,UPI,Success,INR
T003513,A00418,M0026,2024-04-23 05:42:23,Purchase,1619.49,Card,Failed,INR
T003514,A00429,M0008,2025-05-17 16:40:29,Purchase,708.35,UPI,Success,INR
T003515,A00265,M0050,2025-09-27 11:45:37,Bill_Payment,4404.41,UPI,Failed,INR
T003516,A00135,M0080,2025-08-10 11:13:29,Purchase,432.91,Wallet,Success,INR
T003517,A00144,M0038,2024-11-06 19:35:40,Transfer,680.44,ATM,Success,INR
T003518,A00019,M0010,2025-04-13 02:46:03,Transfer,1563.38,Card,Success,INR
T003519,A00231,M0042,2025-12-08 03:49:56,Purchase,1911.89,Card,Success,INR
T003520,A00134,M0037,2024-02-13 11:22:52,Purchase,370.36,NetBanking,Success,INR
T003521,A00114,M0026,2025-02-18 20:10:13,Bill_Payment,999.78,Card,Success,INR
T003522,A00139,M0092,2025-11-28 21:41:02,Transfer,2252.01,UPI,Success,INR
T003523,A00125,M0012,2024-09-02 00:54:21,Withdrawal,259.22,UPI,Success,INR
T003524,A00204,M0084,2024-03-24 04:44:06,Transfer,1013.3,Card,Success,INR
T003525,A00061,M0049,2024-07-25 03:43:17,Refund,287.66,UPI,Success,INR
T003526,A00250,M0014,2024-05-30 16:47:16,Purchase,527.61,UPI,Success,INR
T003527,A00298,M0046,2025-10-29 07:09:17,Purchase,1184.42,NetBanking,Success,INR
T003528,A00013,M0035,2025-06-11 04:14:59,Purchase,901.81,UPI,Success,INR
T003529,A00396,M0029,2024-06-13 00:31:42,Purchase,392.86,UPI,Pending,INR
T003530,A00255,M0012,2024-05-24 11:46:39,Purchase,3292.04,UPI,Success,INR
T003531,A00085,M0082,2024-02-06 13:25:30,Refund,812.17,UPI,Success,INR
T003532,A00020,M0044,2024-11-28 12:51:48,Bill_Payment,1798.85,NetBanking,Success,INR
T003533,A00050,M0066,2025-02-06 01:04:06,Purchase,4236.9,Card,Success,INR
T003534,A00164,M0002,2025-02-17 03:25:59,Purchase,596.59,NetBanking,Success,INR
T003535,A00092,M0059,2024-02-14 13:42:56,Purchase,1908.45,Card,Success,INR
T003536,A00088,M0017,2025-02-05 18:54:16,Bill_Payment,1593.44,Card,Success,INR
T003537,A00069,M0010,2024-07-24 11:20:32,Purchase,314.0,Card,Success,INR
T003538,A00037,M0018,2024-03-02 05:34:58,Transfer,3250.33,UPI,Success,INR
T003539,A00253,M0022,2025-02-23 13:52:42,Bill_Payment,1200.92,Card,Success,INR
T003540,A00252,M0083,2025-04-12 09:58:05,Purchase,678.88,Card,Success,INR
T003541,A00140,M0058,2024-01-19 05:52:37,Bill_Payment,255.27,ATM,Success,INR
T003542,A00355,M0053,2024-12-30 13:26:12,Purchase,348.33,Wallet,Success,INR
T003543,A00381,M0001,2024-10-26 05:27:54,Withdrawal,994.59,UPI,Success,INR
T003544,A00168,M0088,2024-01-07 08:59:17,Purchase,328.96,UPI,Success,INR
T003545,A00054,M0061,2025-03-03 03:29:38,Purchase,1938.12,Card,Success,INR
T003546,A00386,M0100,2024-04-26 00:37:31,Refund,779.68,UPI,Success,INR
T003547,A00178,M0089,2025-08-02 21:57:29,Transfer,269.0,UPI,Success,INR
T003548,A00297,M0100,2025-05-21 10:23:49,Purchase,603.86,UPI,Success,INR
T003549,A00301,M0031,2025-06-29 13:01:11,Purchase,421.32,UPI,Success,INR
T003550,A00359,M0031,2025-12-06 07:04:59,Purchase,364.41,UPI,Success,INR
T003551,A00106,M0066,2024-11-20 01:47:01,Withdrawal,149.36,Card,Success,INR
T003552,A00137,M0019,2024-02-24 14:30:04,Purchase,1199.38,ATM,Success,INR
T003553,A00190,M0053,2024-02-11 06:49:51,Bill_Payment,464.77,UPI,Success,INR
T003554,A00128,M0076,2024-10-23 16:55:40,Purchase,5936.99,UPI,Success,INR
T003555,A00342,M0074,2024-08-18 23:59:31,Purchase,2679.32,Card,Success,INR
T003556,A00047,M0095,2025-03-28 03:23:22,Withdrawal,4761.56,UPI,Success,INR
T003557,A00005,M0022,2025-01-28 05:21:30,Transfer,2088.08,Wallet,Pending,INR
T003558,A00257,M0023,2025-06-05 05:02:10,Bill_Payment,647.96,UPI,Success,INR
T003559,A00300,M0087,2024-12-23 10:17:57,Transfer,1468.03,ATM,Success,INR
T003560,A00150,M0015,2025-03-19 05:23:16,Purchase,835.07,UPI,Success,INR
T003561,A00294,M0026,2024-05-07 16:54:08,Transfer,1490.05,NetBanking,Success,INR
T003562,A00243,M0003,2025-11-21 23:11:28,Purchase,2445.85,Card,Success,INR
T003563,A00275,M0087,2025-02-08 16:48:50,Purchase,1877.55,Wallet,Success,INR
T003564,A00208,M0020,2025-01-26 17:51:14,Purchase,1104.9,Card,Success,INR
T003565,A00415,M0040,2024-07-11 07:32:02,Transfer,1163.57,Card,Success,INR
T003566,A00115,M0039,2025-08-26 08:09:41,Purchase,1336.27,Card,Pending,INR
T003567,A00195,M0072,2024-03-18 12:37:15,Purchase,2966.86,NetBanking,Success,INR
T003568,A00343,M0018,2024-03-25 06:27:47,Purchase,705.78,Wallet,Pending,INR
T003569,A00170,M0041,2024-01-30 17:12:58,Purchase,868.84,UPI,Success,INR
T003570,A00379,M0070,2025-12-25 01:58:08,Purchase,694.56,UPI,Success,INR
T003571,A00082,M0027,2024-02-18 03:33:42,Purchase,1240.87,UPI,Success,INR
T003572,A00154,M0100,2024-05-24 13:56:56,Purchase,1945.0,UPI,Failed,INR
T003573,A00141,M0015,2024-03-09 10:09:49,Purchase,1436.1,NetBanking,Failed,INR
T003574,A00314,M0037,2024-02-27 18:07:42,Purchase,1041.16,UPI,Success,INR
T003575,A00146,M0058,2025-11-27 16:05:11,Bill_Payment,2879.85,Card,Success,INR
T003576,A00323,M0005,2025-07-27 00:23:56,Transfer,536.57,Card,Failed,INR
T003577,A00122,M0073,2025-04-23 17:10:54,Transfer,284.34,NetBanking,Success,INR
T003578,A00252,M0007,2025-03-20 17:11:28,Bill_Payment,1464.69,Card,Success,INR
T003579,A00343,M0041,2024-10-22 07:34:41,Purchase,1057.61,UPI,Success,INR
T003580,A00387,M0084,2025-11-08 23:26:43,Purchase,943.49,ATM,Success,INR
T003581,A00311,M0010,2024-06-19 14:59:12,Bill_Payment,334.45,UPI,Success,INR
T003582,A00089,M0062,2025-07-28 06:19:26,Transfer,1311.26,NetBanking,Success,INR
T003583,A00058,M0026,2024-05-26 05:53:33,Refund,5516.87,UPI,Success,INR
T003584,A00063,M0068,2025-04-28 17:17:19,Bill_Payment,330.83,UPI,Success,INR
T003585,A00347,M0024,2024-11-01 06:15:37,Purchase,952.04,Wallet,Success,INR
T003586,A00308,M0078,2025-11-03 00:46:34,Refund,1173.73,NetBanking,Success,INR
T003587,A00382,M0041,2025-10-14 16:26:44,Bill_Payment,735.43,UPI,Success,INR
T003588,A00280,M0065,2025-08-31 08:58:44,Purchase,1271.51,Card,Failed,INR
T003589,A00072,M0017,2025-03-21 15:46:04,Refund,733.39,Card,Success,INR
T003590,A00009,M0024,2024-08-08 08:34:18,Purchase,1259.2,UPI,Success,INR
T003591,A00366,M0027,2025-07-08 11:54:10,Transfer,871.83,NetBanking,Success,INR
T003592,A00421,M0007,2025-01-12 03:36:58,Purchase,675.84,NetBanking,Success,INR
T003593,A00094,M0073,2025-09-11 23:03:37,Purchase,1023.14,Wallet,Success,INR
T003594,A00373,M0099,2024-09-22 14:06:30,Transfer,1691.1,Card,Success,INR
T003595,A00339,M0012,2024-04-04 22:32:00,Purchase,269.96,Card,Success,INR
T003596,A00437,M0085,2024-09-18 02:44:10,Transfer,2047.78,UPI,Success,INR
T003597,A00336,M0003,2024-03-11 12:46:15,Transfer,570.68,UPI,Success,INR
T003598,A00152,M0079,2024-08-06 18:11:50,Purchase,1913.29,UPI,Success,INR
T003599,A00405,M0085,2025-06-16 18:14:56,Purchase,600.16,Wallet,Success,INR
T003600,A00356,M0010,2024-04-01 07:10:32,Transfer,2083.9,UPI,Success,INR
T003601,A00040,M0033,2024-05-06 06:54:46,Bill_Payment,1049.37,UPI,Success,INR
T003602,A00359,M0046,2024-03-20 02:20:18,Transfer,475.1,Card,Success,INR
T003603,A00062,M0059,2024-08-25 01:58:01,Transfer,738.85,UPI,Success,INR
T003604,A00254,M0052,2025-01-06 02:48:34,Transfer,3210.88,Wallet,Success,INR
T003605,A00069,M0006,2025-04-30 05:12:02,Purchase,1149.0,UPI,Success,INR
T003606,A00398,M0002,2025-11-24 04:59:45,Purchase,726.16,NetBanking,Success,INR
T003607,A00245,M0029,2024-01-25 01:38:08,Refund,3060.96,UPI,Success,INR
T003608,A00365,M0040,2024-06-04 19:14:14,Withdrawal,2367.64,UPI,Success,INR
T003609,A00170,M0097,2025-05-31 23:17:25,Purchase,514.81,NetBanking,Success,INR
T003610,A00178,M0061,2025-09-23 05:21:39,Purchase,912.29,Card,Success,INR
T003611,A00189,M0068,2025-06-13 15:34:10,Transfer,224.47,UPI,Success,INR
T003612,A00260,M0068,2025-12-10 06:07:16,Transfer,2403.68,UPI,Success,INR
T003613,A00072,M0029,2024-02-26 23:43:41,Purchase,1100.65,UPI,Success,INR
T003614,A00017,M0062,2025-08-27 08:09:06,Transfer,2004.49,UPI,Success,INR
T003615,A00370,M0060,2024-01-19 07:24:51,Purchase,192.69,Card,Success,INR
T003616,A00341,M0084,2025-01-18 04:59:46,Purchase,851.69,Card,Success,INR
T003617,A00057,M0041,2024-07-11 07:44:06,Bill_Payment,1275.16,UPI,Success,INR
T003618,A00218,M0087,2024-08-24 13:47:45,Purchase,162.97,UPI,Success,INR
T003619,A00107,M0082,2025-01-21 11:30:01,Refund,1979.73,Card,Failed,INR
T003620,A00304,M0089,2025-03-01 20:28:48,Purchase,819.65,UPI,Success,INR
T003621,A00428,M0065,2024-10-03 13:54:14,Purchase,226.05,Card,Success,INR
T003622,A00173,M0064,2024-08-14 10:41:27,Purchase,690.17,Card,Success,INR
T003623,A00219,M0079,2025-07-05 02:36:52,Withdrawal,1654.1,UPI,Success,INR
T003624,A00247,M0063,2024-11-18 22:38:19,Withdrawal,482.12,UPI,Success,INR
T003625,A00218,M0098,2024-06-01 14:17:53,Purchase,1052.47,UPI,Success,INR
T003626,A00373,M0048,2025-09-30 18:29:13,Purchase,742.62,Card,Success,INR
T003627,A00417,M0020,2024-08-24 01:27:59,Transfer,182.24,Card,Success,INR
T003628,A00031,M0037,2024-02-24 21:05:48,Purchase,1922.63,Card,Success,INR
T003629,A00368,M0064,2025-03-11 02:08:32,Purchase,2268.7,ATM,Success,INR
T003630,A00047,M0091,2025-11-14 04:23:37,Transfer,3083.62,Card,Success,INR
T003631,A00134,M0086,2024-04-18 14:57:12,Transfer,1105.56,NetBanking,Pending,INR
T003632,A00108,M0005,2024-07-02 15:37:04,Purchase,1696.2,UPI,Success,INR
T003633,A00072,M0034,2025-01-02 01:50:24,Purchase,256.56,UPI,Success,INR
T003634,A00327,M0039,2024-07-16 08:05:26,Purchase,1361.19,UPI,Success,INR
T003635,A00418,M0067,2025-01-05 22:48:35,Purchase,823.73,Card,Success,INR
T003636,A00108,M0081,2025-01-07 22:24:27,Transfer,1023.25,UPI,Success,INR
T003637,A00309,M0062,2025-05-11 10:24:22,Bill_Payment,401.17,Card,Success,INR
T003638,A00398,M0088,2025-08-21 16:17:56,Purchase,3012.11,Card,Success,INR
T003639,A00272,M0024,2024-07-19 13:00:15,Purchase,248.17,UPI,Success,INR
T003640,A00171,M0003,2025-05-23 07:14:53,Purchase,1400.82,Card,Success,INR
T003641,A00116,M0071,2024-11-17 09:02:05,Bill_Payment,480.22,UPI,Success,INR
T003642,A00329,M0089,2024-10-01 08:03:50,Purchase,7381.55,Card,Success,INR
T003643,A00074,M0067,2024-07-29 12:14:27,Refund,2050.48,NetBanking,Success,INR
T003644,A00256,M0079,2025-05-18 01:26:47,Purchase,1068.86,NetBanking,Success,INR
T003645,A00081,M0093,2024-04-27 21:13:53,Purchase,434.79,UPI,Success,INR
T003646,A00268,M0050,2025-12-03 07:23:59,Purchase,2443.11,UPI,Success,INR
T003647,A00128,M0029,2025-07-07 00:46:32,Transfer,58.08,UPI,Success,INR
T003648,A00326,M0074,2024-02-11 00:07:00,Transfer,1549.6,UPI,Success,INR
T003649,A00403,M0032,2024-11-10 05:19:58,Transfer,1736.0,ATM,Success,INR
T003650,A00235,M0087,2024-11-24 09:53:28,Purchase,1646.76,UPI,Success,INR
T003651,A00041,M0039,2024-01-17 12:50:05,Purchase,2331.02,Wallet,Success,INR
T003652,A00181,M0009,2024-10-09 23:02:31,Purchase,659.53,Wallet,Success,INR
T003653,A00157,M0014,2024-09-14 04:57:55,Purchase,1797.91,UPI,Success,INR
T003654,A00059,M0068,2025-07-28 19:35:11,Purchase,600.05,UPI,Failed,INR
T003655,A00345,M0064,2025-07-27 05:55:31,Transfer,519.39,NetBanking,Success,INR
T003656,A00249,M0020,2025-09-03 04:41:33,Purchase,433.07,UPI,Success,INR
T003657,A00192,M0028,2024-01-19 18:01:53,Purchase,874.12,Card,Success,INR
T003658,A00024,M0014,2025-06-12 05:04:03,Purchase,2981.26,UPI,Success,INR
T003659,A00400,M0044,2025-02-26 04:18:55,Purchase,5133.63,UPI,Success,INR
T003660,A00436,M0098,2025-04-10 17:33:23,Transfer,859.73,UPI,Success,INR
T003661,A00080,M0077,2025-01-07 19:36:37,Purchase,613.71,UPI,Success,INR
T003662,A00134,M0095,2024-03-21 18:43:14,Purchase,3628.19,Card,Failed,INR
T003663,A00421,M0097,2025-07-04 07:04:49,Bill_Payment,1619.84,ATM,Failed,INR
T003664,A00213,M0039,2025-07-01 22:00:14,Purchase,1125.69,UPI,Success,INR
T003665,A00388,M0028,2025-02-27 23:34:46,Purchase,405.37,Card,Success,INR
T003666,A00348,M0064,2025-03-04 03:42:26,Bill_Payment,3977.99,UPI,Success,INR
T003667,A00166,M0089,2025-01-22 13:20:05,Purchase,1193.11,UPI,Success,INR
T003668,A00425,M0032,2025-12-09 01:52:53,Bill_Payment,1096.79,Card,Success,INR
T003669,A00348,M0009,2025-10-31 20:55:24,Purchase,1785.6,NetBanking,Success,INR
T003670,A00337,M0028,2024-07-22 08:59:03,Transfer,1118.46,UPI,Pending,INR
T003671,A00398,M0095,2024-07-14 20:46:23,Transfer,4134.71,NetBanking,Success,INR
T003672,A00071,M0017,2025-12-28 12:46:03,Bill_Payment,2726.08,NetBanking,Success,INR
T003673,A00214,M0087,2024-10-11 11:39:43,Transfer,661.69,UPI,Success,INR
T003674,A00435,M0077,2024-07-14 09:59:32,Purchase,1185.84,Card,Success,INR
T003675,A00065,M0055,2024-11-02 04:42:39,Transfer,647.5,UPI,Success,INR
T003676,A00221,M0010,2025-10-25 09:28:53,Purchase,6005.48,Card,Success,INR
T003677,A00308,M0080,2024-01-14 14:12:30,Transfer,572.15,Card,Success,INR
T003678,A00286,M0006,2024-05-25 06:02:14,Purchase,985.23,UPI,Success,INR
T003679,A00185,M0048,2024-02-26 04:50:00,Transfer,1521.62,NetBanking,Success,INR
T003680,A00207,M0075,2025-12-23 05:33:22,Transfer,1728.74,Card,Success,INR
T003681,A00099,M0067,2024-07-28 10:08:12,Bill_Payment,2012.48,NetBanking,Success,INR
T003682,A00242,M0092,2025-06-12 08:34:35,Purchase,2254.92,UPI,Success,INR
T003683,A00158,M0041,2024-12-09 06:57:26,Withdrawal,2045.86,NetBanking,Success,INR
T003684,A00098,M0079,2025-12-15 06:34:24,Purchase,742.72,UPI,Success,INR
T003685,A00042,M0060,2025-09-02 06:47:33,Purchase,670.67,NetBanking,Success,INR
T003686,A00139,M0077,2024-10-05 01:19:06,Transfer,1135.02,Card,Success,INR
T003687,A00283,M0042,2024-07-27 03:40:17,Transfer,667.45,UPI,Success,INR
T003688,A00408,M0081,2025-10-02 17:33:04,Transfer,606.71,UPI,Success,INR
T003689,A00227,M0071,2024-11-30 11:37:15,Withdrawal,750.14,NetBanking,Success,INR
T003690,A00423,M0028,2024-10-14 02:32:13,Purchase,7272.98,Card,Success,INR
T003691,A00072,M0013,2024-09-08 11:15:33,Transfer,4400.36,ATM,Success,INR
T003692,A00243,M0081,2024-09-21 01:30:04,Purchase,884.25,UPI,Success,INR
T003693,A00018,M0015,2024-09-27 09:15:39,Purchase,170.74,Card,Success,INR
T003694,A00077,M0036,2025-11-30 07:58:45,Purchase,644.67,Card,Success,INR
T003695,A00045,M0092,2025-02-22 20:38:52,Withdrawal,2421.2,Card,Success,INR
T003696,A00371,M0015,2025-12-26 12:36:20,Transfer,268.01,NetBanking,Success,INR
T003697,A00343,M0075,2024-07-29 13:21:13,Purchase,1888.35,UPI,Failed,INR
T003698,A00140,M0056,2024-12-30 16:54:33,Transfer,1782.45,Card,Success,INR
T003699,A00177,M0095,2024-03-16 11:29:01,Purchase,1113.87,Card,Success,INR
T003700,A00222,M0004,2025-10-21 00:20:36,Bill_Payment,1060.14,UPI,Failed,INR
T003701,A00415,M0099,2024-11-16 18:51:56,Transfer,485.84,UPI,Success,INR
T003702,A00092,M0098,2025-12-25 04:02:18,Purchase,2053.17,Card,Success,INR
T003703,A00022,M0052,2025-03-08 03:19:31,Refund,1449.42,UPI,Success,INR
T003704,A00172,M0091,2024-04-18 23:10:53,Purchase,711.54,UPI,Success,INR
T003705,A00092,M0010,2025-10-02 10:44:15,Transfer,541.04,NetBanking,Success,INR
T003706,A00192,M0094,2025-06-05 21:23:42,Purchase,374.62,UPI,Success,INR
T003707,A00077,M0045,2024-02-16 16:53:04,Purchase,1532.06,UPI,Success,INR
T003708,A00281,M0084,2025-01-13 17:01:29,Transfer,914.14,Card,Success,INR
T003709,A00364,M0029,2024-04-05 10:23:30,Purchase,924.69,UPI,Success,INR
T003710,A00179,M0053,2024-04-12 14:15:02,Bill_Payment,269.06,Card,Success,INR
T003711,A00238,M0029,2024-05-25 06:01:43,Purchase,409.26,UPI,Failed,INR
T003712,A00135,M0023,2024-01-27 12:16:31,Purchase,371.09,NetBanking,Success,INR
T003713,A00365,M0057,2025-06-13 15:01:52,Transfer,2190.48,UPI,Success,INR
T003714,A00390,M0050,2025-11-09 03:09:59,Purchase,1279.89,UPI,Success,INR
T003715,A00280,M0021,2024-03-22 03:31:25,Purchase,850.07,Card,Success,INR
T003716,A00019,M0043,2025-03-03 01:14:47,Bill_Payment,2966.1,UPI,Success,INR
T003717,A00083,M0010,2025-08-06 03:20:18,Transfer,2611.59,NetBanking,Success,INR
T003718,A00228,M0076,2025-04-23 08:33:45,Purchase,2965.77,Card,Success,INR
T003719,A00371,M0030,2024-06-10 02:09:10,Transfer,881.97,NetBanking,Failed,INR
T003720,A00265,M0051,2025-02-05 16:22:36,Bill_Payment,307.07,UPI,Success,INR
T003721,A00112,M0033,2025-05-22 13:57:09,Purchase,5094.16,NetBanking,Success,INR
T003722,A00251,M0018,2024-02-07 23:07:00,Transfer,1757.75,Card,Success,INR
T003723,A00164,M0078,2025-05-25 11:58:38,Purchase,1790.84,UPI,Success,INR
T003724,A00358,M0022,2025-01-27 16:33:35,Bill_Payment,2014.81,UPI,Success,INR
T003725,A00168,M0064,2025-12-13 22:12:26,Withdrawal,13189.14,NetBanking,Success,INR
T003726,A00221,M0021,2025-05-08 15:54:50,Bill_Payment,1001.85,Wallet,Success,INR
T003727,A00408,M0001,2024-07-18 04:11:45,Bill_Payment,3995.14,UPI,Success,INR
T003728,A00304,M0015,2024-09-11 05:15:13,Purchase,509.1,Wallet,Success,INR
T003729,A00191,M0036,2024-06-27 13:45:15,Purchase,2284.06,NetBanking,Success,INR
T003730,A00325,M0047,2025-06-30 13:09:02,Purchase,5459.42,UPI,Success,INR
T003731,A00437,M0054,2025-08-16 14:29:44,Purchase,1051.25,Card,Success,INR
T003732,A00438,M0086,2025-01-23 23:07:27,Transfer,194.99,UPI,Failed,INR
T003733,A00170,M0032,2025-02-01 16:48:26,Withdrawal,1826.78,NetBanking,Failed,INR
T003734,A00375,M0058,2024-06-06 06:56:07,Purchase,902.15,Card,Failed,INR
T003735,A00045,M0046,2024-01-04 10:00:23,Purchase,2344.51,UPI,Success,INR
T003736,A00381,M0054,2024-06-15 15:04:48,Withdrawal,720.71,Wallet,Success,INR
T003737,A00014,M0033,2025-04-12 07:23:42,Purchase,9403.37,UPI,Pending,INR
T003738,A00231,M0039,2025-02-12 12:33:21,Purchase,1206.87,NetBanking,Pending,INR
T003739,A00157,M0023,2025-02-15 20:50:33,Transfer,2234.94,UPI,Success,INR
T003740,A00134,M0043,2024-07-22 04:32:30,Purchase,445.98,NetBanking,Success,INR
T003741,A00391,M0055,2024-07-12 15:13:40,Bill_Payment,380.86,Card,Success,INR
T003742,A00037,M0002,2024-08-22 13:31:49,Purchase,341.32,Card,Failed,INR
T003743,A00053,M0066,2025-12-18 07:37:50,Withdrawal,343.39,UPI,Success,INR
T003744,A00018,M0038,2024-05-29 08:34:49,Transfer,2019.52,Wallet,Success,INR
T003745,A00038,M0029,2024-06-07 02:50:24,Purchase,637.33,UPI,Success,INR
T003746,A00187,M0067,2024-10-05 01:31:05,Purchase,349.66,UPI,Success,INR
T003747,A00385,M0071,2025-02-07 22:53:38,Purchase,585.8,UPI,Success,INR
T003748,A00196,M0036,2025-11-08 15:20:14,Purchase,2065.8,NetBanking,Success,INR
T003749,A00243,M0029,2024-11-06 00:49:04,Purchase,2019.93,Card,Success,INR
T003750,A00300,M0037,2024-03-08 06:45:36,Transfer,2689.77,Card,Success,INR
T003751,A00303,M0100,2025-04-07 10:43:44,Transfer,851.18,NetBanking,Success,INR
T003752,A00035,M0087,2024-03-28 18:06:46,Transfer,6617.08,NetBanking,Success,INR
T003753,A00215,M0045,2024-08-04 12:26:04,Purchase,2903.91,UPI,Success,INR
T003754,A00219,M0016,2024-01-01 12:37:00,Transfer,381.17,Card,Success,INR
T003755,A00316,M0031,2024-05-14 18:14:31,Purchase,2277.71,UPI,Success,INR
T003756,A00090,M0034,2025-11-27 04:22:53,Bill_Payment,1115.66,Wallet,Success,INR
T003757,A00308,M0050,2024-12-16 07:20:47,Bill_Payment,945.23,NetBanking,Pending,INR
T003758,A00252,M0065,2024-05-19 01:07:13,Withdrawal,1106.39,NetBanking,Success,INR
T003759,A00008,M0082,2025-09-09 15:30:52,Withdrawal,602.23,NetBanking,Success,INR
T003760,A00256,M0062,2024-05-12 05:41:37,Purchase,2719.21,Card,Success,INR
T003761,A00363,M0043,2025-09-11 22:08:34,Purchase,651.7,UPI,Success,INR
T003762,A00208,M0056,2024-06-26 20:01:22,Bill_Payment,662.39,UPI,Pending,INR
T003763,A00425,M0015,2024-12-23 20:32:12,Purchase,2173.67,UPI,Success,INR
T003764,A00131,M0048,2025-01-14 05:49:38,Purchase,7734.37,Wallet,Success,INR
T003765,A00224,M0049,2025-10-19 03:34:42,Bill_Payment,701.18,Card,Success,INR
T003766,A00197,M0081,2025-03-25 04:42:25,Transfer,357.14,Wallet,Success,INR
T003767,A00142,M0044,2025-08-08 15:41:25,Purchase,3059.05,Wallet,Success,INR
T003768,A00252,M0010,2025-04-07 19:07:30,Purchase,1307.06,NetBanking,Failed,INR
T003769,A00096,M0020,2024-04-17 16:37:50,Purchase,1723.5,Card,Success,INR
T003770,A00026,M0070,2024-05-01 05:09:55,Withdrawal,1131.04,UPI,Success,INR
T003771,A00111,M0008,2024-01-17 23:24:51,Transfer,1871.01,UPI,Success,INR
T003772,A00123,M0045,2024-07-14 17:47:18,Bill_Payment,1521.57,Card,Success,INR
T003773,A00186,M0034,2024-11-22 15:35:26,Withdrawal,684.63,UPI,Success,INR
T003774,A00168,M0096,2024-11-13 09:50:49,Purchase,2066.25,UPI,Success,INR
T003775,A00051,M0051,2025-04-23 05:10:39,Purchase,1720.02,Card,Success,INR
T003776,A00379,M0004,2024-09-08 12:36:10,Transfer,785.19,Wallet,Success,INR
T003777,A00005,M0039,2025-05-17 20:43:48,Bill_Payment,938.5,Wallet,Failed,INR
T003778,A00077,M0084,2024-04-28 19:58:38,Purchase,540.61,UPI,Success,INR
T003779,A00160,M0024,2025-11-04 11:51:50,Bill_Payment,1661.87,Wallet,Success,INR
T003780,A00208,M0088,2025-12-10 15:00:51,Purchase,1678.31,Card,Success,INR
T003781,A00257,M0055,2025-05-12 16:50:39,Purchase,1059.05,NetBanking,Success,INR
T003782,A00205,M0026,2025-04-30 00:52:39,Bill_Payment,393.53,UPI,Success,INR
T003783,A00255,M0025,2024-02-14 19:46:32,Purchase,177.63,NetBanking,Success,INR
T003784,A00438,M0036,2024-11-09 18:36:28,Transfer,890.47,NetBanking,Success,INR
T003785,A00011,M0071,2024-06-27 05:11:46,Purchase,1356.89,Card,Success,INR
T003786,A00437,M0074,2025-02-21 02:44:22,Bill_Payment,1959.04,UPI,Pending,INR
T003787,A00008,M0058,2025-07-09 02:50:19,Bill_Payment,3039.74,NetBanking,Success,INR
T003788,A00409,M0012,2024-03-18 09:35:36,Bill_Payment,795.21,Wallet,Success,INR
T003789,A00424,M0001,2024-11-21 19:53:52,Purchase,264.05,Wallet,Success,INR
T003790,A00032,M0050,2025-11-20 21:29:51,Purchase,690.69,UPI,Success,INR
T003791,A00028,M0025,2024-12-22 17:28:06,Transfer,7823.91,UPI,Success,INR
T003792,A00206,M0080,2025-02-19 22:13:16,Purchase,4816.53,UPI,Pending,INR
T003793,A00387,M0005,2025-05-29 09:25:37,Transfer,1612.08,NetBanking,Success,INR
T003794,A00228,M0083,2024-08-01 05:51:34,Transfer,743.64,NetBanking,Success,INR
T003795,A00128,M0068,2024-03-14 07:45:24,Purchase,1010.14,UPI,Success,INR
T003796,A00255,M0006,2025-07-16 23:08:45,Withdrawal,5131.89,Wallet,Failed,INR
T003797,A00212,M0026,2025-08-01 00:02:03,Bill_Payment,1324.77,Card,Success,INR
T003798,A00239,M0055,2025-05-23 14:45:49,Refund,778.64,UPI,Success,INR
T003799,A00207,M0039,2024-11-27 19:50:45,Purchase,3617.81,UPI,Success,INR
T003800,A00318,M0009,2024-04-02 08:50:54,Purchase,190.01,UPI,Success,INR
T003801,A00283,M0045,2025-11-18 16:53:16,Purchase,444.03,Card,Success,INR
T003802,A00245,M0014,2025-10-18 19:17:12,Purchase,531.42,UPI,Failed,INR
T003803,A00045,M0055,2025-06-02 16:22:48,Purchase,2701.23,Card,Failed,INR
T003804,A00105,M0009,2024-09-25 11:20:34,Refund,662.02,NetBanking,Success,INR
T003805,A00348,M0015,2025-01-10 04:45:11,Purchase,222.35,Card,Success,INR
T003806,A00281,M0037,2024-01-04 20:09:35,Purchase,588.18,UPI,Success,INR
T003807,A00234,M0050,2024-05-17 06:41:39,Purchase,717.76,Card,Success,INR
T003808,A00189,M0084,2024-08-18 19:13:26,Purchase,1032.0,UPI,Success,INR
T003809,A00044,M0072,2025-08-22 13:58:13,Purchase,1230.79,Wallet,Success,INR
T003810,A00225,M0096,2025-06-12 04:10:29,Transfer,2619.94,Card,Success,INR
T003811,A00430,M0021,2024-02-21 08:50:11,Purchase,828.13,UPI,Success,INR
T003812,A00142,M0057,2025-10-07 04:23:13,Purchase,649.06,Card,Success,INR
T003813,A00136,M0019,2025-12-23 13:21:46,Purchase,1143.7,NetBanking,Success,INR
T003814,A00176,M0093,2024-11-20 23:47:42,Transfer,1364.28,UPI,Success,INR
T003815,A00142,M0058,2025-12-17 23:32:44,Purchase,638.3,UPI,Success,INR
T003816,A00449,M0095,2025-12-23 23:22:11,Purchase,236.82,NetBanking,Success,INR
T003817,A00080,M0006,2024-10-03 00:16:12,Bill_Payment,705.63,UPI,Failed,INR
T003818,A00082,M0004,2025-06-19 00:06:00,Purchase,2268.09,UPI,Success,INR
T003819,A00135,M0043,2025-04-30 00:43:52,Transfer,1021.54,Card,Success,INR
T003820,A00207,M0093,2025-05-30 09:59:18,Bill_Payment,3359.23,NetBanking,Success,INR
T003821,A00344,M0042,2024-05-31 22:28:02,Purchase,1723.82,NetBanking,Success,INR
T003822,A00177,M0003,2025-04-27 05:00:08,Bill_Payment,681.89,UPI,Success,INR
T003823,A00383,M0001,2024-09-15 21:34:16,Bill_Payment,4113.93,UPI,Success,INR
T003824,A00243,M0055,2024-11-19 08:24:43,Purchase,501.62,Card,Success,INR
T003825,A00055,M0015,2024-06-16 14:08:28,Bill_Payment,242.83,NetBanking,Success,INR
T003826,A00141,M0047,2025-11-18 02:10:18,Purchase,1494.68,Card,Success,INR
T003827,A00440,M0085,2024-11-05 19:37:35,Purchase,541.59,UPI,Success,INR
T003828,A00056,M0046,2025-04-23 08:29:39,Bill_Payment,1042.1,UPI,Success,INR
T003829,A00015,M0058,2024-02-25 15:19:38,Bill_Payment,417.89,NetBanking,Success,INR
T003830,A00185,M0095,2025-09-11 15:59:44,Transfer,1101.12,Card,Success,INR
T003831,A00314,M0071,2025-04-17 18:03:40,Purchase,1696.49,UPI,Failed,INR
T003832,A00419,M0081,2024-10-22 00:16:15,Transfer,1937.82,UPI,Success,INR
T003833,A00088,M0083,2025-04-05 17:37:59,Transfer,393.68,Wallet,Success,INR
T003834,A00097,M0039,2024-11-19 04:31:05,Purchase,324.18,ATM,Success,INR
T003835,A00144,M0003,2024-05-20 17:38:38,Refund,1568.28,UPI,Success,INR
T003836,A00008,M0030,2025-10-28 01:11:58,Purchase,779.29,UPI,Success,INR
T003837,A00215,M0035,2024-09-18 09:44:41,Purchase,664.42,UPI,Failed,INR
T003838,A00173,M0057,2025-02-23 16:17:29,Purchase,986.5,UPI,Success,INR
T003839,A00223,M0029,2024-08-28 11:57:49,Purchase,940.71,UPI,Success,INR
T003840,A00040,M0050,2024-12-20 21:51:10,Transfer,1535.42,UPI,Success,INR
T003841,A00182,M0062,2025-08-11 21:12:57,Purchase,1700.64,NetBanking,Success,INR
T003842,A00270,M0052,2024-06-28 03:27:07,Withdrawal,2658.46,Card,Success,INR
T003843,A00187,M0014,2024-03-06 11:10:51,Purchase,869.22,NetBanking,Pending,INR
T003844,A00245,M0035,2024-12-13 06:59:25,Purchase,2687.04,NetBanking,Success,INR
T003845,A00309,M0028,2024-06-19 18:41:25,Withdrawal,1860.81,UPI,Success,INR
T003846,A00231,M0058,2025-04-18 18:02:07,Purchase,2406.0,UPI,Success,INR
T003847,A00383,M0030,2025-06-17 20:19:30,Transfer,405.01,Wallet,Success,INR
T003848,A00155,M0090,2025-01-01 21:09:10,Withdrawal,999.49,NetBanking,Success,INR
T003849,A00175,M0007,2024-04-16 06:54:26,Transfer,6037.31,Card,Success,INR
T003850,A00336,M0039,2025-03-14 02:51:22,Transfer,319.24,UPI,Pending,INR
T003851,A00115,M0095,2024-08-14 05:38:39,Bill_Payment,5499.34,Wallet,Pending,INR
T003852,A00390,M0069,2025-03-19 10:12:06,Refund,5284.61,UPI,Success,INR
T003853,A00311,M0035,2025-03-17 04:16:52,Purchase,2119.14,UPI,Success,INR
T003854,A00300,M0052,2025-01-30 20:26:26,Transfer,326.34,Wallet,Success,INR
T003855,A00018,M0014,2025-12-28 06:49:43,Purchase,902.42,NetBanking,Success,INR
T003856,A00272,M0063,2025-08-03 23:12:57,Purchase,2237.94,Card,Success,INR
T003857,A00012,M0036,2024-03-24 17:12:02,Purchase,332.54,UPI,Success,INR
T003858,A00404,M0091,2025-09-06 01:43:05,Refund,2015.47,Card,Failed,INR
T003859,A00301,M0024,2025-07-04 23:59:08,Transfer,1208.57,Card,Success,INR
T003860,A00192,M0040,2024-01-13 15:39:49,Purchase,657.14,NetBanking,Success,INR
T003861,A00232,M0029,2025-11-23 04:50:23,Purchase,400.5,Card,Success,INR
T003862,A00443,M0053,2025-05-07 14:14:28,Bill_Payment,4077.12,ATM,Success,INR
T003863,A00093,M0022,2024-09-24 11:34:04,Purchase,2206.36,UPI,Success,INR
T003864,A00218,M0072,2025-06-08 10:13:06,Purchase,945.34,UPI,Success,INR
T003865,A00278,M0015,2024-04-29 20:58:45,Bill_Payment,1131.55,UPI,Success,INR
T003866,A00353,M0069,2024-12-18 23:15:44,Transfer,861.74,Card,Success,INR
T003867,A00303,M0064,2024-02-26 08:27:57,Purchase,215.52,NetBanking,Failed,INR
T003868,A00029,M0004,2024-02-09 00:59:31,Purchase,3496.93,NetBanking,Success,INR
T003869,A00301,M0075,2024-12-01 05:26:16,Bill_Payment,1335.36,UPI,Failed,INR
T003870,A00077,M0018,2025-10-01 17:25:03,Bill_Payment,2588.78,Wallet,Success,INR
T003871,A00009,M0042,2024-06-21 02:41:20,Purchase,728.65,UPI,Success,INR
T003872,A00024,M0030,2025-06-30 07:08:26,Purchase,1191.45,UPI,Success,INR
T003873,A00015,M0015,2024-09-15 22:10:54,Purchase,1462.54,Card,Success,INR
T003874,A00164,M0070,2025-05-31 23:56:35,Transfer,2773.99,UPI,Success,INR
T003875,A00013,M0055,2025-12-30 17:55:27,Withdrawal,5506.57,Card,Failed,INR
T003876,A00347,M0053,2025-06-06 19:36:05,Purchase,801.21,UPI,Success,INR
T003877,A00172,M0016,2024-04-26 13:27:16,Withdrawal,802.03,UPI,Success,INR
T003878,A00357,M0073,2024-07-02 00:46:14,Transfer,879.07,UPI,Pending,INR
T003879,A00327,M0034,2024-04-25 04:42:52,Withdrawal,641.19,UPI,Success,INR
T003880,A00200,M0027,2024-06-10 03:54:08,Bill_Payment,11870.56,UPI,Success,INR
T003881,A00378,M0013,2025-08-01 22:17:05,Purchase,241.43,UPI,Success,INR
T003882,A00076,M0100,2025-12-12 22:51:13,Purchase,12304.96,NetBanking,Success,INR
T003883,A00164,M0027,2025-06-26 22:39:10,Transfer,1948.48,UPI,Success,INR
T003884,A00372,M0073,2025-08-09 21:18:00,Bill_Payment,1018.09,Card,Success,INR
T003885,A00061,M0069,2024-08-24 16:00:02,Purchase,516.01,Card,Pending,INR
T003886,A00424,M0086,2024-03-06 18:26:43,Bill_Payment,1057.41,NetBanking,Success,INR
T003887,A00245,M0031,2024-03-10 07:33:02,Purchase,660.26,NetBanking,Success,INR
T003888,A00382,M0003,2025-03-22 22:11:16,Purchase,3798.35,UPI,Success,INR
T003889,A00155,M0030,2025-02-19 21:29:33,Purchase,1935.12,UPI,Success,INR
T003890,A00257,M0021,2025-06-15 13:04:19,Refund,4933.6,Card,Success,INR
T003891,A00244,M0099,2025-03-16 02:26:27,Transfer,844.41,NetBanking,Success,INR
T003892,A00162,M0006,2025-04-08 00:06:33,Purchase,1245.4,UPI,Success,INR
T003893,A00068,M0092,2025-01-30 17:09:35,Refund,1004.59,Card,Success,INR
T003894,A00344,M0032,2025-12-11 16:30:54,Withdrawal,783.34,NetBanking,Success,INR
T003895,A00277,M0042,2025-07-04 03:20:56,Bill_Payment,434.36,NetBanking,Success,INR
T003896,A00161,M0062,2025-10-18 17:04:43,Purchase,2095.27,Card,Success,INR
T003897,A00391,M0089,2025-07-10 12:29:17,Purchase,1490.59,UPI,Success,INR
T003898,A00449,M0032,2025-01-29 07:53:49,Transfer,1050.99,UPI,Success,INR
T003899,A00259,M0099,2024-11-21 12:45:09,Withdrawal,1724.43,UPI,Success,INR
T003900,A00307,M0086,2024-03-31 14:41:46,Transfer,756.78,UPI,Success,INR
T003901,A00335,M0088,2024-03-10 23:58:10,Transfer,1111.74,Wallet,Success,INR
T003902,A00095,M0039,2024-06-14 12:19:49,Withdrawal,2382.32,UPI,Success,INR
T003903,A00438,M0064,2025-10-03 05:48:25,Purchase,2694.0,UPI,Success,INR
T003904,A00246,M0030,2024-08-01 14:55:30,Transfer,4338.87,UPI,Success,INR
T003905,A00221,M0063,2025-08-23 15:59:17,Purchase,403.99,Card,Success,INR
T003906,A00123,M0096,2024-11-30 23:55:13,Purchase,461.11,Card,Success,INR
T003907,A00187,M0031,2025-01-03 18:23:19,Purchase,388.88,Card,Success,INR
T003908,A00262,M0087,2025-08-06 13:08:21,Withdrawal,611.92,Wallet,Success,INR
T003909,A00413,M0040,2025-11-07 23:32:32,Bill_Payment,811.04,Card,Success,INR
T003910,A00273,M0033,2024-02-18 13:07:39,Purchase,1625.15,UPI,Success,INR
T003911,A00373,M0063,2024-02-21 20:46:41,Purchase,3127.83,NetBanking,Success,INR
T003912,A00060,M0025,2024-10-15 01:16:14,Purchase,769.34,NetBanking,Success,INR
T003913,A00406,M0036,2025-09-17 15:46:16,Bill_Payment,1838.26,UPI,Success,INR
T003914,A00408,M0024,2024-08-26 06:52:17,Transfer,3464.06,UPI,Success,INR
T003915,A00125,M0095,2024-05-12 06:29:50,Refund,727.98,NetBanking,Success,INR
T003916,A00337,M0058,2024-06-14 14:32:10,Bill_Payment,851.36,UPI,Success,INR
T003917,A00341,M0039,2025-01-08 19:44:42,Purchase,1163.87,Card,Success,INR
T003918,A00051,M0046,2025-01-07 14:54:02,Purchase,242.73,NetBanking,Success,INR
T003919,A00178,M0077,2025-04-22 05:54:40,Transfer,1737.44,UPI,Success,INR
T003920,A00139,M0010,2025-04-23 05:50:37,Purchase,370.79,Card,Failed,INR
T003921,A00440,M0087,2025-10-11 11:16:16,Purchase,2232.18,UPI,Failed,INR
T003922,A00327,M0082,2025-08-13 07:56:04,Purchase,744.08,UPI,Success,INR
T003923,A00170,M0032,2025-11-12 23:43:59,Transfer,692.73,Card,Success,INR
T003924,A00039,M0097,2025-09-26 07:48:07,Transfer,454.51,UPI,Success,INR
T003925,A00069,M0036,2025-11-18 21:10:13,Purchase,1784.51,NetBanking,Success,INR
T003926,A00236,M0028,2024-10-26 03:33:23,Transfer,1774.07,UPI,Success,INR
T003927,A00048,M0016,2024-03-22 12:46:42,Purchase,728.04,UPI,Success,INR
T003928,A00381,M0016,2024-03-27 18:32:41,Withdrawal,5529.66,UPI,Success,INR
T003929,A00057,M0018,2024-08-12 19:48:30,Withdrawal,1131.01,NetBanking,Success,INR
T003930,A00277,M0008,2024-01-16 21:49:39,Purchase,1082.94,UPI,Success,INR
T003931,A00338,M0080,2024-12-23 04:29:23,Transfer,1156.76,UPI,Failed,INR
T003932,A00099,M0075,2024-06-11 18:59:40,Transfer,594.5,Card,Success,INR
T003933,A00404,M0070,2025-09-01 20:14:43,Purchase,448.33,Card,Success,INR
T003934,A00015,M0001,2025-10-29 14:24:45,Purchase,783.54,UPI,Success,INR
T003935,A00325,M0062,2025-05-28 23:59:00,Refund,1940.28,Wallet,Success,INR
T003936,A00179,M0076,2024-12-15 10:12:44,Purchase,207.23,ATM,Success,INR
T003937,A00332,M0038,2025-11-11 17:15:26,Transfer,284.41,UPI,Success,INR
T003938,A00062,M0092,2025-04-08 18:40:24,Bill_Payment,634.73,UPI,Success,INR
T003939,A00119,M0045,2025-01-09 13:04:15,Purchase,218.18,Wallet,Success,INR
T003940,A00037,M0058,2024-04-01 14:19:59,Purchase,306.42,UPI,Pending,INR
T003941,A00134,M0081,2024-06-29 22:59:47,Bill_Payment,2272.23,Wallet,Success,INR
T003942,A00026,M0001,2024-10-27 21:40:40,Purchase,739.2,UPI,Success,INR
T003943,A00008,M0032,2025-10-21 11:02:00,Transfer,512.19,Card,Success,INR
T003944,A00004,M0008,2024-07-07 12:21:24,Withdrawal,1243.84,ATM,Success,INR
T003945,A00021,M0040,2024-11-09 10:47:32,Withdrawal,1216.21,UPI,Success,INR
T003946,A00415,M0056,2025-05-07 03:40:19,Refund,3127.98,UPI,Success,INR
T003947,A00149,M0063,2024-05-07 13:34:25,Bill_Payment,221.05,Card,Success,INR
T003948,A00025,M0088,2025-06-02 15:07:37,Transfer,476.38,Wallet,Success,INR
T003949,A00143,M0074,2025-03-01 10:13:37,Bill_Payment,640.78,UPI,Success,INR
T003950,A00245,M0074,2025-07-12 19:09:53,Bill_Payment,1559.35,Wallet,Success,INR
T003951,A00419,M0036,2025-07-18 14:33:00,Refund,14804.78,Card,Success,INR
T003952,A00433,M0089,2024-07-05 14:00:00,Withdrawal,1858.91,ATM,Success,INR
T003953,A00043,M0057,2025-07-03 10:04:18,Purchase,863.26,NetBanking,Success,INR
T003954,A00425,M0074,2025-03-28 22:30:06,Withdrawal,367.99,Card,Success,INR
T003955,A00293,M0083,2025-04-15 13:35:57,Purchase,328.79,NetBanking,Success,INR
T003956,A00185,M0045,2025-07-18 05:04:41,Purchase,2472.12,UPI,Success,INR
T003957,A00042,M0079,2024-08-11 21:27:44,Purchase,536.3,Wallet,Success,INR
T003958,A00431,M0080,2024-06-02 14:15:31,Bill_Payment,797.37,UPI,Success,INR
T003959,A00092,M0002,2025-07-13 12:41:20,Purchase,4873.38,UPI,Success,INR
T003960,A00317,M0093,2024-12-16 10:45:23,Withdrawal,234.36,Card,Success,INR
T003961,A00398,M0068,2024-05-26 02:49:22,Transfer,1398.89,UPI,Success,INR
T003962,A00324,M0050,2025-07-29 14:11:35,Purchase,486.25,NetBanking,Success,INR
T003963,A00053,M0029,2024-12-14 03:08:58,Transfer,4782.14,NetBanking,Success,INR
T003964,A00084,M0095,2024-06-30 03:14:35,Transfer,471.2,UPI,Success,INR
T003965,A00034,M0081,2025-09-28 05:34:40,Bill_Payment,2002.25,UPI,Success,INR
T003966,A00076,M0010,2024-06-27 03:52:16,Purchase,215.43,Card,Success,INR
T003967,A00353,M0027,2024-02-08 02:46:59,Purchase,4437.96,Wallet,Success,INR
T003968,A00408,M0015,2024-01-03 18:41:22,Transfer,2509.28,NetBanking,Success,INR
T003969,A00404,M0060,2024-03-04 13:48:01,Purchase,664.76,UPI,Success,INR
T003970,A00197,M0031,2024-01-29 20:31:01,Purchase,1561.94,ATM,Success,INR
T003971,A00286,M0021,2025-01-06 01:14:46,Purchase,2595.65,UPI,Pending,INR
T003972,A00088,M0060,2025-06-06 22:47:01,Transfer,1258.34,UPI,Success,INR
T003973,A00235,M0058,2024-04-06 22:11:04,Purchase,773.02,UPI,Success,INR
T003974,A00232,M0041,2025-03-17 05:18:32,Transfer,1003.97,UPI,Success,INR
T003975,A00007,M0046,2024-07-21 14:21:37,Refund,1210.78,Card,Success,INR
T003976,A00292,M0045,2025-02-14 15:33:18,Withdrawal,1153.68,Card,Success,INR
T003977,A00038,M0026,2024-01-21 07:22:56,Purchase,1621.44,NetBanking,Success,INR
T003978,A00052,M0051,2025-07-04 13:55:00,Purchase,437.41,Card,Success,INR
T003979,A00143,M0036,2024-04-11 22:33:58,Purchase,611.93,UPI,Success,INR
T003980,A00430,M0052,2024-02-15 05:55:20,Purchase,771.9,Card,Success,INR
T003981,A00407,M0081,2024-03-06 23:19:33,Purchase,1675.56,UPI,Success,INR
T003982,A00396,M0051,2025-08-25 18:15:29,Purchase,277.2,Card,Success,INR
T003983,A00221,M0003,2024-06-12 23:34:39,Transfer,1259.55,UPI,Success,INR
T003984,A00428,M0014,2024-04-20 08:05:44,Bill_Payment,2214.33,UPI,Success,INR
T003985,A00240,M0049,2024-12-03 15:55:26,Bill_Payment,1145.46,UPI,Success,INR
T003986,A00143,M0077,2024-05-02 21:25:48,Purchase,1173.44,Wallet,Success,INR
T003987,A00349,M0091,2025-12-05 05:21:47,Transfer,835.26,Card,Success,INR
T003988,A00363,M0001,2025-03-22 16:49:58,Purchase,1159.81,Wallet,Success,INR
T003989,A00382,M0057,2025-09-02 05:27:03,Transfer,737.31,UPI,Success,INR
T003990,A00049,M0017,2024-10-17 05:37:29,Purchase,944.12,ATM,Success,INR
T003991,A00277,M0050,2025-11-01 20:29:25,Bill_Payment,736.94,UPI,Success,INR
T003992,A00271,M0098,2025-02-15 20:02:11,Bill_Payment,933.14,NetBanking,Success,INR
T003993,A00014,M0014,2025-09-06 10:39:37,Purchase,824.0,UPI,Success,INR
T003994,A00298,M0059,2024-10-07 14:32:45,Withdrawal,378.77,UPI,Success,INR
T003995,A00015,M0081,2024-02-12 09:35:51,Transfer,282.86,NetBanking,Success,INR
T003996,A00234,M0003,2025-04-30 11:55:26,Transfer,1177.68,NetBanking,Success,INR
T003997,A00063,M0098,2025-08-18 10:43:19,Transfer,1888.41,NetBanking,Failed,INR
T003998,A00196,M0040,2025-12-03 06:16:33,Transfer,4441.82,UPI,Success,INR
T003999,A00027,M0089,2024-02-20 16:45:34,Bill_Payment,2944.84,NetBanking,Success,INR
T004000,A00093,M0066,2024-07-28 16:38:13,Withdrawal,2474.5,UPI,Success,INR
T004001,A00105,M0034,2024-05-05 11:50:36,Transfer,1347.89,UPI,Success,INR
T004002,A00309,M0090,2025-05-06 19:13:45,Bill_Payment,1220.86,Wallet,Success,INR
T004003,A00052,M0095,2025-05-23 11:12:43,Refund,539.02,Card,Success,INR
T004004,A00319,M0009,2025-08-03 15:32:39,Purchase,486.86,ATM,Success,INR
T004005,A00181,M0094,2024-09-14 22:17:03,Purchase,1301.74,UPI,Success,INR
T004006,A00057,M0084,2024-07-06 23:51:57,Withdrawal,517.24,ATM,Failed,INR
T004007,A00120,M0021,2024-08-17 00:18:40,Refund,1010.78,Card,Success,INR
T004008,A00308,M0093,2024-07-07 04:34:51,Purchase,115.82,Card,Success,INR
T004009,A00363,M0025,2025-02-18 12:07:18,Purchase,1669.74,UPI,Success,INR
T004010,A00043,M0044,2024-01-10 10:51:02,Purchase,432.13,NetBanking,Success,INR
T004011,A00135,M0025,2024-04-23 01:26:33,Withdrawal,303.38,NetBanking,Success,INR
T004012,A00373,M0009,2024-03-16 04:13:33,Bill_Payment,2101.09,UPI,Success,INR
T004013,A00426,M0062,2025-11-06 22:09:26,Transfer,2609.12,NetBanking,Failed,INR
T004014,A00260,M0026,2025-05-16 23:19:19,Purchase,1016.35,UPI,Success,INR
T004015,A00197,M0057,2024-03-25 04:46:27,Bill_Payment,575.13,NetBanking,Success,INR
T004016,A00133,M0037,2024-02-18 02:47:20,Purchase,2093.21,ATM,Success,INR
T004017,A00255,M0016,2025-05-09 18:25:02,Bill_Payment,548.89,UPI,Success,INR
T004018,A00220,M0037,2025-11-19 08:19:09,Purchase,951.58,Card,Success,INR
T004019,A00336,M0076,2025-01-21 00:58:47,Transfer,3690.36,UPI,Success,INR
T004020,A00041,M0024,2025-01-23 21:15:57,Transfer,1537.23,Card,Success,INR
T004021,A00388,M0026,2024-08-05 23:10:08,Transfer,1052.01,Wallet,Success,INR
T004022,A00255,M0020,2025-12-01 21:28:14,Bill_Payment,855.51,UPI,Success,INR
T004023,A00002,M0009,2024-12-11 05:12:37,Refund,1140.75,UPI,Success,INR
T004024,A00195,M0087,2024-08-17 07:03:32,Bill_Payment,1393.27,NetBanking,Success,INR
T004025,A00242,M0029,2024-09-11 03:58:32,Purchase,398.23,Card,Success,INR
T004026,A00149,M0031,2024-08-23 06:08:39,Purchase,3253.32,UPI,Success,INR
T004027,A00198,M0019,2024-01-26 03:16:44,Transfer,726.09,UPI,Failed,INR
T004028,A00299,M0020,2025-08-06 14:59:46,Bill_Payment,912.26,UPI,Success,INR
T004029,A00245,M0087,2024-09-17 12:55:45,Transfer,2280.75,UPI,Success,INR
T004030,A00338,M0027,2024-09-27 21:15:19,Refund,965.53,NetBanking,Success,INR
T004031,A00108,M0094,2024-05-02 08:19:59,Refund,2423.39,UPI,Success,INR
T004032,A00393,M0085,2025-10-17 11:02:38,Transfer,1051.19,Card,Success,INR
T004033,A00212,M0044,2024-09-13 19:18:39,Bill_Payment,1199.19,UPI,Success,INR
T004034,A00156,M0035,2025-10-17 01:02:48,Refund,1331.2,UPI,Success,INR
T004035,A00026,M0071,2025-02-24 00:25:04,Bill_Payment,1535.35,UPI,Success,INR
T004036,A00082,M0022,2024-09-15 18:53:06,Transfer,1814.48,Card,Success,INR
T004037,A00083,M0074,2024-02-16 21:19:32,Bill_Payment,2826.5,UPI,Success,INR
T004038,A00131,M0087,2025-06-08 02:13:22,Purchase,2679.44,ATM,Failed,INR
T004039,A00329,M0015,2024-07-26 20:57:07,Transfer,537.03,UPI,Success,INR
T004040,A00100,M0094,2024-11-06 10:46:27,Purchase,4059.36,UPI,Success,INR
T004041,A00256,M0098,2024-05-28 03:51:38,Purchase,237.35,Card,Failed,INR
T004042,A00049,M0013,2025-03-13 02:54:32,Bill_Payment,621.36,UPI,Success,INR
T004043,A00401,M0004,2024-06-03 22:26:40,Transfer,968.73,NetBanking,Success,INR
T004044,A00063,M0082,2025-11-08 23:07:07,Purchase,383.89,Wallet,Success,INR
T004045,A00311,M0056,2024-03-30 09:03:52,Purchase,1410.7,UPI,Success,INR
T004046,A00407,M0023,2025-11-28 09:22:23,Refund,2134.26,Card,Success,INR
T004047,A00290,M0097,2024-12-23 21:48:58,Bill_Payment,577.46,Card,Failed,INR
T004048,A00105,M0098,2024-06-22 12:03:06,Purchase,1664.21,ATM,Success,INR
T004049,A00105,M0034,2024-08-04 12:03:08,Refund,2328.93,UPI,Success,INR
T004050,A00325,M0100,2025-03-31 05:55:23,Purchase,192.1,UPI,Success,INR
T004051,A00015,M0099,2025-08-31 19:14:29,Transfer,1282.83,Card,Success,INR
T004052,A00175,M0017,2025-09-20 11:28:39,Withdrawal,1534.53,UPI,Success,INR
T004053,A00259,M0028,2024-07-17 18:49:19,Bill_Payment,480.35,NetBanking,Success,INR
T004054,A00211,M0014,2025-04-30 04:41:08,Bill_Payment,374.11,Wallet,Pending,INR
T004055,A00412,M0034,2025-06-16 00:34:40,Purchase,590.52,UPI,Failed,INR
T004056,A00259,M0075,2024-07-18 03:49:36,Transfer,926.72,NetBanking,Success,INR
T004057,A00102,M0057,2025-01-05 18:23:51,Purchase,558.02,Wallet,Success,INR
T004058,A00260,M0077,2025-03-23 15:24:12,Transfer,1808.07,Wallet,Success,INR
T004059,A00344,M0097,2024-09-04 14:56:52,Transfer,1609.25,NetBanking,Success,INR
T004060,A00159,M0055,2024-09-20 17:34:31,Purchase,1538.15,NetBanking,Success,INR
T004061,A00045,M0066,2024-02-27 21:33:05,Purchase,3402.87,UPI,Success,INR
T004062,A00443,M0098,2024-10-28 16:15:42,Purchase,1960.4,Wallet,Success,INR
T004063,A00301,M0093,2024-01-31 04:20:28,Transfer,1415.23,UPI,Success,INR
T004064,A00251,M0037,2025-05-12 02:17:45,Withdrawal,364.25,UPI,Success,INR
T004065,A00331,M0068,2024-09-05 06:51:11,Purchase,3108.02,UPI,Success,INR
T004066,A00165,M0076,2025-08-27 03:27:40,Refund,3428.92,NetBanking,Success,INR
T004067,A00193,M0026,2024-09-27 00:57:57,Purchase,815.52,UPI,Success,INR
T004068,A00009,M0061,2025-08-28 00:36:42,Transfer,529.33,NetBanking,Success,INR
T004069,A00401,M0092,2025-10-27 03:17:30,Transfer,2162.72,Card,Success,INR
T004070,A00374,M0067,2025-01-28 05:46:49,Purchase,213.09,UPI,Success,INR
T004071,A00065,M0084,2025-05-16 19:41:26,Purchase,1569.51,UPI,Success,INR
T004072,A00387,M0074,2025-08-14 00:46:46,Bill_Payment,4217.97,UPI,Success,INR
T004073,A00282,M0052,2024-03-24 01:59:23,Transfer,778.18,UPI,Success,INR
T004074,A00181,M0018,2024-12-30 00:03:05,Purchase,1363.73,UPI,Success,INR
T004075,A00415,M0053,2025-07-02 06:51:58,Purchase,1201.02,UPI,Success,INR
T004076,A00282,M0063,2024-12-07 21:24:41,Bill_Payment,2804.52,Wallet,Success,INR
T004077,A00279,M0053,2025-02-10 15:36:42,Purchase,1206.54,Card,Success,INR
T004078,A00030,M0027,2025-02-28 07:00:15,Bill_Payment,805.58,Card,Success,INR
T004079,A00266,M0031,2024-04-02 07:52:05,Purchase,279.42,UPI,Success,INR
T004080,A00328,M0091,2025-09-05 05:07:38,Transfer,1193.71,UPI,Success,INR
T004081,A00217,M0001,2025-02-15 04:26:46,Purchase,1029.85,NetBanking,Success,INR
T004082,A00320,M0006,2025-03-07 09:09:29,Bill_Payment,175.72,Card,Success,INR
T004083,A00406,M0011,2025-11-08 21:20:20,Withdrawal,443.2,UPI,Success,INR
T004084,A00399,M0034,2024-06-07 07:40:55,Transfer,640.42,UPI,Success,INR
T004085,A00379,M0084,2024-01-14 22:33:54,Purchase,640.54,Wallet,Failed,INR
T004086,A00105,M0063,2025-01-07 02:31:42,Transfer,1069.13,UPI,Success,INR
T004087,A00184,M0053,2024-08-12 18:38:27,Purchase,993.47,UPI,Success,INR
T004088,A00330,M0085,2025-05-19 05:59:13,Purchase,1036.41,UPI,Success,INR
T004089,A00148,M0085,2024-03-13 23:21:19,Bill_Payment,8380.18,NetBanking,Success,INR
T004090,A00105,M0018,2024-09-05 22:06:10,Withdrawal,737.1,NetBanking,Failed,INR
T004091,A00047,M0021,2025-05-25 18:34:25,Purchase,501.48,UPI,Success,INR
T004092,A00087,M0019,2025-08-25 11:30:20,Refund,4493.08,UPI,Success,INR
T004093,A00309,M0004,2024-08-03 07:03:02,Bill_Payment,4095.1,Card,Success,INR
T004094,A00437,M0077,2025-08-24 19:13:55,Transfer,414.06,UPI,Success,INR
T004095,A00129,M0082,2025-06-24 10:46:35,Transfer,3268.5,UPI,Success,INR
T004096,A00258,M0029,2024-08-07 14:17:05,Bill_Payment,208.1,UPI,Success,INR
T004097,A00314,M0025,2025-12-27 15:56:42,Transfer,14520.99,UPI,Success,INR
T004098,A00147,M0056,2024-08-08 17:22:19,Transfer,5456.45,NetBanking,Success,INR
T004099,A00446,M0077,2025-01-23 21:10:03,Withdrawal,1770.01,Card,Success,INR
T004100,A00072,M0063,2025-07-07 06:30:59,Purchase,2374.91,NetBanking,Success,INR
T004101,A00140,M0027,2025-10-08 13:47:29,Bill_Payment,1634.91,Card,Success,INR
T004102,A00410,M0060,2024-02-11 20:08:15,Transfer,606.0,ATM,Success,INR
T004103,A00027,M0083,2025-11-06 12:53:04,Transfer,3216.65,ATM,Success,INR
T004104,A00029,M0049,2024-10-09 19:55:46,Purchase,3716.52,UPI,Success,INR
T004105,A00271,M0065,2024-02-27 21:40:53,Purchase,569.9,UPI,Success,INR
T004106,A00174,M0038,2025-06-20 15:37:58,Purchase,1065.5,NetBanking,Success,INR
T004107,A00253,M0083,2024-03-13 21:42:36,Purchase,361.45,NetBanking,Success,INR
T004108,A00385,M0052,2024-05-08 10:12:24,Withdrawal,1050.6,Wallet,Success,INR
T004109,A00060,M0001,2025-08-21 08:29:28,Purchase,861.91,Card,Pending,INR
T004110,A00107,M0040,2025-03-01 04:59:51,Purchase,3385.44,Card,Success,INR
T004111,A00220,M0081,2025-10-26 02:28:32,Transfer,4632.06,UPI,Success,INR
T004112,A00441,M0021,2025-11-24 09:02:07,Transfer,421.03,UPI,Success,INR
T004113,A00259,M0086,2024-05-04 14:00:26,Purchase,2191.24,Wallet,Success,INR
T004114,A00371,M0015,2024-03-07 05:40:07,Purchase,2420.41,ATM,Success,INR
T004115,A00146,M0050,2024-01-06 03:25:44,Bill_Payment,227.45,UPI,Success,INR
T004116,A00052,M0048,2025-09-28 00:39:15,Purchase,2613.65,Card,Success,INR
T004117,A00060,M0032,2024-11-09 15:12:13,Bill_Payment,289.94,Card,Success,INR
T004118,A00034,M0049,2024-11-21 18:24:45,Purchase,692.22,UPI,Failed,INR
T004119,A00096,M0068,2025-07-18 23:36:11,Transfer,487.4,Wallet,Success,INR
T004120,A00089,M0045,2025-07-31 12:42:13,Purchase,266.67,Card,Success,INR
T004121,A00316,M0032,2025-05-20 15:48:35,Bill_Payment,2961.39,UPI,Success,INR
T004122,A00410,M0004,2024-03-22 14:38:36,Purchase,469.66,UPI,Success,INR
T004123,A00231,M0065,2025-08-21 10:42:06,Purchase,767.65,UPI,Failed,INR
T004124,A00275,M0097,2024-01-02 05:01:28,Purchase,1089.92,UPI,Success,INR
T004125,A00246,M0071,2024-07-22 18:09:37,Bill_Payment,2140.27,UPI,Success,INR
T004126,A00111,M0073,2025-10-23 12:20:05,Bill_Payment,458.62,UPI,Success,INR
T004127,A00234,M0065,2025-02-07 10:47:22,Purchase,1700.61,Card,Success,INR
T004128,A00278,M0080,2024-04-12 17:09:48,Purchase,890.8,Card,Failed,INR
T004129,A00417,M0018,2025-06-19 14:18:49,Withdrawal,442.63,Card,Success,INR
T004130,A00166,M0054,2025-01-02 14:33:03,Bill_Payment,2747.53,NetBanking,Success,INR
T004131,A00128,M0047,2024-07-30 10:52:57,Transfer,7119.63,Wallet,Success,INR
T004132,A00237,M0006,2025-07-30 10:50:56,Bill_Payment,1317.58,Wallet,Success,INR
T004133,A00291,M0066,2024-07-27 18:27:01,Purchase,633.92,UPI,Success,INR
T004134,A00107,M0009,2024-04-26 09:20:32,Purchase,565.59,UPI,Success,INR
T004135,A00128,M0068,2025-09-19 11:01:25,Purchase,2266.03,UPI,Failed,INR
T004136,A00195,M0023,2025-04-22 21:27:02,Transfer,1110.06,Card,Success,INR
T004137,A00339,M0043,2024-04-14 19:03:10,Purchase,421.54,Wallet,Success,INR
T004138,A00394,M0051,2025-05-09 02:29:37,Purchase,238.92,NetBanking,Success,INR
T004139,A00143,M0072,2024-02-15 13:36:07,Purchase,1545.48,Card,Success,INR
T004140,A00395,M0025,2024-11-26 20:34:32,Transfer,351.15,Card,Success,INR
T004141,A00111,M0080,2024-08-03 04:11:10,Purchase,763.33,Card,Failed,INR
T004142,A00090,M0035,2025-05-06 22:54:33,Purchase,4749.73,ATM,Success,INR
T004143,A00251,M0017,2025-03-24 05:58:20,Bill_Payment,519.04,NetBanking,Success,INR
T004144,A00280,M0018,2025-06-19 02:46:51,Purchase,2830.8,NetBanking,Success,INR
T004145,A00333,M0027,2025-05-25 13:20:39,Purchase,437.43,Card,Success,INR
T004146,A00224,M0015,2025-04-02 02:28:16,Transfer,2409.61,UPI,Success,INR
T004147,A00101,M0081,2025-06-30 22:15:18,Bill_Payment,1840.19,UPI,Failed,INR
T004148,A00132,M0069,2025-06-19 11:05:58,Transfer,1701.66,UPI,Success,INR
T004149,A00013,M0080,2025-06-23 11:38:32,Purchase,634.1,UPI,Success,INR
T004150,A00441,M0015,2025-04-28 00:13:34,Bill_Payment,1945.35,ATM,Success,INR
T004151,A00098,M0042,2024-01-16 20:54:36,Transfer,1536.29,UPI,Success,INR
T004152,A00120,M0034,2025-07-24 06:51:59,Purchase,5997.8,UPI,Success,INR
T004153,A00293,M0048,2024-08-30 05:35:50,Transfer,629.95,Card,Success,INR
T004154,A00304,M0083,2024-07-25 19:34:54,Withdrawal,3489.08,Card,Success,INR
T004155,A00199,M0008,2024-09-27 01:03:45,Transfer,487.57,Wallet,Success,INR
T004156,A00001,M0010,2025-12-05 13:59:28,Bill_Payment,884.55,UPI,Success,INR
T004157,A00060,M0005,2025-12-30 04:06:40,Transfer,617.29,ATM,Success,INR
T004158,A00250,M0048,2024-04-24 20:58:55,Bill_Payment,702.12,UPI,Success,INR
T004159,A00140,M0026,2025-08-02 23:59:50,Transfer,951.8,ATM,Success,INR
T004160,A00149,M0086,2024-10-25 20:50:17,Purchase,4014.12,Card,Pending,INR
T004161,A00395,M0023,2025-04-27 13:28:25,Transfer,1654.04,Card,Failed,INR
T004162,A00044,M0062,2025-01-31 16:04:59,Purchase,3329.81,UPI,Success,INR
T004163,A00371,M0013,2025-01-28 22:59:42,Purchase,1111.11,Card,Success,INR
T004164,A00186,M0009,2024-03-15 06:16:41,Withdrawal,3478.87,NetBanking,Success,INR
T004165,A00108,M0020,2025-04-26 02:57:57,Transfer,1345.21,UPI,Success,INR
T004166,A00044,M0092,2024-04-12 08:12:32,Purchase,538.98,UPI,Success,INR
T004167,A00078,M0057,2024-10-23 18:51:31,Purchase,2836.71,ATM,Success,INR
T004168,A00226,M0024,2024-06-26 20:44:53,Purchase,4169.34,Card,Success,INR
T004169,A00162,M0033,2024-08-02 09:14:52,Bill_Payment,1947.86,Wallet,Success,INR
T004170,A00281,M0020,2024-11-10 18:21:37,Purchase,2316.45,NetBanking,Failed,INR
T004171,A00253,M0060,2024-02-08 20:28:23,Transfer,3467.67,UPI,Success,INR
T004172,A00132,M0048,2024-09-15 04:29:44,Transfer,860.02,UPI,Success,INR
T004173,A00448,M0064,2025-12-16 16:57:26,Purchase,574.7,ATM,Success,INR
T004174,A00372,M0030,2024-01-07 18:32:21,Purchase,1519.94,Card,Pending,INR
T004175,A00375,M0073,2024-02-18 17:02:57,Purchase,5186.46,UPI,Pending,INR
T004176,A00144,M0017,2025-06-21 03:20:39,Bill_Payment,1438.09,Card,Success,INR
T004177,A00266,M0100,2024-06-09 12:32:41,Withdrawal,1932.82,UPI,Success,INR
T004178,A00109,M0014,2024-06-24 09:43:26,Withdrawal,1172.93,Wallet,Success,INR
T004179,A00194,M0019,2025-08-13 04:52:24,Withdrawal,1429.55,UPI,Success,INR
T004180,A00035,M0071,2024-01-02 03:36:27,Purchase,681.83,UPI,Success,INR
T004181,A00390,M0059,2025-03-30 01:27:19,Purchase,1796.22,UPI,Success,INR
T004182,A00275,M0067,2025-10-05 12:26:25,Bill_Payment,2416.33,UPI,Success,INR
T004183,A00187,M0097,2024-10-02 06:29:18,Bill_Payment,283.65,Card,Success,INR
T004184,A00437,M0044,2025-05-12 22:57:54,Transfer,284.0,Card,Success,INR
T004185,A00243,M0032,2025-09-20 15:40:50,Transfer,226.22,NetBanking,Success,INR
T004186,A00264,M0011,2025-11-06 07:53:48,Purchase,4137.77,Card,Success,INR
T004187,A00010,M0002,2024-01-28 02:31:36,Purchase,477.08,UPI,Success,INR
T004188,A00166,M0090,2024-11-28 13:13:02,Transfer,1505.01,Card,Success,INR
T004189,A00029,M0068,2024-01-01 06:48:56,Bill_Payment,5467.16,Wallet,Success,INR
T004190,A00271,M0017,2024-07-06 15:56:35,Purchase,1479.22,UPI,Success,INR
T004191,A00087,M0081,2024-02-25 18:55:57,Purchase,1742.13,UPI,Success,INR
T004192,A00023,M0092,2025-06-30 19:18:04,Purchase,513.47,Card,Success,INR
T004193,A00210,M0094,2024-04-21 00:21:27,Purchase,1480.14,UPI,Success,INR
T004194,A00046,M0040,2024-11-05 15:08:30,Transfer,447.83,UPI,Success,INR
T004195,A00028,M0087,2024-02-05 06:38:22,Refund,197.75,NetBanking,Success,INR
T004196,A00026,M0046,2025-03-14 15:36:28,Bill_Payment,1149.53,Wallet,Failed,INR
T004197,A00266,M0088,2025-12-29 05:52:44,Bill_Payment,1463.72,Card,Failed,INR
T004198,A00175,M0093,2025-08-14 22:33:24,Transfer,681.61,NetBanking,Failed,INR
T004199,A00004,M0004,2025-08-17 00:29:32,Transfer,560.06,UPI,Success,INR
T004200,A00311,M0038,2025-07-30 14:44:14,Refund,904.98,Card,Success,INR
T004201,A00322,M0063,2024-11-20 15:14:38,Purchase,570.17,Card,Success,INR
T004202,A00067,M0029,2025-10-01 08:57:18,Bill_Payment,2138.76,Card,Success,INR
T004203,A00135,M0019,2024-11-02 16:11:33,Withdrawal,1639.52,UPI,Success,INR
T004204,A00055,M0091,2025-06-17 22:34:58,Purchase,4746.85,NetBanking,Success,INR
T004205,A00031,M0029,2025-12-28 02:00:13,Transfer,796.35,NetBanking,Success,INR
T004206,A00074,M0100,2025-09-10 04:09:01,Purchase,1167.76,Card,Success,INR
T004207,A00019,M0035,2024-04-18 04:26:04,Purchase,1282.06,UPI,Success,INR
T004208,A00156,M0070,2025-01-06 07:27:35,Purchase,783.92,UPI,Success,INR
T004209,A00337,M0023,2024-12-22 16:19:29,Bill_Payment,183.99,UPI,Success,INR
T004210,A00156,M0046,2024-06-29 23:11:44,Withdrawal,1635.17,UPI,Success,INR
T004211,A00147,M0044,2024-12-21 00:17:26,Purchase,8967.3,NetBanking,Failed,INR
T004212,A00087,M0048,2025-11-06 04:08:29,Purchase,2695.72,NetBanking,Success,INR
T004213,A00020,M0052,2024-03-08 21:58:34,Transfer,6389.22,Card,Success,INR
T004214,A00269,M0008,2024-10-18 06:29:28,Purchase,2458.03,Wallet,Success,INR
T004215,A00333,M0055,2025-11-22 19:47:35,Transfer,956.45,UPI,Success,INR
T004216,A00043,M0066,2024-06-29 22:38:16,Transfer,1884.51,NetBanking,Success,INR
T004217,A00395,M0077,2025-04-10 04:20:24,Purchase,2872.4,UPI,Failed,INR
T004218,A00432,M0040,2025-03-09 02:52:32,Purchase,259.67,UPI,Success,INR
T004219,A00399,M0085,2025-04-08 22:22:19,Transfer,1636.54,UPI,Success,INR
T004220,A00401,M0031,2025-11-11 02:33:43,Purchase,1003.66,ATM,Success,INR
T004221,A00438,M0048,2025-06-17 21:44:14,Purchase,4145.17,UPI,Success,INR
T004222,A00306,M0100,2024-03-06 18:34:11,Purchase,1533.17,UPI,Success,INR
T004223,A00028,M0061,2024-01-21 13:54:04,Purchase,119.79,Card,Success,INR
T004224,A00260,M0052,2025-09-03 23:36:40,Bill_Payment,1629.29,UPI,Success,INR
T004225,A00022,M0038,2025-01-18 08:43:39,Withdrawal,171.46,UPI,Success,INR
T004226,A00375,M0091,2025-09-06 03:49:27,Transfer,3451.96,NetBanking,Success,INR
T004227,A00101,M0036,2025-07-12 20:00:02,Purchase,549.44,UPI,Success,INR
T004228,A00039,M0087,2024-02-08 08:37:08,Purchase,396.36,Wallet,Success,INR
T004229,A00290,M0055,2024-10-11 13:19:13,Purchase,547.88,Card,Success,INR
T004230,A00353,M0085,2025-08-24 16:06:05,Bill_Payment,490.63,UPI,Success,INR
T004231,A00300,M0013,2025-08-19 19:22:56,Purchase,953.23,UPI,Success,INR
T004232,A00170,M0037,2024-12-01 08:44:19,Transfer,505.5,Card,Success,INR
T004233,A00296,M0047,2024-07-06 22:52:11,Purchase,836.53,UPI,Success,INR
T004234,A00353,M0090,2025-11-01 06:51:29,Bill_Payment,273.68,Card,Success,INR
T004235,A00396,M0071,2024-08-30 22:20:46,Bill_Payment,874.38,NetBanking,Success,INR
T004236,A00130,M0022,2024-03-13 18:53:02,Purchase,3945.49,NetBanking,Success,INR
T004237,A00156,M0039,2025-04-23 00:55:46,Withdrawal,732.36,Card,Success,INR
T004238,A00074,M0087,2025-07-14 12:32:59,Purchase,1923.17,Wallet,Success,INR
T004239,A00342,M0058,2024-04-10 11:15:17,Transfer,354.01,UPI,Success,INR
T004240,A00090,M0030,2025-05-28 19:21:18,Purchase,1847.75,UPI,Success,INR
T004241,A00067,M0018,2024-06-24 22:40:06,Purchase,3052.83,NetBanking,Success,INR
T004242,A00236,M0018,2024-08-25 20:10:23,Purchase,3954.82,UPI,Success,INR
T004243,A00200,M0074,2024-02-28 22:32:51,Bill_Payment,1313.79,Card,Success,INR
T004244,A00332,M0039,2024-04-08 16:21:56,Bill_Payment,2006.8,NetBanking,Success,INR
T004245,A00227,M0094,2025-05-09 13:29:35,Purchase,346.38,UPI,Success,INR
T004246,A00348,M0026,2025-05-28 12:30:39,Transfer,776.6,UPI,Success,INR
T004247,A00233,M0071,2024-10-23 13:52:35,Purchase,533.65,Card,Success,INR
T004248,A00266,M0007,2024-07-29 22:17:40,Purchase,1473.81,NetBanking,Success,INR
T004249,A00086,M0069,2024-05-02 15:31:11,Bill_Payment,681.71,UPI,Success,INR
T004250,A00102,M0065,2024-08-16 16:51:18,Purchase,2034.71,Card,Success,INR
T004251,A00441,M0046,2025-08-16 08:42:31,Transfer,10114.56,Card,Success,INR
T004252,A00214,M0018,2025-10-17 16:51:33,Purchase,1918.73,UPI,Success,INR
T004253,A00108,M0013,2025-01-22 08:43:53,Purchase,3906.87,UPI,Success,INR
T004254,A00165,M0025,2024-05-19 20:46:37,Purchase,377.63,UPI,Success,INR
T004255,A00091,M0008,2025-06-24 21:56:55,Bill_Payment,1015.9,NetBanking,Success,INR
T004256,A00192,M0074,2025-01-25 04:23:24,Withdrawal,1332.98,Card,Success,INR
T004257,A00335,M0032,2024-09-26 12:31:41,Purchase,1162.76,ATM,Success,INR
T004258,A00086,M0017,2024-01-12 16:41:55,Bill_Payment,5761.76,UPI,Success,INR
T004259,A00222,M0079,2025-01-23 21:46:03,Bill_Payment,561.44,ATM,Success,INR
T004260,A00363,M0079,2024-12-02 12:25:00,Purchase,1466.76,Card,Success,INR
T004261,A00424,M0048,2025-05-20 21:32:56,Purchase,123.27,UPI,Success,INR
T004262,A00101,M0063,2024-04-15 05:24:37,Purchase,1607.13,UPI,Success,INR
T004263,A00226,M0040,2024-02-01 04:28:47,Purchase,1729.04,Card,Success,INR
T004264,A00364,M0084,2024-03-14 07:14:09,Transfer,1046.26,NetBanking,Success,INR
T004265,A00060,M0015,2024-06-19 03:27:53,Purchase,1565.2,NetBanking,Success,INR
T004266,A00250,M0099,2024-03-09 22:50:45,Purchase,659.82,Card,Success,INR
T004267,A00048,M0006,2024-12-27 17:10:36,Purchase,365.27,UPI,Success,INR
T004268,A00117,M0094,2025-10-10 11:47:44,Purchase,450.48,UPI,Success,INR
T004269,A00227,M0063,2025-03-08 03:48:34,Transfer,509.12,UPI,Success,INR
T004270,A00362,M0008,2024-04-09 16:54:38,Transfer,342.71,UPI,Success,INR
T004271,A00403,M0095,2025-10-19 09:30:08,Purchase,330.75,NetBanking,Success,INR
T004272,A00033,M0032,2024-01-09 20:44:43,Purchase,519.54,Wallet,Success,INR
T004273,A00044,M0045,2025-07-27 22:43:23,Purchase,795.93,UPI,Success,INR
T004274,A00165,M0052,2025-11-27 11:31:54,Bill_Payment,1234.83,NetBanking,Success,INR
T004275,A00368,M0079,2024-01-29 01:25:36,Purchase,364.48,UPI,Success,INR
T004276,A00345,M0082,2024-04-23 08:45:16,Purchase,473.2,UPI,Success,INR
T004277,A00292,M0013,2025-04-06 21:23:02,Purchase,630.91,UPI,Failed,INR
T004278,A00337,M0024,2024-05-22 17:44:38,Purchase,1624.88,UPI,Success,INR
T004279,A00344,M0040,2025-01-24 12:31:39,Purchase,374.05,UPI,Success,INR
T004280,A00405,M0014,2025-09-23 03:39:48,Transfer,688.46,UPI,Success,INR
T004281,A00386,M0092,2025-11-12 14:13:08,Bill_Payment,2631.12,UPI,Success,INR
T004282,A00287,M0075,2024-06-05 01:32:40,Purchase,536.38,UPI,Success,INR
T004283,A00364,M0070,2024-11-30 10:06:37,Transfer,356.9,Card,Failed,INR
T004284,A00225,M0062,2024-09-16 21:26:33,Withdrawal,1013.84,UPI,Success,INR
T004285,A00286,M0089,2024-03-22 10:34:42,Purchase,519.0,ATM,Success,INR
T004286,A00204,M0061,2025-03-16 23:26:16,Purchase,91.31,NetBanking,Success,INR
T004287,A00172,M0001,2024-06-20 11:30:30,Purchase,1311.78,Wallet,Success,INR
T004288,A00012,M0089,2024-08-18 14:02:02,Bill_Payment,2399.97,Card,Success,INR
T004289,A00307,M0066,2025-12-20 11:13:17,Bill_Payment,1074.79,Card,Success,INR
T004290,A00121,M0032,2024-03-15 21:21:00,Purchase,2804.21,UPI,Success,INR
T004291,A00433,M0013,2024-09-26 07:00:47,Purchase,1957.89,NetBanking,Success,INR
T004292,A00244,M0033,2025-09-17 23:04:54,Withdrawal,508.06,UPI,Pending,INR
T004293,A00152,M0032,2024-03-02 05:32:23,Transfer,6936.52,UPI,Success,INR
T004294,A00152,M0056,2024-11-15 10:57:40,Withdrawal,1464.15,UPI,Success,INR
T004295,A00188,M0024,2024-04-11 11:39:46,Purchase,1611.66,Card,Success,INR
T004296,A00395,M0091,2025-03-04 12:21:54,Refund,448.49,UPI,Success,INR
T004297,A00013,M0004,2025-12-22 22:28:28,Withdrawal,272.8,ATM,Success,INR
T004298,A00091,M0088,2024-09-11 14:33:05,Purchase,413.62,UPI,Success,INR
T004299,A00200,M0023,2025-06-15 03:30:31,Transfer,2510.13,Wallet,Success,INR
T004300,A00074,M0029,2025-07-23 18:36:48,Purchase,5112.52,UPI,Success,INR
T004301,A00256,M0098,2024-04-21 07:29:15,Purchase,1422.08,NetBanking,Success,INR
T004302,A00448,M0021,2024-11-08 13:09:27,Transfer,1191.86,Card,Success,INR
T004303,A00276,M0030,2025-04-05 08:33:22,Purchase,2618.92,Card,Success,INR
T004304,A00328,M0090,2025-12-08 19:33:28,Transfer,3801.12,UPI,Success,INR
T004305,A00329,M0020,2025-04-06 12:02:21,Purchase,296.82,Card,Success,INR
T004306,A00071,M0016,2024-04-01 03:48:11,Withdrawal,4746.39,UPI,Success,INR
T004307,A00078,M0067,2024-02-21 01:19:13,Purchase,778.65,Card,Success,INR
T004308,A00284,M0049,2025-06-03 00:30:33,Withdrawal,2909.05,Card,Success,INR
T004309,A00130,M0058,2024-04-07 02:24:05,Purchase,419.53,UPI,Success,INR
T004310,A00377,M0044,2024-08-23 11:07:04,Purchase,2779.85,UPI,Success,INR
T004311,A00043,M0025,2025-01-08 22:23:18,Purchase,301.77,UPI,Success,INR
T004312,A00008,M0023,2025-08-03 02:40:35,Purchase,3008.45,Wallet,Success,INR
T004313,A00013,M0059,2025-07-10 05:34:24,Purchase,1956.69,NetBanking,Success,INR
T004314,A00213,M0001,2025-10-10 02:45:40,Purchase,266.44,UPI,Success,INR
T004315,A00111,M0097,2024-08-21 09:46:09,Refund,3456.02,UPI,Success,INR
T004316,A00291,M0015,2024-02-01 21:50:47,Purchase,455.6,UPI,Success,INR
T004317,A00023,M0081,2024-10-15 12:33:20,Withdrawal,3067.52,UPI,Pending,INR
T004318,A00302,M0098,2025-09-29 15:38:49,Transfer,1248.92,NetBanking,Success,INR
T004319,A00254,M0081,2025-08-01 14:12:38,Purchase,357.22,NetBanking,Success,INR
T004320,A00015,M0052,2025-06-25 08:15:39,Transfer,440.58,NetBanking,Success,INR
T004321,A00130,M0058,2024-04-23 04:56:33,Bill_Payment,36772.99,Wallet,Success,INR
T004322,A00061,M0041,2024-07-22 23:14:42,Purchase,8748.28,Card,Success,INR
T004323,A00115,M0044,2024-01-29 09:21:17,Bill_Payment,907.22,Card,Success,INR
T004324,A00320,M0004,2025-10-04 18:24:56,Purchase,1607.08,NetBanking,Success,INR
T004325,A00308,M0077,2025-04-18 06:23:42,Transfer,3238.06,Card,Success,INR
T004326,A00420,M0068,2025-11-27 19:45:48,Purchase,342.86,Wallet,Success,INR
T004327,A00325,M0007,2024-09-09 07:34:25,Purchase,2040.48,NetBanking,Pending,INR
T004328,A00067,M0046,2025-01-20 00:08:50,Transfer,2666.31,UPI,Success,INR
T004329,A00249,M0009,2024-03-02 02:39:11,Purchase,1518.78,Wallet,Failed,INR
T004330,A00175,M0087,2025-05-29 07:53:14,Purchase,3834.72,Card,Success,INR
T004331,A00339,M0033,2025-03-05 11:56:27,Purchase,1258.13,UPI,Success,INR
T004332,A00002,M0033,2025-08-02 13:36:24,Transfer,2965.4,NetBanking,Success,INR
T004333,A00172,M0084,2025-06-20 18:54:56,Transfer,1356.51,UPI,Success,INR
T004334,A00448,M0004,2025-11-21 23:21:37,Purchase,275.8,NetBanking,Success,INR
T004335,A00334,M0065,2024-05-20 19:37:19,Purchase,2553.11,ATM,Success,INR
T004336,A00284,M0034,2024-10-26 06:41:30,Withdrawal,3539.54,UPI,Success,INR
T004337,A00054,M0091,2025-11-05 23:10:57,Withdrawal,957.11,Wallet,Success,INR
T004338,A00067,M0085,2024-11-06 00:46:21,Purchase,328.59,NetBanking,Success,INR
T004339,A00420,M0088,2025-04-15 04:48:50,Purchase,2395.31,Card,Success,INR
T004340,A00102,M0079,2025-01-27 01:27:37,Purchase,1458.01,UPI,Success,INR
T004341,A00120,M0099,2025-10-03 16:17:22,Bill_Payment,1432.69,UPI,Failed,INR
T004342,A00191,M0064,2025-03-20 15:04:09,Withdrawal,1300.0,Card,Success,INR
T004343,A00409,M0025,2024-06-20 14:21:03,Purchase,2716.06,UPI,Success,INR
T004344,A00304,M0055,2025-07-29 09:42:36,Bill_Payment,1421.04,Card,Success,INR
T004345,A00423,M0009,2024-01-31 04:20:15,Purchase,715.21,NetBanking,Success,INR
T004346,A00047,M0017,2024-02-16 00:14:41,Purchase,256.28,ATM,Success,INR
T004347,A00222,M0021,2024-05-09 00:30:47,Bill_Payment,723.88,UPI,Success,INR
T004348,A00021,M0060,2024-12-17 14:12:07,Bill_Payment,2486.43,UPI,Success,INR
T004349,A00158,M0013,2025-09-13 10:22:16,Withdrawal,811.36,NetBanking,Success,INR
T004350,A00348,M0003,2025-08-03 22:44:10,Purchase,2482.61,Card,Success,INR
T004351,A00159,M0068,2024-02-27 11:05:31,Purchase,307.1,Wallet,Success,INR
T004352,A00377,M0004,2024-04-15 12:12:04,Bill_Payment,441.2,NetBanking,Failed,INR
T004353,A00372,M0092,2024-11-25 06:22:46,Transfer,418.75,NetBanking,Pending,INR
T004354,A00410,M0007,2025-11-13 12:13:43,Purchase,1238.73,UPI,Success,INR
T004355,A00235,M0026,2025-01-17 03:08:40,Purchase,5501.7,UPI,Success,INR
T004356,A00150,M0075,2024-06-10 16:04:01,Bill_Payment,8265.7,UPI,Success,INR
T004357,A00405,M0024,2024-10-12 18:05:25,Bill_Payment,2840.64,UPI,Success,INR
T004358,A00257,M0010,2024-03-11 18:49:12,Transfer,188.27,NetBanking,Pending,INR
T004359,A00165,M0013,2025-03-29 17:10:58,Withdrawal,557.31,Card,Success,INR
T004360,A00077,M0044,2025-07-20 16:18:34,Purchase,71.17,Card,Success,INR
T004361,A00085,M0039,2025-01-31 03:16:20,Transfer,1272.43,NetBanking,Success,INR
T004362,A00046,M0019,2025-05-29 21:10:30,Transfer,4733.37,Card,Success,INR
T004363,A00393,M0051,2024-01-26 19:32:25,Purchase,2284.62,Card,Success,INR
T004364,A00401,M0019,2024-11-08 22:48:18,Bill_Payment,223.87,NetBanking,Success,INR
T004365,A00047,M0076,2024-05-05 00:32:09,Bill_Payment,3827.05,UPI,Success,INR
T004366,A00213,M0052,2025-02-11 03:57:24,Purchase,3241.69,UPI,Success,INR
T004367,A00059,M0086,2025-07-18 03:05:16,Bill_Payment,4397.61,Card,Success,INR
T004368,A00054,M0047,2024-07-16 22:34:03,Transfer,2975.59,Card,Success,INR
T004369,A00342,M0030,2024-07-06 23:08:21,Transfer,682.99,Card,Success,INR
T004370,A00012,M0046,2025-11-28 09:58:15,Bill_Payment,206.56,UPI,Success,INR
T004371,A00192,M0076,2025-12-16 21:50:36,Purchase,3145.83,UPI,Failed,INR
T004372,A00006,M0093,2025-04-28 06:37:47,Withdrawal,2206.01,UPI,Success,INR
T004373,A00309,M0021,2025-03-25 00:20:08,Purchase,185.91,UPI,Success,INR
T004374,A00144,M0075,2025-06-06 12:14:45,Withdrawal,460.42,Card,Pending,INR
T004375,A00346,M0048,2024-12-19 18:12:52,Purchase,472.2,Card,Success,INR
T004376,A00261,M0062,2025-10-19 18:07:14,Purchase,2110.59,Card,Success,INR
T004377,A00073,M0058,2025-08-19 23:15:48,Purchase,1081.44,UPI,Pending,INR
T004378,A00174,M0018,2024-04-09 03:07:32,Purchase,864.96,UPI,Success,INR
T004379,A00232,M0059,2025-09-07 23:41:01,Purchase,751.8,NetBanking,Success,INR
T004380,A00270,M0091,2025-07-11 01:56:46,Purchase,398.18,Card,Success,INR
T004381,A00428,M0048,2025-07-09 19:41:23,Withdrawal,2614.54,Wallet,Success,INR
T004382,A00447,M0063,2024-10-04 08:56:11,Bill_Payment,570.09,UPI,Success,INR
T004383,A00362,M0012,2025-11-23 07:55:17,Bill_Payment,3121.72,Card,Success,INR
T004384,A00222,M0087,2025-11-29 06:44:34,Bill_Payment,313.02,NetBanking,Success,INR
T004385,A00052,M0034,2025-09-17 09:19:37,Bill_Payment,704.31,ATM,Success,INR
T004386,A00116,M0061,2025-05-05 07:40:48,Purchase,6427.56,ATM,Success,INR
T004387,A00026,M0087,2024-09-11 19:20:54,Withdrawal,1354.46,ATM,Success,INR
T004388,A00053,M0053,2025-01-15 04:58:30,Withdrawal,705.22,Wallet,Success,INR
T004389,A00365,M0025,2025-06-25 21:50:19,Purchase,623.11,Card,Failed,INR
T004390,A00029,M0062,2024-09-20 13:47:27,Transfer,501.47,UPI,Success,INR
T004391,A00019,M0004,2025-09-01 21:52:03,Purchase,1649.66,Card,Success,INR
T004392,A00303,M0094,2024-11-24 00:07:04,Bill_Payment,2462.02,UPI,Failed,INR
T004393,A00392,M0094,2024-04-24 14:24:59,Transfer,1374.94,UPI,Success,INR
T004394,A00279,M0013,2024-10-02 07:24:01,Refund,1039.72,Card,Success,INR
T004395,A00117,M0042,2025-05-02 09:39:10,Purchase,1884.49,NetBanking,Success,INR
T004396,A00106,M0049,2024-10-07 22:37:34,Purchase,309.79,Card,Success,INR
T004397,A00419,M0078,2024-10-01 06:25:54,Refund,1541.13,UPI,Success,INR
T004398,A00309,M0056,2025-12-19 13:22:46,Purchase,1621.63,Card,Failed,INR
T004399,A00227,M0047,2024-11-23 03:19:52,Purchase,1394.96,Wallet,Failed,INR
T004400,A00352,M0008,2024-07-29 09:26:41,Transfer,665.34,NetBanking,Success,INR
T004401,A00186,M0055,2025-12-27 04:02:26,Bill_Payment,545.91,Card,Success,INR
T004402,A00261,M0088,2025-07-05 11:32:04,Purchase,340.1,Card,Success,INR
T004403,A00016,M0018,2024-01-26 19:02:35,Purchase,4119.65,Wallet,Success,INR
T004404,A00273,M0035,2024-01-27 00:21:44,Transfer,1043.04,UPI,Failed,INR
T004405,A00160,M0089,2025-12-02 13:41:24,Purchase,748.88,UPI,Success,INR
T004406,A00358,M0081,2024-03-23 22:52:48,Purchase,686.01,UPI,Success,INR
T004407,A00250,M0032,2025-11-12 02:47:02,Bill_Payment,463.66,UPI,Success,INR
T004408,A00224,M0024,2025-02-16 21:04:46,Withdrawal,677.13,UPI,Success,INR
T004409,A00256,M0007,2024-06-15 21:29:14,Bill_Payment,3262.04,Card,Success,INR
T004410,A00180,M0013,2025-11-30 09:20:17,Purchase,1851.11,UPI,Success,INR
T004411,A00020,M0091,2024-06-17 19:18:18,Transfer,2311.48,UPI,Success,INR
T004412,A00112,M0069,2024-08-16 16:20:24,Refund,2600.24,UPI,Success,INR
T004413,A00120,M0100,2025-08-31 19:33:10,Transfer,7941.42,Wallet,Success,INR
T004414,A00194,M0090,2025-01-01 09:31:47,Purchase,1124.34,Card,Success,INR
T004415,A00111,M0042,2025-06-11 19:01:20,Refund,746.06,UPI,Success,INR
T004416,A00210,M0031,2025-10-08 06:12:07,Transfer,1625.32,UPI,Success,INR
T004417,A00001,M0074,2025-06-21 00:54:04,Bill_Payment,1966.1,Card,Success,INR
T004418,A00058,M0026,2025-06-07 06:18:40,Purchase,1063.54,Card,Success,INR
T004419,A00093,M0086,2024-03-12 06:58:10,Transfer,490.5,Card,Success,INR
T004420,A00221,M0076,2025-10-06 17:51:17,Bill_Payment,1296.47,Wallet,Success,INR
T004421,A00211,M0032,2024-04-15 13:28:56,Transfer,1790.13,Card,Success,INR
T004422,A00428,M0091,2025-11-19 02:10:55,Purchase,1499.14,Wallet,Success,INR
T004423,A00232,M0097,2024-10-08 00:26:41,Purchase,209.79,UPI,Success,INR
T004424,A00262,M0052,2024-05-12 08:52:32,Purchase,262.15,Wallet,Success,INR
T004425,A00364,M0020,2025-06-17 13:59:34,Purchase,2090.39,NetBanking,Success,INR
T004426,A00103,M0040,2024-09-25 01:34:50,Withdrawal,784.4,UPI,Success,INR
T004427,A00050,M0059,2025-02-15 03:28:41,Purchase,8120.24,UPI,Success,INR
T004428,A00374,M0077,2025-11-03 21:06:59,Purchase,3666.69,Card,Success,INR
T004429,A00110,M0014,2025-09-10 02:14:18,Purchase,350.26,UPI,Success,INR
T004430,A00088,M0044,2024-01-18 03:48:24,Purchase,2762.42,NetBanking,Success,INR
T004431,A00020,M0086,2024-04-26 16:22:13,Transfer,4630.96,NetBanking,Success,INR
T004432,A00014,M0082,2024-05-23 19:45:01,Withdrawal,734.55,UPI,Pending,INR
T004433,A00133,M0048,2025-12-17 12:10:56,Bill_Payment,1014.79,UPI,Success,INR
T004434,A00425,M0093,2025-07-04 10:20:56,Purchase,669.66,ATM,Success,INR
T004435,A00296,M0043,2025-10-27 15:55:52,Transfer,399.26,UPI,Success,INR
T004436,A00034,M0016,2025-11-18 08:30:15,Purchase,4533.64,UPI,Success,INR
T004437,A00380,M0035,2025-02-25 00:32:07,Purchase,106.59,UPI,Success,INR
T004438,A00208,M0053,2025-01-03 04:18:32,Transfer,597.57,ATM,Success,INR
T004439,A00301,M0034,2025-10-07 02:18:21,Bill_Payment,749.79,NetBanking,Success,INR
T004440,A00199,M0003,2025-07-11 20:33:13,Purchase,1263.28,Card,Success,INR
T004441,A00080,M0068,2024-02-19 19:43:48,Purchase,359.34,UPI,Success,INR
T004442,A00071,M0005,2025-11-08 19:05:59,Withdrawal,3712.43,UPI,Success,INR
T004443,A00155,M0010,2024-04-15 17:30:58,Transfer,210.12,UPI,Success,INR
T004444,A00078,M0052,2024-08-03 18:02:06,Purchase,212.91,NetBanking,Success,INR
T004445,A00078,M0029,2025-10-19 06:30:34,Transfer,1155.45,UPI,Success,INR
T004446,A00172,M0096,2025-02-28 08:25:41,Refund,344.38,Card,Success,INR
T004447,A00289,M0031,2024-03-12 04:10:07,Purchase,1322.11,Card,Success,INR
T004448,A00033,M0066,2025-03-21 07:26:39,Purchase,563.36,UPI,Success,INR
T004449,A00300,M0076,2024-07-04 15:30:20,Purchase,2268.01,ATM,Success,INR
T004450,A00276,M0091,2024-03-10 04:21:14,Withdrawal,475.76,UPI,Success,INR
T004451,A00367,M0069,2024-05-29 04:17:06,Purchase,4024.26,UPI,Success,INR
T004452,A00420,M0037,2024-09-02 20:10:31,Refund,1932.3,Wallet,Success,INR
T004453,A00007,M0027,2025-06-21 12:26:31,Withdrawal,554.3,UPI,Failed,INR
T004454,A00160,M0087,2025-10-13 00:54:15,Purchase,1923.35,UPI,Failed,INR
T004455,A00240,M0033,2024-04-08 09:23:46,Purchase,1250.64,Card,Success,INR
T004456,A00423,M0068,2024-10-04 01:22:24,Transfer,2223.77,UPI,Success,INR
T004457,A00024,M0059,2025-07-16 10:30:26,Purchase,1880.89,ATM,Success,INR
T004458,A00214,M0064,2025-10-24 08:28:17,Bill_Payment,1515.28,UPI,Pending,INR
T004459,A00070,M0085,2025-03-30 07:42:03,Purchase,1162.34,UPI,Success,INR
T004460,A00368,M0088,2024-04-13 09:48:07,Purchase,2475.08,NetBanking,Success,INR
T004461,A00216,M0044,2025-08-23 03:17:25,Transfer,3144.9,UPI,Success,INR
T004462,A00104,M0095,2025-10-14 18:55:06,Purchase,1240.05,Wallet,Success,INR
T004463,A00215,M0088,2025-12-25 20:16:26,Transfer,1892.27,UPI,Success,INR
T004464,A00054,M0049,2024-08-20 23:50:07,Purchase,2549.19,UPI,Failed,INR
T004465,A00294,M0053,2025-01-28 15:26:09,Transfer,4657.5,UPI,Success,INR
T004466,A00330,M0074,2025-05-15 22:37:14,Transfer,3979.5,UPI,Success,INR
T004467,A00336,M0049,2025-11-25 22:12:05,Transfer,2770.74,Card,Success,INR
T004468,A00203,M0066,2024-09-07 07:04:23,Transfer,755.43,UPI,Success,INR
T004469,A00288,M0095,2025-06-04 00:12:24,Purchase,336.44,Card,Success,INR
T004470,A00045,M0063,2024-03-19 10:04:42,Purchase,1814.14,UPI,Success,INR
T004471,A00317,M0025,2024-02-21 14:28:02,Purchase,1801.82,UPI,Success,INR
T004472,A00198,M0004,2024-08-13 15:11:29,Purchase,767.2,UPI,Success,INR
T004473,A00216,M0051,2024-02-20 21:13:27,Refund,330.03,Card,Success,INR
T004474,A00309,M0011,2024-07-04 21:57:52,Purchase,4866.91,UPI,Success,INR
T004475,A00384,M0017,2024-02-03 17:59:26,Transfer,1608.46,UPI,Success,INR
T004476,A00435,M0066,2024-05-10 18:15:11,Purchase,369.66,Wallet,Success,INR
T004477,A00332,M0070,2025-09-23 00:53:37,Transfer,978.2,UPI,Success,INR
T004478,A00184,M0073,2025-03-18 22:24:02,Withdrawal,327.24,UPI,Success,INR
T004479,A00027,M0069,2025-03-07 08:25:59,Purchase,2025.57,UPI,Success,INR
T004480,A00166,M0084,2025-12-04 14:51:49,Withdrawal,5796.87,UPI,Success,INR
T004481,A00318,M0029,2025-05-11 17:12:50,Purchase,927.58,NetBanking,Success,INR
T004482,A00274,M0085,2025-02-06 06:12:37,Transfer,1009.05,UPI,Success,INR
T004483,A00383,M0073,2024-11-18 11:45:54,Withdrawal,855.21,Card,Success,INR
T004484,A00365,M0092,2024-07-28 10:42:50,Purchase,896.09,UPI,Success,INR
T004485,A00103,M0072,2025-09-06 01:57:14,Withdrawal,545.48,ATM,Failed,INR
T004486,A00448,M0095,2024-11-24 04:31:03,Purchase,3804.11,UPI,Success,INR
T004487,A00333,M0020,2025-01-06 11:43:00,Withdrawal,1307.05,Card,Success,INR
T004488,A00373,M0027,2025-04-04 13:54:59,Purchase,1161.01,UPI,Success,INR
T004489,A00104,M0008,2024-05-12 20:38:32,Transfer,894.76,Card,Success,INR
T004490,A00414,M0085,2025-10-12 20:55:48,Bill_Payment,348.76,Card,Success,INR
T004491,A00245,M0061,2024-04-30 23:41:15,Purchase,2551.77,UPI,Success,INR
T004492,A00305,M0028,2025-08-28 07:28:45,Purchase,3946.81,Card,Success,INR
T004493,A00169,M0087,2025-03-27 05:26:15,Bill_Payment,205.34,Card,Success,INR
T004494,A00116,M0070,2024-05-08 06:10:31,Purchase,2076.63,UPI,Success,INR
T004495,A00141,M0003,2024-03-31 21:22:15,Transfer,2383.21,UPI,Success,INR
T004496,A00418,M0069,2025-08-26 13:15:31,Bill_Payment,3483.47,UPI,Success,INR
T004497,A00356,M0073,2025-07-28 06:25:00,Transfer,3245.16,UPI,Success,INR
T004498,A00125,M0007,2024-01-29 02:59:28,Purchase,11757.22,UPI,Success,INR
T004499,A00025,M0060,2025-12-22 16:28:57,Purchase,1572.21,Card,Success,INR
T004500,A00194,M0004,2025-06-07 14:04:57,Purchase,2679.57,UPI,Success,INR
T004501,A00384,M0005,2024-11-28 03:09:17,Purchase,1108.97,UPI,Success,INR
T004502,A00100,M0011,2024-10-23 18:36:13,Purchase,532.43,Card,Success,INR
T004503,A00402,M0015,2024-05-09 06:55:46,Withdrawal,2074.44,Card,Success,INR
T004504,A00005,M0064,2024-10-19 19:43:58,Purchase,2682.26,Wallet,Success,INR
T004505,A00019,M0098,2024-06-21 15:19:09,Bill_Payment,1491.6,NetBanking,Success,INR
T004506,A00170,M0013,2025-12-20 01:32:46,Bill_Payment,246.11,NetBanking,Success,INR
T004507,A00274,M0007,2024-01-24 11:32:56,Bill_Payment,297.66,UPI,Success,INR
T004508,A00254,M0006,2024-04-08 14:48:38,Purchase,2187.61,Card,Success,INR
T004509,A00121,M0056,2025-02-09 19:19:10,Transfer,789.06,Card,Success,INR
T004510,A00032,M0064,2024-12-21 14:16:48,Purchase,1510.94,NetBanking,Success,INR
T004511,A00149,M0050,2024-05-18 14:51:46,Purchase,1693.28,UPI,Success,INR
T004512,A00266,M0030,2025-05-17 21:59:09,Transfer,989.33,Card,Success,INR
T004513,A00037,M0022,2024-06-22 11:09:27,Bill_Payment,870.9,Card,Success,INR
T004514,A00177,M0025,2024-01-29 09:21:39,Purchase,975.31,UPI,Success,INR
T004515,A00342,M0028,2025-05-10 13:45:45,Purchase,1867.47,Card,Success,INR
T004516,A00013,M0084,2025-10-16 14:33:49,Purchase,1689.18,UPI,Success,INR
T004517,A00183,M0039,2024-12-16 06:29:46,Withdrawal,534.28,Card,Success,INR
T004518,A00145,M0067,2025-07-07 16:27:53,Bill_Payment,1082.09,Card,Success,INR
T004519,A00265,M0005,2024-10-25 11:33:05,Purchase,422.15,UPI,Success,INR
T004520,A00088,M0065,2025-12-20 02:05:09,Purchase,1742.23,NetBanking,Success,INR
T004521,A00428,M0015,2024-07-10 21:16:47,Bill_Payment,721.27,Wallet,Success,INR
T004522,A00046,M0090,2025-11-02 21:52:44,Purchase,2096.02,UPI,Success,INR
T004523,A00392,M0067,2024-03-04 21:25:50,Withdrawal,883.25,UPI,Success,INR
T004524,A00119,M0040,2025-10-25 21:03:57,Purchase,3070.53,Card,Success,INR
T004525,A00421,M0098,2024-08-02 17:35:05,Purchase,3640.05,Card,Success,INR
T004526,A00019,M0069,2024-06-14 11:54:11,Transfer,1635.63,UPI,Success,INR
T004527,A00447,M0095,2025-06-26 21:21:50,Withdrawal,787.99,NetBanking,Success,INR
T004528,A00220,M0077,2024-08-19 09:33:27,Purchase,471.74,ATM,Success,INR
T004529,A00430,M0043,2025-06-24 12:56:46,Purchase,2605.73,Card,Success,INR
T004530,A00233,M0001,2024-07-13 22:05:18,Purchase,1033.21,UPI,Success,INR
T004531,A00094,M0022,2025-05-20 12:40:52,Transfer,1145.2,Card,Success,INR
T004532,A00251,M0062,2024-11-29 02:50:48,Bill_Payment,773.12,Card,Success,INR
T004533,A00250,M0079,2024-10-30 02:55:15,Bill_Payment,315.92,NetBanking,Success,INR
T004534,A00282,M0026,2025-03-12 03:00:30,Purchase,2884.29,UPI,Success,INR
T004535,A00232,M0018,2024-11-18 16:50:31,Bill_Payment,1016.13,Card,Success,INR
T004536,A00046,M0048,2025-05-16 01:53:19,Purchase,205.2,UPI,Success,INR
T004537,A00374,M0009,2025-01-27 20:34:43,Purchase,968.52,Card,Success,INR
T004538,A00046,M0001,2025-08-21 03:58:48,Withdrawal,324.01,UPI,Failed,INR
T004539,A00014,M0009,2024-05-28 03:31:19,Purchase,1865.61,Wallet,Failed,INR
T004540,A00085,M0023,2025-02-08 05:50:58,Purchase,1648.63,Card,Success,INR
T004541,A00319,M0045,2024-10-09 12:58:16,Purchase,4261.72,Wallet,Success,INR
T004542,A00328,M0002,2024-12-27 23:44:02,Withdrawal,290.35,UPI,Success,INR
T004543,A00003,M0014,2025-01-13 10:47:52,Transfer,3997.75,Card,Success,INR
T004544,A00028,M0038,2024-07-16 15:16:11,Purchase,1750.05,ATM,Success,INR
T004545,A00381,M0040,2025-07-09 22:48:03,Bill_Payment,320.47,Wallet,Success,INR
T004546,A00157,M0063,2024-12-21 06:28:26,Withdrawal,5677.78,Wallet,Pending,INR
T004547,A00343,M0082,2025-06-23 07:50:10,Withdrawal,980.43,UPI,Success,INR
T004548,A00402,M0016,2025-03-04 12:41:33,Purchase,375.36,UPI,Success,INR
T004549,A00419,M0093,2024-01-17 07:50:39,Purchase,2795.1,UPI,Success,INR
T004550,A00333,M0075,2025-09-30 19:08:37,Purchase,411.57,UPI,Success,INR
T004551,A00332,M0006,2025-01-13 02:04:07,Withdrawal,3104.47,UPI,Success,INR
T004552,A00175,M0003,2025-11-10 23:51:44,Withdrawal,922.64,Card,Success,INR
T004553,A00114,M0014,2025-05-20 05:37:51,Refund,800.87,NetBanking,Success,INR
T004554,A00389,M0066,2024-03-16 18:17:55,Purchase,339.86,Card,Success,INR
T004555,A00331,M0096,2024-08-18 23:45:10,Purchase,428.7,NetBanking,Success,INR
T004556,A00250,M0095,2025-12-16 15:47:23,Purchase,1267.01,UPI,Success,INR
T004557,A00059,M0075,2024-09-04 07:17:01,Purchase,250.82,NetBanking,Failed,INR
T004558,A00203,M0086,2024-10-28 17:53:08,Transfer,2039.18,UPI,Success,INR
T004559,A00315,M0067,2025-12-26 15:41:07,Refund,683.8,Card,Success,INR
T004560,A00239,M0031,2024-08-02 20:21:09,Transfer,767.59,UPI,Success,INR
T004561,A00234,M0033,2024-06-06 19:36:25,Transfer,1853.53,Wallet,Success,INR
T004562,A00303,M0088,2024-03-09 11:58:06,Transfer,912.63,ATM,Success,INR
T004563,A00095,M0001,2025-01-27 22:32:24,Purchase,3319.33,UPI,Success,INR
T004564,A00141,M0044,2024-03-25 00:10:38,Bill_Payment,173.24,UPI,Success,INR
T004565,A00334,M0015,2024-09-23 20:20:45,Transfer,2253.88,Card,Success,INR
T004566,A00113,M0037,2024-03-09 19:37:59,Purchase,1120.67,Card,Success,INR
T004567,A00109,M0027,2025-09-02 17:28:54,Transfer,606.62,Card,Success,INR
T004568,A00362,M0048,2024-12-12 18:32:40,Transfer,2576.25,UPI,Success,INR
T004569,A00345,M0027,2025-12-28 13:07:14,Purchase,1859.65,NetBanking,Success,INR
T004570,A00289,M0012,2025-11-03 16:57:29,Purchase,1346.83,UPI,Success,INR
T004571,A00097,M0067,2025-02-26 17:44:03,Purchase,873.26,UPI,Success,INR
T004572,A00446,M0030,2025-08-28 13:20:47,Purchase,581.19,UPI,Success,INR
T004573,A00335,M0096,2024-06-22 02:42:21,Purchase,415.28,Wallet,Success,INR
T004574,A00016,M0087,2025-11-07 17:30:04,Transfer,3749.36,UPI,Success,INR
T004575,A00044,M0066,2024-04-24 17:04:49,Purchase,2307.83,NetBanking,Success,INR
T004576,A00442,M0007,2024-08-07 06:23:11,Transfer,1829.48,UPI,Success,INR
T004577,A00376,M0034,2024-01-31 07:14:41,Refund,746.73,UPI,Success,INR
T004578,A00230,M0032,2025-06-06 15:55:04,Transfer,6839.73,ATM,Success,INR
T004579,A00390,M0039,2024-12-08 04:20:42,Transfer,586.98,UPI,Success,INR
T004580,A00108,M0096,2025-01-11 20:51:43,Bill_Payment,780.34,Wallet,Success,INR
T004581,A00217,M0043,2024-05-09 04:49:59,Transfer,5606.37,Wallet,Success,INR
T004582,A00399,M0043,2025-09-08 09:11:43,Purchase,1046.11,Card,Success,INR
T004583,A00260,M0078,2025-06-22 04:15:30,Purchase,5241.16,UPI,Success,INR
T004584,A00312,M0003,2024-01-02 04:34:24,Withdrawal,1541.85,NetBanking,Success,INR
T004585,A00320,M0046,2024-04-10 00:35:34,Withdrawal,690.01,Wallet,Success,INR
T004586,A00196,M0032,2025-06-16 13:43:29,Refund,919.45,ATM,Success,INR
T004587,A00418,M0043,2024-02-27 00:03:04,Transfer,575.29,NetBanking,Success,INR
T004588,A00095,M0100,2025-01-23 13:41:14,Bill_Payment,2046.73,UPI,Success,INR
T004589,A00056,M0081,2025-11-22 20:13:19,Purchase,3296.45,Card,Success,INR
T004590,A00032,M0003,2024-12-06 15:30:10,Transfer,1670.02,Card,Success,INR
T004591,A00231,M0074,2024-01-20 21:52:07,Bill_Payment,1415.54,UPI,Success,INR
T004592,A00372,M0063,2024-09-11 19:10:50,Purchase,430.39,Card,Success,INR
T004593,A00009,M0040,2024-11-12 09:05:34,Purchase,2933.8,NetBanking,Success,INR
T004594,A00191,M0018,2024-02-07 19:53:33,Purchase,2335.33,Card,Success,INR
T004595,A00361,M0067,2025-10-21 14:02:26,Withdrawal,1408.5,NetBanking,Success,INR
T004596,A00200,M0062,2025-06-20 09:45:20,Purchase,836.11,UPI,Success,INR
T004597,A00334,M0010,2025-01-20 13:28:04,Transfer,1140.83,UPI,Success,INR
T004598,A00161,M0052,2025-09-24 16:49:23,Purchase,483.52,UPI,Success,INR
T004599,A00087,M0073,2024-01-26 20:50:36,Purchase,290.94,UPI,Success,INR
T004600,A00021,M0046,2025-03-29 22:22:08,Refund,837.26,UPI,Pending,INR
T004601,A00311,M0055,2025-11-11 15:18:33,Purchase,505.72,Wallet,Success,INR
T004602,A00076,M0046,2024-11-18 14:44:56,Purchase,694.46,Card,Success,INR
T004603,A00441,M0075,2025-05-27 02:48:53,Purchase,706.87,UPI,Success,INR
T004604,A00386,M0060,2024-01-13 01:46:45,Transfer,1022.27,UPI,Success,INR
T004605,A00141,M0097,2025-07-13 08:24:29,Purchase,963.6,Card,Success,INR
T004606,A00126,M0100,2025-01-05 22:53:30,Transfer,70.26,UPI,Success,INR
T004607,A00251,M0026,2024-10-17 04:44:45,Refund,1499.83,Card,Success,INR
T004608,A00388,M0027,2024-11-27 09:55:02,Purchase,1234.41,UPI,Success,INR
T004609,A00084,M0038,2025-08-28 22:11:23,Purchase,2604.6,UPI,Success,INR
T004610,A00434,M0022,2024-09-17 03:45:02,Transfer,904.67,NetBanking,Success,INR
T004611,A00371,M0026,2024-07-23 12:54:39,Transfer,2910.24,Card,Failed,INR
T004612,A00048,M0086,2025-11-27 22:03:04,Purchase,955.54,UPI,Success,INR
T004613,A00379,M0069,2025-11-17 04:00:26,Transfer,1489.31,ATM,Success,INR
T004614,A00078,M0035,2025-01-21 19:30:31,Refund,480.38,UPI,Success,INR
T004615,A00030,M0066,2025-04-12 04:24:20,Purchase,3048.71,UPI,Failed,INR
T004616,A00285,M0099,2025-02-18 13:01:05,Transfer,3533.34,NetBanking,Success,INR
T004617,A00136,M0073,2024-03-09 13:10:04,Purchase,5972.88,NetBanking,Success,INR
T004618,A00140,M0051,2025-04-16 15:57:03,Transfer,673.04,UPI,Success,INR
T004619,A00041,M0018,2024-04-13 20:39:39,Purchase,1766.43,Card,Success,INR
T004620,A00282,M0043,2024-06-09 08:39:12,Transfer,300.12,UPI,Success,INR
T004621,A00050,M0012,2024-07-18 22:31:49,Transfer,200.64,ATM,Success,INR
T004622,A00258,M0003,2024-08-03 08:32:17,Purchase,1820.91,Card,Success,INR
T004623,A00311,M0082,2024-07-30 15:05:25,Withdrawal,990.73,UPI,Success,INR
T004624,A00360,M0007,2025-05-22 10:46:07,Transfer,344.96,UPI,Success,INR
T004625,A00440,M0097,2024-01-16 11:35:05,Purchase,1288.48,Card,Success,INR
T004626,A00270,M0006,2025-05-12 00:33:22,Bill_Payment,2540.91,Card,Pending,INR
T004627,A00134,M0082,2024-11-27 22:49:19,Purchase,1160.71,NetBanking,Success,INR
T004628,A00234,M0045,2025-12-17 16:43:57,Withdrawal,3313.07,Wallet,Success,INR
T004629,A00128,M0086,2025-07-04 15:28:33,Purchase,605.06,UPI,Success,INR
T004630,A00104,M0039,2025-08-23 11:36:55,Transfer,2905.82,NetBanking,Success,INR
T004631,A00254,M0051,2024-09-12 18:03:17,Purchase,776.35,Card,Success,INR
T004632,A00095,M0009,2025-12-28 16:54:19,Purchase,3318.1,Card,Success,INR
T004633,A00337,M0099,2024-06-20 17:33:56,Purchase,349.3,Card,Success,INR
T004634,A00217,M0023,2025-10-10 21:44:03,Withdrawal,1349.73,UPI,Success,INR
T004635,A00061,M0012,2025-05-12 06:19:03,Withdrawal,1347.17,UPI,Success,INR
T004636,A00268,M0088,2025-04-15 15:45:39,Transfer,1684.8,NetBanking,Failed,INR
T004637,A00241,M0062,2025-01-18 21:12:06,Bill_Payment,799.29,Card,Success,INR
T004638,A00013,M0073,2025-11-20 22:32:12,Bill_Payment,1617.29,Wallet,Success,INR
T004639,A00147,M0077,2025-08-11 08:25:39,Transfer,917.4,UPI,Success,INR
T004640,A00428,M0040,2025-11-30 09:28:41,Transfer,682.71,UPI,Success,INR
T004641,A00240,M0054,2025-05-21 11:56:35,Purchase,3915.44,UPI,Success,INR
T004642,A00089,M0081,2025-06-10 14:27:12,Bill_Payment,1176.42,UPI,Success,INR
T004643,A00095,M0007,2024-11-20 13:50:31,Bill_Payment,280.77,ATM,Success,INR
T004644,A00315,M0017,2024-08-01 11:30:46,Purchase,598.41,UPI,Success,INR
T004645,A00293,M0050,2024-07-26 12:41:18,Transfer,4049.46,Card,Success,INR
T004646,A00025,M0024,2024-06-17 05:44:58,Bill_Payment,484.08,Card,Success,INR
T004647,A00272,M0002,2024-11-25 22:17:32,Purchase,1784.26,NetBanking,Success,INR
T004648,A00166,M0099,2024-10-06 23:10:04,Purchase,586.93,Card,Failed,INR
T004649,A00427,M0092,2024-10-31 13:18:38,Purchase,300.55,Card,Success,INR
T004650,A00250,M0083,2024-05-25 15:53:55,Purchase,1689.87,NetBanking,Success,INR
T004651,A00087,M0033,2025-05-30 01:42:05,Purchase,815.88,UPI,Success,INR
T004652,A00142,M0021,2024-03-30 13:11:51,Purchase,4581.01,ATM,Success,INR
T004653,A00134,M0074,2025-03-28 08:04:06,Purchase,3019.93,NetBanking,Success,INR
T004654,A00279,M0053,2024-02-29 02:48:34,Bill_Payment,3424.57,UPI,Success,INR
T004655,A00126,M0046,2024-11-06 00:10:37,Purchase,2862.58,NetBanking,Success,INR
T004656,A00316,M0045,2025-06-11 10:43:54,Purchase,2039.71,NetBanking,Success,INR
T004657,A00396,M0009,2024-08-14 09:56:16,Purchase,320.79,Wallet,Success,INR
T004658,A00141,M0006,2025-04-18 06:33:20,Purchase,888.42,UPI,Pending,INR
T004659,A00356,M0051,2025-06-24 22:43:07,Refund,2005.78,NetBanking,Success,INR
T004660,A00103,M0035,2025-10-24 07:26:49,Bill_Payment,844.41,UPI,Success,INR
T004661,A00226,M0082,2024-03-19 06:35:56,Transfer,1067.42,UPI,Success,INR
T004662,A00390,M0053,2025-03-08 16:31:09,Purchase,2105.17,NetBanking,Success,INR
T004663,A00063,M0019,2024-06-01 10:39:28,Transfer,2836.85,NetBanking,Success,INR
T004664,A00294,M0069,2025-02-04 21:26:25,Purchase,478.03,Card,Success,INR
T004665,A00384,M0025,2024-10-05 21:21:42,Purchase,2004.27,Card,Success,INR
T004666,A00306,M0011,2024-02-26 03:18:00,Purchase,1823.41,NetBanking,Success,INR
T004667,A00254,M0074,2024-07-04 23:08:39,Refund,450.35,Wallet,Success,INR
T004668,A00180,M0017,2025-02-01 15:52:35,Purchase,760.64,UPI,Pending,INR
T004669,A00040,M0036,2025-08-27 18:08:36,Transfer,1254.78,UPI,Success,INR
T004670,A00264,M0090,2024-06-06 19:40:56,Purchase,3831.28,NetBanking,Success,INR
T004671,A00189,M0095,2025-11-23 02:25:27,Purchase,755.0,UPI,Success,INR
T004672,A00008,M0096,2024-12-24 21:27:40,Transfer,1597.01,UPI,Success,INR
T004673,A00104,M0021,2025-03-15 10:53:31,Purchase,3139.72,Card,Pending,INR
T004674,A00225,M0018,2025-08-11 23:44:29,Bill_Payment,5820.91,Card,Success,INR
T004675,A00034,M0060,2025-04-10 21:55:30,Purchase,1344.99,Card,Success,INR
T004676,A00236,M0018,2025-10-24 11:30:17,Purchase,162.76,Wallet,Success,INR
T004677,A00228,M0001,2025-03-21 23:30:58,Transfer,2517.63,UPI,Success,INR
T004678,A00188,M0014,2025-05-02 17:27:07,Withdrawal,1326.05,UPI,Success,INR
T004679,A00313,M0008,2025-06-13 08:43:57,Purchase,512.64,UPI,Failed,INR
T004680,A00430,M0066,2024-03-13 05:41:59,Transfer,2079.65,UPI,Success,INR
T004681,A00022,M0051,2025-12-01 02:13:03,Withdrawal,5876.98,Card,Success,INR
T004682,A00343,M0079,2024-01-17 12:24:16,Purchase,1323.57,UPI,Success,INR
T004683,A00040,M0060,2025-06-14 01:33:55,Bill_Payment,254.77,NetBanking,Success,INR
T004684,A00173,M0034,2024-11-21 05:27:02,Purchase,4022.6,NetBanking,Failed,INR
T004685,A00439,M0036,2025-09-23 20:49:35,Purchase,1119.21,UPI,Success,INR
T004686,A00179,M0062,2025-09-04 16:51:06,Transfer,2082.44,UPI,Success,INR
T004687,A00086,M0001,2025-06-29 15:33:25,Purchase,1159.58,UPI,Success,INR
T004688,A00133,M0085,2025-08-18 03:10:03,Transfer,1653.34,Card,Success,INR
T004689,A00351,M0042,2025-12-08 16:47:57,Transfer,1996.43,UPI,Success,INR
T004690,A00013,M0001,2024-07-20 18:03:55,Purchase,2267.09,NetBanking,Success,INR
T004691,A00028,M0096,2024-12-09 09:08:23,Bill_Payment,1251.37,UPI,Success,INR
T004692,A00084,M0084,2025-06-06 02:01:51,Transfer,553.07,Wallet,Success,INR
T004693,A00318,M0054,2025-02-03 14:03:31,Transfer,1305.46,Card,Success,INR
T004694,A00349,M0047,2024-08-05 05:43:35,Purchase,2229.84,NetBanking,Success,INR
T004695,A00343,M0100,2025-03-20 15:46:48,Purchase,556.55,Card,Pending,INR
T004696,A00280,M0039,2024-08-09 09:19:40,Withdrawal,405.05,Card,Success,INR
T004697,A00354,M0030,2025-01-17 15:50:52,Bill_Payment,3639.95,Card,Success,INR
T004698,A00263,M0007,2025-08-14 11:54:58,Purchase,5026.22,NetBanking,Success,INR
T004699,A00166,M0022,2024-01-07 06:39:12,Transfer,1135.17,Card,Success,INR
T004700,A00293,M0050,2024-09-28 22:59:50,Transfer,1883.9,NetBanking,Success,INR
T004701,A00068,M0045,2024-01-16 04:13:47,Purchase,1537.95,UPI,Failed,INR
T004702,A00226,M0074,2025-02-27 03:49:20,Withdrawal,154.17,UPI,Success,INR
T004703,A00170,M0072,2025-06-07 02:27:06,Purchase,1320.88,UPI,Success,INR
T004704,A00086,M0091,2024-01-21 22:04:35,Purchase,4102.6,NetBanking,Success,INR
T004705,A00133,M0010,2025-11-20 23:06:53,Purchase,381.1,UPI,Success,INR
T004706,A00448,M0014,2024-08-15 16:47:12,Purchase,350.99,NetBanking,Success,INR
T004707,A00178,M0046,2024-10-14 20:33:16,Purchase,568.32,UPI,Success,INR
T004708,A00343,M0075,2024-05-13 16:10:04,Bill_Payment,715.71,UPI,Success,INR
T004709,A00252,M0006,2024-10-09 02:24:33,Withdrawal,1999.05,UPI,Success,INR
T004710,A00015,M0021,2025-02-07 10:02:38,Purchase,3599.59,UPI,Success,INR
T004711,A00223,M0062,2025-10-26 20:49:49,Withdrawal,3524.39,Card,Success,INR
T004712,A00379,M0097,2024-03-06 04:25:04,Transfer,1975.45,Card,Success,INR
T004713,A00201,M0019,2025-10-10 04:16:36,Purchase,261.92,UPI,Success,INR
T004714,A00107,M0088,2025-08-26 15:00:39,Purchase,260.95,Wallet,Success,INR
T004715,A00250,M0082,2025-03-12 01:12:14,Purchase,2123.38,UPI,Success,INR
T004716,A00437,M0099,2024-09-15 07:34:28,Purchase,262.88,Card,Success,INR
T004717,A00409,M0062,2024-04-12 17:57:16,Bill_Payment,1807.72,NetBanking,Failed,INR
T004718,A00089,M0083,2025-07-20 06:07:48,Purchase,1407.75,UPI,Success,INR
T004719,A00125,M0053,2024-04-10 07:50:47,Bill_Payment,722.62,UPI,Failed,INR
T004720,A00113,M0024,2024-07-16 18:05:21,Withdrawal,110.86,UPI,Success,INR
T004721,A00137,M0056,2024-08-13 04:31:25,Purchase,1315.02,Card,Success,INR
T004722,A00247,M0062,2025-04-07 06:42:16,Bill_Payment,1738.31,UPI,Success,INR
T004723,A00166,M0034,2024-08-24 16:46:18,Purchase,664.81,UPI,Success,INR
T004724,A00150,M0022,2024-01-26 10:29:47,Purchase,410.45,UPI,Success,INR
T004725,A00363,M0068,2024-04-30 06:47:05,Transfer,1427.96,UPI,Success,INR
T004726,A00343,M0057,2025-05-20 05:16:01,Purchase,296.77,UPI,Success,INR
T004727,A00433,M0010,2024-06-30 09:17:23,Purchase,1910.6,UPI,Success,INR
T004728,A00068,M0066,2025-12-11 05:13:43,Transfer,2836.31,Card,Success,INR
T004729,A00221,M0008,2025-09-25 20:56:49,Bill_Payment,187.89,UPI,Success,INR
T004730,A00271,M0097,2025-06-26 19:45:23,Purchase,681.76,Card,Success,INR
T004731,A00321,M0038,2024-11-10 07:10:52,Purchase,1049.54,Wallet,Success,INR
T004732,A00310,M0062,2025-09-09 10:25:35,Transfer,1077.65,NetBanking,Success,INR
T004733,A00414,M0028,2024-09-29 01:56:44,Transfer,497.16,NetBanking,Success,INR
T004734,A00349,M0010,2024-08-19 07:43:43,Purchase,329.43,Card,Success,INR
T004735,A00020,M0045,2025-02-23 15:01:26,Bill_Payment,724.78,Card,Success,INR
T004736,A00289,M0065,2025-03-17 01:58:51,Transfer,1958.05,UPI,Success,INR
T004737,A00100,M0098,2025-05-10 23:07:12,Transfer,1832.49,UPI,Success,INR
T004738,A00252,M0067,2024-01-24 07:07:29,Bill_Payment,1852.76,UPI,Success,INR
T004739,A00077,M0009,2024-04-18 01:08:19,Bill_Payment,3380.88,UPI,Success,INR
T004740,A00135,M0005,2025-12-03 14:06:46,Purchase,427.26,Wallet,Success,INR
T004741,A00392,M0010,2025-05-16 08:46:11,Purchase,780.41,Wallet,Success,INR
T004742,A00412,M0012,2024-01-25 08:29:40,Withdrawal,928.57,UPI,Success,INR
T004743,A00173,M0082,2024-07-05 22:31:58,Refund,81.92,Card,Pending,INR
T004744,A00363,M0058,2024-10-14 07:21:09,Transfer,1341.87,Card,Failed,INR
T004745,A00201,M0021,2025-09-19 18:06:19,Purchase,1067.74,Card,Success,INR
T004746,A00217,M0021,2024-12-03 06:43:56,Transfer,394.37,Card,Success,INR
T004747,A00376,M0065,2024-02-06 06:58:30,Purchase,2402.26,UPI,Success,INR
T004748,A00208,M0003,2024-05-16 06:30:30,Refund,2269.45,Card,Success,INR
T004749,A00074,M0069,2025-05-22 12:20:07,Purchase,1571.59,Card,Success,INR
T004750,A00011,M0089,2024-08-14 10:32:28,Bill_Payment,235.58,Card,Success,INR
T004751,A00287,M0064,2024-11-15 23:08:19,Purchase,456.82,UPI,Success,INR
T004752,A00256,M0049,2024-06-30 22:56:05,Bill_Payment,1441.78,ATM,Success,INR
T004753,A00012,M0072,2024-03-26 15:56:07,Purchase,676.37,NetBanking,Success,INR
T004754,A00380,M0017,2025-04-11 10:36:20,Withdrawal,890.92,Card,Success,INR
T004755,A00078,M0073,2024-02-22 01:17:32,Refund,407.06,UPI,Success,INR
T004756,A00435,M0032,2024-08-22 20:06:10,Transfer,1303.38,UPI,Success,INR
T004757,A00172,M0070,2025-03-08 01:58:04,Transfer,4248.46,NetBanking,Success,INR
T004758,A00096,M0021,2025-05-10 12:40:30,Purchase,1467.57,UPI,Success,INR
T004759,A00306,M0007,2024-04-09 14:47:56,Purchase,2628.37,UPI,Failed,INR
T004760,A00373,M0007,2025-08-21 22:17:08,Bill_Payment,2415.96,UPI,Success,INR
T004761,A00273,M0027,2025-02-06 00:44:15,Purchase,794.43,UPI,Success,INR
T004762,A00419,M0008,2025-01-30 16:02:32,Withdrawal,927.97,UPI,Success,INR
T004763,A00385,M0073,2025-06-10 13:14:30,Transfer,4120.1,UPI,Success,INR
T004764,A00413,M0028,2025-02-18 01:27:52,Purchase,2120.24,Card,Success,INR
T004765,A00179,M0079,2025-09-04 00:03:38,Purchase,2603.95,Wallet,Success,INR
T004766,A00064,M0066,2025-11-07 10:24:31,Purchase,1274.03,Card,Pending,INR
T004767,A00132,M0071,2025-04-07 13:32:42,Purchase,770.65,Card,Success,INR
T004768,A00343,M0047,2025-06-24 05:58:35,Bill_Payment,859.87,NetBanking,Success,INR
T004769,A00412,M0082,2025-09-17 09:31:47,Withdrawal,3787.84,UPI,Success,INR
T004770,A00272,M0086,2025-09-10 21:51:21,Purchase,1095.83,UPI,Success,INR
T004771,A00319,M0010,2024-12-29 04:59:46,Purchase,3370.73,UPI,Success,INR
T004772,A00332,M0033,2024-05-09 23:30:24,Transfer,3884.0,NetBanking,Success,INR
T004773,A00437,M0007,2024-03-24 19:36:40,Purchase,2511.28,Card,Success,INR
T004774,A00341,M0003,2024-09-27 15:14:48,Purchase,2260.37,UPI,Success,INR
T004775,A00109,M0014,2024-08-31 03:13:23,Purchase,5050.36,Card,Success,INR
T004776,A00273,M0044,2025-01-22 18:53:44,Bill_Payment,512.32,Wallet,Success,INR
T004777,A00168,M0046,2024-08-01 08:01:37,Purchase,756.68,UPI,Success,INR
T004778,A00397,M0061,2024-06-14 05:13:22,Purchase,353.04,Card,Success,INR
T004779,A00180,M0036,2024-02-28 04:33:31,Refund,284.95,UPI,Success,INR
T004780,A00058,M0013,2025-08-24 16:46:39,Purchase,1053.76,Card,Success,INR
T004781,A00421,M0016,2025-05-18 16:51:32,Bill_Payment,1396.49,Card,Success,INR
T004782,A00079,M0080,2025-12-06 16:01:16,Purchase,1728.18,NetBanking,Success,INR
T004783,A00061,M0005,2024-05-02 03:32:50,Purchase,585.49,Card,Success,INR
T004784,A00369,M0089,2025-10-09 20:25:13,Purchase,756.16,Card,Success,INR
T004785,A00121,M0038,2025-02-16 10:23:49,Purchase,2349.75,UPI,Success,INR
T004786,A00207,M0050,2024-05-18 16:30:29,Purchase,294.58,UPI,Success,INR
T004787,A00034,M0038,2024-08-16 19:28:05,Purchase,1109.22,Card,Success,INR
T004788,A00070,M0056,2024-09-30 05:38:57,Purchase,3552.29,UPI,Success,INR
T004789,A00017,M0063,2025-03-14 23:56:21,Purchase,863.47,UPI,Success,INR
T004790,A00020,M0048,2025-07-15 06:48:27,Transfer,750.66,UPI,Success,INR
T004791,A00315,M0090,2024-04-27 16:33:16,Bill_Payment,3356.15,UPI,Success,INR
T004792,A00069,M0059,2025-12-14 19:35:09,Bill_Payment,307.24,UPI,Success,INR
T004793,A00215,M0077,2025-04-27 02:20:36,Transfer,531.86,NetBanking,Success,INR
T004794,A00161,M0044,2025-01-29 02:48:06,Bill_Payment,550.57,UPI,Success,INR
T004795,A00102,M0090,2025-12-03 23:07:56,Purchase,2048.36,Card,Success,INR
T004796,A00376,M0055,2025-04-04 05:30:51,Purchase,258.88,Card,Failed,INR
T004797,A00206,M0055,2025-11-23 11:02:12,Purchase,3328.43,NetBanking,Success,INR
T004798,A00145,M0001,2024-03-18 04:07:22,Withdrawal,1070.68,UPI,Success,INR
T004799,A00057,M0008,2025-02-15 00:29:05,Bill_Payment,2810.78,Wallet,Failed,INR
T004800,A00083,M0004,2024-03-15 03:31:37,Transfer,3350.09,UPI,Success,INR
T004801,A00385,M0085,2024-10-21 01:04:39,Purchase,540.75,Card,Success,INR
T004802,A00269,M0086,2024-01-21 23:48:17,Transfer,1114.88,UPI,Success,INR
T004803,A00411,M0053,2024-06-19 05:08:19,Purchase,893.13,NetBanking,Success,INR
T004804,A00187,M0058,2024-01-15 09:43:55,Purchase,1033.91,UPI,Success,INR
T004805,A00006,M0037,2024-07-29 05:10:51,Transfer,656.79,UPI,Success,INR
T004806,A00353,M0049,2025-07-13 20:53:44,Purchase,2989.16,UPI,Success,INR
T004807,A00350,M0067,2024-03-26 21:15:24,Purchase,927.55,NetBanking,Success,INR
T004808,A00110,M0019,2024-05-28 10:20:49,Withdrawal,811.82,UPI,Success,INR
T004809,A00407,M0001,2025-11-30 06:37:29,Transfer,3014.51,Card,Success,INR
T004810,A00138,M0029,2025-01-06 20:21:49,Purchase,2327.51,ATM,Success,INR
T004811,A00051,M0087,2025-04-24 08:04:36,Purchase,1420.54,UPI,Pending,INR
T004812,A00403,M0033,2024-05-30 19:28:43,Refund,770.35,ATM,Success,INR
T004813,A00051,M0052,2024-05-20 09:12:04,Purchase,4097.57,UPI,Success,INR
T004814,A00087,M0041,2024-03-09 04:23:07,Purchase,423.62,NetBanking,Success,INR
T004815,A00068,M0023,2024-09-16 14:51:02,Purchase,2878.85,ATM,Success,INR
T004816,A00084,M0005,2025-06-04 23:53:04,Transfer,1927.17,ATM,Success,INR
T004817,A00042,M0071,2025-09-24 19:43:55,Purchase,350.81,Card,Success,INR
T004818,A00219,M0057,2025-01-05 01:04:01,Purchase,1172.06,Wallet,Success,INR
T004819,A00057,M0006,2025-02-22 12:28:10,Purchase,334.06,UPI,Failed,INR
T004820,A00226,M0049,2024-04-10 07:03:22,Purchase,801.82,UPI,Success,INR
T004821,A00196,M0022,2025-10-22 18:23:21,Purchase,1411.13,UPI,Success,INR
T004822,A00248,M0077,2025-10-19 06:27:17,Transfer,440.15,UPI,Success,INR
T004823,A00166,M0076,2024-08-30 11:56:28,Bill_Payment,132.56,NetBanking,Failed,INR
T004824,A00062,M0004,2025-05-26 21:11:50,Bill_Payment,977.52,UPI,Success,INR
T004825,A00263,M0072,2025-07-08 00:09:13,Transfer,1330.22,ATM,Failed,INR
T004826,A00112,M0064,2024-04-04 03:51:00,Transfer,781.11,Card,Success,INR
T004827,A00253,M0037,2024-08-13 01:57:25,Bill_Payment,1081.55,Wallet,Success,INR
T004828,A00199,M0031,2025-06-01 20:48:36,Bill_Payment,932.95,NetBanking,Success,INR
T004829,A00178,M0037,2024-08-01 15:40:35,Bill_Payment,438.82,NetBanking,Success,INR
T004830,A00436,M0045,2025-12-18 08:57:41,Purchase,6325.89,UPI,Success,INR
T004831,A00026,M0090,2024-03-07 21:54:39,Purchase,1458.68,Card,Success,INR
T004832,A00410,M0008,2025-01-30 00:47:33,Refund,747.51,UPI,Success,INR
T004833,A00246,M0040,2025-09-03 21:01:04,Refund,522.01,UPI,Success,INR
T004834,A00019,M0097,2024-01-12 13:20:22,Transfer,766.77,UPI,Failed,INR
T004835,A00265,M0093,2024-08-24 00:45:36,Refund,789.61,Card,Success,INR
T004836,A00317,M0005,2025-02-02 09:22:04,Withdrawal,1134.94,UPI,Success,INR
T004837,A00020,M0028,2025-02-10 03:10:40,Transfer,3076.62,UPI,Success,INR
T004838,A00106,M0081,2025-04-24 19:38:36,Purchase,531.6,UPI,Success,INR
T004839,A00237,M0087,2025-10-08 08:24:44,Transfer,1286.85,UPI,Success,INR
T004840,A00306,M0009,2024-08-09 03:14:06,Transfer,2252.23,Card,Success,INR
T004841,A00246,M0002,2024-06-04 23:29:25,Refund,597.97,Card,Success,INR
T004842,A00081,M0063,2025-10-15 23:48:14,Transfer,594.88,ATM,Pending,INR
T004843,A00150,M0096,2025-03-03 03:59:02,Bill_Payment,281.97,UPI,Failed,INR
T004844,A00397,M0051,2024-06-06 18:13:40,Bill_Payment,4979.53,UPI,Success,INR
T004845,A00396,M0031,2025-02-19 17:51:01,Purchase,1732.17,UPI,Success,INR
T004846,A00010,M0007,2024-11-21 00:32:15,Purchase,656.33,Wallet,Success,INR
T004847,A00321,M0030,2025-01-05 11:46:16,Transfer,631.24,UPI,Success,INR
T004848,A00224,M0058,2024-12-09 20:46:38,Purchase,433.44,UPI,Success,INR
T004849,A00414,M0003,2024-09-18 21:25:40,Transfer,1263.18,UPI,Success,INR
T004850,A00264,M0051,2024-10-09 11:48:01,Purchase,805.98,UPI,Success,INR
T004851,A00149,M0056,2024-08-16 15:28:41,Purchase,480.27,UPI,Success,INR
T004852,A00278,M0073,2024-10-06 00:47:18,Purchase,547.54,NetBanking,Success,INR
T004853,A00274,M0010,2024-10-16 09:48:50,Purchase,2107.26,Card,Success,INR
T004854,A00194,M0061,2025-11-10 21:56:16,Purchase,777.99,UPI,Success,INR
T004855,A00432,M0050,2024-02-16 10:16:34,Refund,363.13,Card,Failed,INR
T004856,A00172,M0047,2025-12-15 08:26:24,Purchase,1162.36,UPI,Success,INR
T004857,A00265,M0090,2024-08-01 12:36:18,Bill_Payment,591.33,NetBanking,Success,INR
T004858,A00310,M0001,2024-01-24 09:04:03,Refund,1961.5,NetBanking,Success,INR
T004859,A00026,M0094,2024-11-16 04:42:06,Bill_Payment,4256.69,Wallet,Success,INR
T004860,A00350,M0057,2024-09-30 10:49:37,Purchase,191.77,UPI,Success,INR
T004861,A00356,M0038,2025-07-09 06:34:12,Withdrawal,580.42,Card,Success,INR
T004862,A00026,M0062,2024-11-08 17:34:55,Purchase,1242.23,ATM,Success,INR
T004863,A00034,M0079,2024-12-28 02:51:10,Purchase,1023.71,Card,Success,INR
T004864,A00264,M0089,2025-10-29 23:00:04,Bill_Payment,3383.5,UPI,Success,INR
T004865,A00138,M0070,2025-01-14 17:07:10,Purchase,1077.75,Card,Success,INR
T004866,A00304,M0082,2025-12-11 10:06:57,Refund,1318.06,Card,Success,INR
T004867,A00183,M0065,2025-11-04 13:01:34,Transfer,1616.06,UPI,Success,INR
T004868,A00363,M0062,2025-04-14 15:34:02,Purchase,594.21,UPI,Success,INR
T004869,A00242,M0056,2025-11-05 17:34:13,Purchase,1743.55,Card,Success,INR
T004870,A00054,M0067,2024-04-25 13:34:01,Withdrawal,1579.74,NetBanking,Success,INR
T004871,A00168,M0017,2025-08-27 14:38:43,Transfer,1203.36,ATM,Success,INR
T004872,A00119,M0008,2024-02-11 05:38:37,Withdrawal,195.2,UPI,Failed,INR
T004873,A00143,M0060,2025-01-13 15:16:48,Purchase,552.86,NetBanking,Success,INR
T004874,A00081,M0040,2025-12-22 10:07:14,Purchase,1296.15,UPI,Success,INR
T004875,A00245,M0081,2024-07-24 12:48:45,Purchase,1006.66,ATM,Failed,INR
T004876,A00402,M0089,2025-04-10 22:29:44,Purchase,2151.85,UPI,Success,INR
T004877,A00352,M0062,2024-10-06 20:57:29,Purchase,2167.39,UPI,Success,INR
T004878,A00358,M0041,2025-10-09 20:35:02,Purchase,1495.37,UPI,Success,INR
T004879,A00407,M0012,2025-09-09 22:32:21,Purchase,2167.69,Card,Success,INR
T004880,A00062,M0093,2024-04-27 00:09:17,Withdrawal,1720.01,UPI,Failed,INR
T004881,A00046,M0089,2024-08-24 12:19:43,Transfer,682.89,NetBanking,Success,INR
T004882,A00087,M0100,2024-11-04 01:40:40,Purchase,1090.9,Card,Success,INR
T004883,A00099,M0054,2025-03-31 12:57:32,Transfer,407.9,UPI,Success,INR
T004884,A00295,M0089,2025-04-19 16:55:41,Transfer,4205.11,UPI,Success,INR
T004885,A00399,M0093,2024-04-09 20:47:08,Transfer,354.6,UPI,Pending,INR
T004886,A00053,M0011,2024-09-17 07:15:10,Transfer,168.06,UPI,Success,INR
T004887,A00192,M0060,2024-10-31 01:29:09,Purchase,7395.29,Card,Success,INR
T004888,A00447,M0068,2024-12-19 08:26:14,Purchase,1008.71,Card,Success,INR
T004889,A00080,M0078,2024-10-12 23:29:05,Purchase,2453.52,UPI,Success,INR
T004890,A00016,M0046,2024-11-23 11:49:51,Purchase,2121.01,Card,Success,INR
T004891,A00360,M0038,2024-04-12 00:00:57,Transfer,2809.77,UPI,Success,INR
T004892,A00326,M0061,2024-03-03 20:33:59,Bill_Payment,1866.87,Card,Success,INR
T004893,A00194,M0017,2025-11-17 17:56:18,Purchase,1877.4,ATM,Success,INR
T004894,A00141,M0066,2024-10-08 05:18:41,Withdrawal,133.49,UPI,Success,INR
T004895,A00108,M0072,2025-03-16 01:31:33,Bill_Payment,460.7,NetBanking,Success,INR
T004896,A00303,M0036,2024-10-19 18:50:18,Purchase,103.02,NetBanking,Success,INR
T004897,A00265,M0074,2024-01-07 00:23:51,Bill_Payment,524.3,UPI,Success,INR
T004898,A00447,M0007,2025-09-30 16:47:49,Purchase,678.75,Card,Success,INR
T004899,A00290,M0100,2024-04-01 17:17:21,Bill_Payment,987.4,Card,Success,INR
T004900,A00209,M0016,2024-07-08 12:34:54,Purchase,467.33,UPI,Success,INR
T004901,A00413,M0014,2025-04-20 23:55:27,Purchase,798.56,NetBanking,Success,INR
T004902,A00165,M0080,2025-05-25 03:09:11,Transfer,688.07,NetBanking,Success,INR
T004903,A00427,M0025,2025-04-06 09:01:23,Bill_Payment,1496.48,Wallet,Success,INR
T004904,A00342,M0004,2024-02-22 08:39:55,Purchase,2171.59,Card,Success,INR
T004905,A00371,M0029,2025-04-30 06:18:55,Withdrawal,1329.8,UPI,Pending,INR
T004906,A00320,M0056,2025-10-05 04:13:23,Withdrawal,1933.87,NetBanking,Success,INR
T004907,A00152,M0006,2025-05-04 01:06:14,Purchase,1302.13,Card,Success,INR
T004908,A00290,M0001,2024-12-29 23:40:22,Purchase,3191.68,Card,Success,INR
T004909,A00432,M0039,2024-04-21 11:01:53,Transfer,5870.72,NetBanking,Success,INR
T004910,A00268,M0001,2025-02-12 03:30:36,Purchase,121.31,Wallet,Failed,INR
T004911,A00151,M0063,2024-01-07 09:44:30,Withdrawal,3040.83,UPI,Success,INR
T004912,A00207,M0057,2025-10-29 08:05:23,Bill_Payment,343.56,UPI,Success,INR
T004913,A00255,M0067,2024-07-15 08:50:12,Withdrawal,1296.23,Card,Failed,INR
T004914,A00353,M0065,2025-01-01 07:59:20,Refund,1387.45,Card,Success,INR
T004915,A00377,M0065,2024-09-06 01:22:46,Purchase,1896.17,Card,Success,INR
T004916,A00141,M0021,2025-08-17 23:19:22,Purchase,1047.5,UPI,Success,INR
T004917,A00343,M0030,2024-08-27 22:08:18,Bill_Payment,1091.83,UPI,Success,INR
T004918,A00358,M0096,2025-01-14 04:27:38,Bill_Payment,1493.77,UPI,Success,INR
T004919,A00096,M0033,2025-04-15 11:31:22,Purchase,803.09,Card,Success,INR
T004920,A00429,M0048,2025-12-01 00:49:58,Purchase,198.44,UPI,Success,INR
T004921,A00370,M0022,2025-03-30 17:01:05,Bill_Payment,1094.9,Card,Success,INR
T004922,A00227,M0094,2024-12-31 18:27:25,Purchase,558.95,ATM,Success,INR
T004923,A00193,M0054,2024-10-16 09:37:28,Purchase,517.57,UPI,Success,INR
T004924,A00303,M0004,2025-02-06 16:50:23,Transfer,474.18,UPI,Success,INR
T004925,A00314,M0087,2024-02-27 21:40:33,Refund,186.02,UPI,Success,INR
T004926,A00389,M0055,2025-06-04 23:28:00,Withdrawal,765.32,UPI,Success,INR
T004927,A00377,M0044,2024-10-30 02:05:27,Withdrawal,1097.42,UPI,Success,INR
T004928,A00118,M0089,2024-04-24 00:51:12,Purchase,2189.02,Card,Success,INR
T004929,A00005,M0012,2024-07-28 03:20:18,Transfer,644.42,Card,Success,INR
T004930,A00444,M0081,2024-02-10 08:14:12,Purchase,4535.84,UPI,Success,INR
T004931,A00352,M0079,2024-06-21 01:14:36,Refund,1854.52,NetBanking,Success,INR
T004932,A00243,M0074,2024-08-21 07:38:02,Transfer,399.82,Wallet,Success,INR
T004933,A00021,M0099,2025-08-12 17:21:53,Transfer,706.66,UPI,Failed,INR
T004934,A00152,M0052,2025-09-11 04:30:19,Bill_Payment,6764.13,NetBanking,Success,INR
T004935,A00128,M0093,2025-02-06 08:27:28,Purchase,2173.2,UPI,Success,INR
T004936,A00124,M0076,2024-02-08 22:11:43,Refund,682.53,UPI,Success,INR
T004937,A00146,M0065,2024-04-28 06:58:40,Purchase,2448.89,Card,Success,INR
T004938,A00277,M0065,2024-11-30 01:54:15,Purchase,352.45,UPI,Success,INR
T004939,A00310,M0010,2024-12-01 15:42:33,Purchase,666.87,UPI,Failed,INR
T004940,A00394,M0018,2025-06-22 19:03:53,Bill_Payment,134.7,UPI,Success,INR
T004941,A00152,M0047,2025-09-07 12:23:05,Bill_Payment,1888.12,Wallet,Success,INR
T004942,A00360,M0066,2024-03-14 23:43:45,Purchase,384.14,UPI,Success,INR
T004943,A00111,M0049,2024-07-09 00:18:04,Purchase,1019.92,NetBanking,Success,INR
T004944,A00116,M0072,2024-11-19 06:05:44,Bill_Payment,272.66,NetBanking,Failed,INR
T004945,A00188,M0022,2024-05-26 09:25:21,Purchase,1313.4,UPI,Success,INR
T004946,A00057,M0086,2024-10-10 17:01:22,Transfer,1025.83,UPI,Success,INR
T004947,A00251,M0026,2024-07-31 14:16:37,Transfer,291.07,UPI,Success,INR
T004948,A00384,M0090,2025-09-26 05:01:10,Bill_Payment,713.65,UPI,Success,INR
T004949,A00407,M0009,2025-12-18 15:16:27,Transfer,1236.3,UPI,Success,INR
T004950,A00150,M0021,2025-01-28 15:44:50,Purchase,1637.07,UPI,Success,INR
T004951,A00162,M0095,2024-12-04 16:58:54,Refund,4559.51,UPI,Success,INR
T004952,A00120,M0063,2024-01-22 16:30:39,Purchase,3281.6,UPI,Success,INR
T004953,A00070,M0006,2024-04-14 08:44:49,Purchase,586.67,Card,Success,INR
T004954,A00412,M0014,2025-04-10 06:26:18,Purchase,580.26,UPI,Success,INR
T004955,A00351,M0033,2025-04-03 21:56:59,Refund,302.6,Wallet,Success,INR
T004956,A00099,M0071,2025-03-07 16:05:56,Withdrawal,441.97,UPI,Success,INR
T004957,A00167,M0024,2025-12-16 13:16:42,Purchase,2378.3,Card,Success,INR
T004958,A00298,M0073,2025-09-10 17:26:18,Withdrawal,262.38,Wallet,Pending,INR
T004959,A00151,M0075,2024-08-08 16:01:59,Purchase,953.91,UPI,Success,INR
T004960,A00326,M0087,2025-01-13 09:19:33,Refund,835.98,Card,Success,INR
T004961,A00002,M0051,2024-08-09 09:21:28,Purchase,554.43,Card,Failed,INR
T004962,A00152,M0002,2024-09-14 12:54:35,Withdrawal,339.65,Wallet,Success,INR
T004963,A00401,M0015,2025-12-13 14:04:57,Transfer,199.35,Card,Success,INR
T004964,A00365,M0035,2025-01-01 09:26:18,Purchase,342.41,UPI,Success,INR
T004965,A00065,M0036,2024-12-14 08:14:37,Bill_Payment,1017.6,NetBanking,Success,INR
T004966,A00326,M0092,2024-08-12 22:39:00,Purchase,1877.87,Card,Success,INR
T004967,A00069,M0039,2025-12-14 02:51:12,Transfer,4678.53,UPI,Success,INR
T004968,A00121,M0004,2024-08-23 01:43:32,Withdrawal,1481.83,NetBanking,Success,INR
T004969,A00109,M0064,2024-07-01 05:51:11,Transfer,1869.64,Card,Success,INR
T004970,A00316,M0074,2025-12-12 20:53:56,Purchase,4662.91,UPI,Success,INR
T004971,A00247,M0006,2025-03-19 04:48:17,Refund,1486.97,Wallet,Success,INR
T004972,A00434,M0057,2025-09-14 14:25:32,Purchase,2656.52,UPI,Success,INR
T004973,A00093,M0030,2024-01-06 15:48:04,Transfer,779.28,Card,Success,INR
T004974,A00268,M0099,2024-08-23 07:57:05,Withdrawal,2098.81,UPI,Success,INR
T004975,A00103,M0074,2024-05-06 08:00:31,Bill_Payment,1324.77,Wallet,Success,INR
T004976,A00431,M0096,2024-04-13 15:41:18,Transfer,882.13,Card,Success,INR
T004977,A00112,M0067,2025-04-24 17:28:29,Purchase,4413.76,Card,Success,INR
T004978,A00321,M0090,2024-06-03 08:09:27,Bill_Payment,371.38,ATM,Success,INR
T004979,A00411,M0015,2024-09-13 12:43:33,Purchase,505.77,UPI,Success,INR
T004980,A00304,M0017,2024-08-22 05:35:21,Purchase,3164.8,UPI,Success,INR
T004981,A00344,M0091,2025-05-14 09:52:27,Bill_Payment,2628.15,Card,Success,INR
T004982,A00062,M0018,2024-10-15 17:40:42,Transfer,1109.24,UPI,Success,INR
T004983,A00300,M0019,2025-05-24 06:55:14,Purchase,1488.8,Card,Success,INR
T004984,A00403,M0076,2025-07-05 04:46:18,Transfer,1746.98,Card,Success,INR
T004985,A00443,M0088,2025-12-09 18:40:58,Purchase,1523.12,Card,Success,INR
T004986,A00136,M0069,2025-07-22 22:03:41,Purchase,1362.45,UPI,Success,INR
T004987,A00055,M0024,2024-10-24 16:49:23,Purchase,514.7,Wallet,Success,INR
T004988,A00108,M0091,2025-09-01 13:54:10,Withdrawal,3342.28,Card,Success,INR
T004989,A00303,M0048,2024-05-16 17:23:27,Withdrawal,912.65,Wallet,Success,INR
T004990,A00258,M0030,2025-01-10 18:13:58,Transfer,449.65,Wallet,Success,INR
T004991,A00253,M0015,2024-03-27 03:41:02,Purchase,1237.3,UPI,Success,INR
T004992,A00222,M0047,2025-02-22 02:04:13,Withdrawal,1493.52,Card,Success,INR
T004993,A00369,M0044,2024-07-17 12:32:54,Purchase,1565.28,UPI,Success,INR
T004994,A00167,M0098,2025-04-07 21:36:00,Transfer,2632.02,NetBanking,Success,INR
T004995,A00429,M0027,2025-03-12 01:42:52,Bill_Payment,779.13,NetBanking,Success,INR
T004996,A00160,M0084,2024-11-05 21:19:48,Purchase,1034.17,UPI,Success,INR
T004997,A00449,M0064,2025-08-18 04:58:38,Transfer,513.09,Wallet,Success,INR
T004998,A00166,M0041,2024-10-07 01:59:57,Refund,1353.36,Card,Failed,INR
T004999,A00205,M0096,2024-11-18 03:47:57,Purchase,506.34,Wallet,Success,INR
T005000,A00267,M0068,2025-12-02 03:03:59,Transfer,644.89,UPI,Success,INR
